  gt#
# A fatal error has been detected by the Java Runtime Environment:
#
#  EXCEPTION_ACCESS_VIOLATION (0xc0000005) at pc=0x00007fff9749db36, pid=2660, tid=1292
#
# JRE version: OpenJDK Runtime Environment (21.0.10) (build 21.0.10+-14961533-b1163.108)
# Java VM: OpenJDK 64-Bit Server VM (21.0.10+-14961533-b1163.108, mixed mode, tiered, compressed oops, compressed class ptrs, g1 gc, windows-amd64)
# Problematic frame:
# V  [jvm.dll+0x68db36]
#
# No core dump will be written. Minidumps are not enabled by default on client versions of Windows
#
# If you would like to submit a bug report, please visit:
#   https://youtrack.jetbrains.com/issues/JBR
#

---------------  S U M M A R Y ------------

Command Line: --add-opens=java.base/java.lang=ALL-UNNAMED --add-opens=java.base/java.lang.invoke=ALL-UNNAMED --add-opens=java.base/java.util=ALL-UNNAMED --add-opens=java.prefs/java.util.prefs=ALL-UNNAMED --add-exports=jdk.compiler/com.sun.tools.javac.api=ALL-UNNAMED --add-exports=jdk.compiler/com.sun.tools.javac.util=ALL-UNNAMED --add-opens=java.base/java.util=ALL-UNNAMED --add-opens=java.prefs/java.util.prefs=ALL-UNNAMED --add-opens=java.base/java.nio.charset=ALL-UNNAMED --add-opens=java.base/java.net=ALL-UNNAMED --add-opens=java.base/java.util.concurrent.atomic=ALL-UNNAMED --add-opens=java.xml/javax.xml.namespace=ALL-UNNAMED -Xmx2048m -Dfile.encoding=UTF-8 -Duser.country=GB -Duser.language=en -Duser.variant -javaagent:C:\Users\pc\.gradle\wrapper\dists\gradle-8.13-bin\5xuhj0ry160q40clulazy9h7d\gradle-8.13\lib\agents\gradle-instrumentation-agent-8.13.jar org.gradle.launcher.daemon.bootstrap.GradleDaemon 8.13

Host: 13th Gen Intel(R) Core(TM) i5-13600K, 20 cores, 15G,  Windows 11 , 64 bit Build 22621 (10.0.22621.5415)
Time: Sat Apr 18 00:30:05 2026 Bangladesh Standard Time elapsed time: 5.298604 seconds (0d 0h 0m 5s)

---------------  T H R E A D  ---------------

Current thread (0x000001ccc9843b90):  WorkerThread "GC Thread#7"    [id=1292, stack(0x000000c567b00000,0x000000c567c00000) (1024K)]

Stack: [0x000000c567b00000,0x000000c567c00000],  sp=0x000000c567bffbb0,  free space=1022k
Native frames: (J=compiled Java code, j=interpreted, Vv=VM code, C=native code)
V  [jvm.dll+0x68db36]
V  [jvm.dll+0x68d9f0]
V  [jvm.dll+0x3c3988]
V  [jvm.dll+0x6e4922]
V  [jvm.dll+0x35c4f2]
V  [jvm.dll+0x8944e4]
V  [jvm.dll+0x80fd28]
V  [jvm.dll+0x6d60fd]
C  [ucrtbase.dll+0x29333]
C  [KERNEL32.DLL+0x1259d]
C  [ntdll.dll+0x5af78]


siginfo: EXCEPTION_ACCESS_VIOLATION (0xc0000005), reading address 0x000000000000009c


Registers:
RAX=0x000001cccab31528, RBX=0x000001ccc8ecbf90, RCX=0x0000000000000004, RDX=0x0000000000000000
RSP=0x000000c567bffbb0, RBP=0x0000000000000000, RSI=0x0000000000000002, RDI=0x0000000000000000
R8 =0x0000000000000003, R9 =0x000001cccfaf29d0, R10=0x000001ccb45ebc02, R11=0x000000c567bffb68
R12=0x000001ccc8ecbf20, R13=0x000001ccc8ecc2f8, R14=0x0000000000000000, R15=0x000001ccc8ecbf10
RIP=0x00007fff9749db36, EFLAGS=0x0000000000010246

XMM[0]=0x00007fff9768ab00 0x000000c500000002
XMM[1]=0x000001ccae193d50 0x0000000000000000
XMM[2]=0x0000000000000000 0x0000000000000000
XMM[3]=0x0000000000000000 0x0000000000000000
XMM[4]=0x0000000000000000 0x0000000000000000
XMM[5]=0x0000000000000000 0x0000000000000000
XMM[6]=0x0000000000000000 0x0000000000000000
XMM[7]=0x0000000000000000 0x0000000000000000
XMM[8]=0x0000000000000000 0x0000000000000000
XMM[9]=0x0000000000000000 0x0000000000000000
XMM[10]=0x0000000000000000 0x0000000000000000
XMM[11]=0x0000000000000000 0x0000000000000000
XMM[12]=0x0000000000000000 0x0000000000000000
XMM[13]=0x0000000000000000 0x0000000000000000
XMM[14]=0x0000000000000000 0x0000000000000000
XMM[15]=0x0000000000000000 0x0000000000000000
  MXCSR=0x00001fa0


Register to memory mapping:

RAX=0x000001cccab31528 is pointing into metadata
RBX=0x000001ccc8ecbf90 points into unknown readable memory: 0x00007fff9775e980 | 80 e9 75 97 ff 7f 00 00
RCX=0x0000000000000004 is an unknown value
RDX=0x0 is null
RSP=0x000000c567bffbb0 points into unknown readable memory: 0x000001cccab31528 | 28 15 b3 ca cc 01 00 00
RBP=0x0 is null
RSI=0x0000000000000002 is an unknown value
RDI=0x0 is null
R8 =0x0000000000000003 is an unknown value
R9 =0x000001cccfaf29d0 points into unknown readable memory: 0x0000000800000002 | 02 00 00 00 08 00 00 00
R10=0x000001ccb45ebc02 is at entry_point+-222 in (nmethod*)0x000001ccb45eb990
Compiled method (c1) 5306 9760   !   3       org.gradle.internal.operations.notify.BuildOperationNotificationBridge$Adapter::finished (116 bytes)
 total in heap  [0x000001ccb45eb990,0x000001ccb45ed810] = 7808
 relocation     [0x000001ccb45ebaf0,0x000001ccb45ebcd0] = 480
 main code      [0x000001ccb45ebce0,0x000001ccb45ecfb8] = 4824
 stub code      [0x000001ccb45ecfb8,0x000001ccb45ed098] = 224
 oops           [0x000001ccb45ed098,0x000001ccb45ed0b8] = 32
 metadata       [0x000001ccb45ed0b8,0x000001ccb45ed190] = 216
 scopes data    [0x000001ccb45ed190,0x000001ccb45ed488] = 760
 scopes pcs     [0x000001ccb45ed488,0x000001ccb45ed758] = 720
 dependencies   [0x000001ccb45ed758,0x000001ccb45ed790] = 56
 handler table  [0x000001ccb45ed790,0x000001ccb45ed7c0] = 48
 nul chk table  [0x000001ccb45ed7c0,0x000001ccb45ed810] = 80
R11=0x000000c567bffb68 points into unknown readable memory: 0x00007fff96ed0d03 | 03 0d ed 96 ff 7f 00 00
R12=0x000001ccc8ecbf20 points into unknown readable memory: 0x00007fff9775e700 | 00 e7 75 97 ff 7f 00 00
R13=0x000001ccc8ecc2f8 points into unknown readable memory: 0x0000000000000000 | 00 00 00 00 00 00 00 00
R14=0x0 is null
R15=0x000001ccc8ecbf10 points into unknown readable memory: 0x0000000000000000 | 00 00 00 00 00 00 00 00

Top of Stack: (sp=0x000000c567bffbb0)
0x000000c567bffbb0:   000001cccab31528 000001cccab31300
0x000000c567bffbc0:   000001ccc8ecbf10 0000000000000000
0x000000c567bffbd0:   0000000000000000 00007fff9749d9f0
0x000000c567bffbe0:   000001cccab31300 00000000000001f0
0x000000c567bffbf0:   000001cccfaf29d0 000001ccc8ecbf90
0x000000c567bffc00:   00007fff977d22c0 00007fff97032e00
0x000000c567bffc10:   00000000000003d8 0000000000000000
0x000000c567bffc20:   0000000000000000 0000000000000000
0x000000c567bffc30:   0000000000000000 00007fff971d3988
0x000000c567bffc40:   00000000000003d8 000001cccab31300
0x000000c567bffc50:   000000010009ec50 000001ccc8ecbf10
0x000000c567bffc60:   000001ccc8ecc2f8 000001cccfaf29d0
0x000000c567bffc70:   000001ccc8ecbf10 000001ccc8ecbf20
0x000000c567bffc80:   000000c565ffedb0 00007fff974f4922
0x000000c567bffc90:   0000bbf4d0588ab7 0000000000000001
0x000000c567bffca0:   0000000000000030 0000000000000034
0x000000c567bffcb0:   0000000000000030 0000000000000034
0x000000c567bffcc0:   000000000000000c 00007fff9716c4f2
0x000000c567bffcd0:   000000c565ffed70 000001ccc9843b90
0x000000c567bffce0:   000001cccfb24800 000000000000000c
0x000000c567bffcf0:   000000000000000c 00007fff976a44e4
0x000000c567bffd00:   000001ccb0558138 000001ccc9843b90
0x000000c567bffd10:   000001cccfb24800 000000000000000c
0x000000c567bffd20:   0000000000000000 000001ccc9843b90
0x000000c567bffd30:   0000000000100000 0000000000000000
0x000000c567bffd40:   0000000000000000 00007fff9761fd28
0x000000c567bffd50:   000001ccc9843b90 00000000ffffffff
0x000000c567bffd60:   000000c567bff000 000000c567b00000
0x000000c567bffd70:   0000000000000004 0000000000001000
0x000000c567bffd80:   0000000400001000 0000000000020000
0x000000c567bffd90:   0000000000000000 00007fff976204ca
0x000000c567bffda0:   000001ccc9843b90 0000000000000000 

Instructions: (pc=0x00007fff9749db36)
0x00007fff9749da36:   48 8d 8e 08 01 00 00 48 03 c8 e8 1b 0d 00 00 48
0x00007fff9749da46:   8b c8 48 8b d8 48 8b 10 ff 52 68 33 c9 84 c0 48
0x00007fff9749da56:   0f 45 cb 48 85 c9 74 0d 48 8b 01 41 0f b6 d6 ff
0x00007fff9749da66:   90 80 00 00 00 48 8d 05 4e 48 33 00 44 88 74 24
0x00007fff9749da76:   28 48 8d 54 24 20 48 89 44 24 20 48 8b ce e8 87
0x00007fff9749da86:   fc ff ff 49 83 3f 00 74 13 48 8b d7 48 8b cd e8
0x00007fff9749da96:   76 34 a3 ff 49 8b cf e8 4e 34 a3 ff 4c 39 65 18
0x00007fff9749daa6:   74 0c 4c 89 7d 10 4c 89 65 18 4c 89 6d 20 48 8b
0x00007fff9749dab6:   5c 24 68 48 8b 6c 24 70 48 8b 74 24 78 48 83 c4
0x00007fff9749dac6:   30 41 5f 41 5e 41 5d 41 5c 5f c3 cc cc cc cc cc
0x00007fff9749dad6:   cc cc cc cc cc cc cc cc cc cc 48 89 5c 24 10 48
0x00007fff9749dae6:   89 6c 24 18 48 89 7c 24 20 41 56 48 83 ec 20 45
0x00007fff9749daf6:   33 f6 0f b6 ea 44 39 35 56 f9 4a 00 48 8b d9 41
0x00007fff9749db06:   8b fe 0f 86 80 00 00 00 48 89 74 24 30 be 02 00
0x00007fff9749db16:   00 00 0f 1f 84 00 00 00 00 00 48 8b 43 08 48 63
0x00007fff9749db26:   ce 48 8b 4c c8 08 48 85 c9 74 4b 40 84 ed 75 10
0x00007fff9749db36:   48 8b 89 98 00 00 00 e8 1e 53 b9 ff 84 c0 75 36
0x00007fff9749db46:   48 8b 43 08 4c 89 70 08 48 63 c7 48 8d 0c 00 48
0x00007fff9749db56:   8b 43 08 4c 89 74 c8 18 48 8b 43 08 4c 89 74 c8
0x00007fff9749db66:   20 48 8b cb 48 8b 03 ff 50 28 84 c0 75 08 48 8b
0x00007fff9749db76:   43 08 4c 89 70 10 ff c7 83 c6 02 3b 3d d1 f8 4a
0x00007fff9749db86:   00 72 97 48 8b 74 24 30 48 8b 5c 24 38 48 8b 6c
0x00007fff9749db96:   24 40 48 8b 7c 24 48 48 83 c4 20 41 5e c3 cc cc
0x00007fff9749dba6:   cc cc cc cc cc cc cc cc cc cc 48 89 5c 24 08 57
0x00007fff9749dbb6:   48 83 ec 20 48 8b 01 48 8b f9 4c 63 49 08 4c 8b
0x00007fff9749dbc6:   40 08 4b 8b 5c c8 08 48 8b cb 48 83 e1 fc 74 27
0x00007fff9749dbd6:   84 d2 75 10 48 8b 89 98 00 00 00 e8 7a 52 b9 ff
0x00007fff9749dbe6:   84 c0 75 13 48 8b 07 83 e3 03 48 63 57 08 48 8b
0x00007fff9749dbf6:   48 08 48 89 5c d1 08 48 8b 5c 24 30 48 83 c4 20
0x00007fff9749dc06:   5f c3 cc cc cc cc cc cc cc cc 48 89 5c 24 18 48
0x00007fff9749dc16:   89 7c 24 20 41 56 48 83 ec 20 33 db 44 0f b6 f2
0x00007fff9749dc26:   48 8b f9 39 59 10 7e 6f 48 89 6c 24 30 48 89 74 


Stack slot to memory mapping:

stack at sp + 0 slots: 0x000001cccab31528 is pointing into metadata
stack at sp + 1 slots: 0x000001cccab31300 is pointing into metadata
stack at sp + 2 slots: 0x000001ccc8ecbf10 points into unknown readable memory: 0x0000000000000000 | 00 00 00 00 00 00 00 00
stack at sp + 3 slots: 0x0 is null
stack at sp + 4 slots: 0x0 is null
stack at sp + 5 slots: 0x00007fff9749d9f0 jvm.dll
stack at sp + 6 slots: 0x000001cccab31300 is pointing into metadata
stack at sp + 7 slots: 0x00000000000001f0 is an unknown value


---------------  P R O C E S S  ---------------

Threads class SMR info:
_java_thread_list=0x000001ccd148f970, length=89, elements={
0x000001ccb0550020, 0x000001ccc8dad5e0, 0x000001ccc8dbddf0, 0x000001ccc8dbe560,
0x000001ccc8dbffd0, 0x000001ccc8de99a0, 0x000001ccc8dec020, 0x000001ccc8deca80,
0x000001ccc8ded810, 0x000001ccc8df62c0, 0x000001ccc8fa7970, 0x000001ccc8fba1b0,
0x000001ccc92ab7f0, 0x000001ccc994fe70, 0x000001cccfb19cb0, 0x000001cccfb120a0,
0x000001ccce98c290, 0x000001cccfa88070, 0x000001cccfc94250, 0x000001cccfb280e0,
0x000001cccfa830e0, 0x000001cccfcf6910, 0x000001cccfcf6fa0, 0x000001cccfcf7630,
0x000001cccfcf7cc0, 0x000001cccfcf8350, 0x000001cccfcf4ed0, 0x000001cccfcf5560,
0x000001cccfcf5bf0, 0x000001ccd0770180, 0x000001ccd0770810, 0x000001ccd076cd00,
0x000001ccd076edd0, 0x000001ccd076e740, 0x000001ccd076f460, 0x000001ccd076ac30,
0x000001ccd076b2c0, 0x000001ccd076c670, 0x000001ccd0770ea0, 0x000001ccd0771bc0,
0x000001ccd0771530, 0x000001ccd076d390, 0x000001ccd076da20, 0x000001ccd076faf0,
0x000001ccd0772250, 0x000001ccd076b950, 0x000001ccd076bfe0, 0x000001ccd076e0b0,
0x000001ccd0925770, 0x000001ccd0923010, 0x000001ccd0923d30, 0x000001ccd0192890,
0x000001ccd0215ca0, 0x000001ccd182a660, 0x000001ccd0925e00, 0x000001ccd0920220,
0x000001ccd09222f0, 0x000001ccd09243c0, 0x000001ccd091f500, 0x000001ccd09208b0,
0x000001ccd09250e0, 0x000001ccd09215d0, 0x000001ccd07b5c90, 0x000001ccd07b4150,
0x000001ccd5bb5be0, 0x000001ccd5bb4830, 0x000001ccd5bb7620, 0x000001ccd5bb5550,
0x000001ccd5bb7cb0, 0x000001ccd0924a50, 0x000001ccd0921c60, 0x000001ccd0922980,
0x000001ccd0926b20, 0x000001ccd1920300, 0x000001ccd19223d0, 0x000001ccd07b3a80,
0x000001ccd191dba0, 0x000001ccd191e230, 0x000001ccd191ef50, 0x000001ccd191e8c0,
0x000001ccd191fc70, 0x000001ccd191f5e0, 0x000001ccd1920990, 0x000001ccd1922a60,
0x000001ccd1921020, 0x000001ccd1921d40, 0x000001ccd191ce80, 0x000001ccd19216b0,
0x000001ccd07b4ef0
}

Java Threads: ( => current thread )
  0x000001ccb0550020 JavaThread "main"                              [_thread_blocked, id=2496, stack(0x000000c565800000,0x000000c565900000) (1024K)]
  0x000001ccc8dad5e0 JavaThread "Common-Cleaner"             daemon [_thread_blocked, id=2688, stack(0x000000c566000000,0x000000c566100000) (1024K)]
  0x000001ccc8dbddf0 JavaThread "Reference Handler"          daemon [_thread_blocked, id=7128, stack(0x000000c566100000,0x000000c566200000) (1024K)]
  0x000001ccc8dbe560 JavaThread "Finalizer"                  daemon [_thread_blocked, id=10944, stack(0x000000c566200000,0x000000c566300000) (1024K)]
  0x000001ccc8dbffd0 JavaThread "Signal Dispatcher"          daemon [_thread_blocked, id=3164, stack(0x000000c566300000,0x000000c566400000) (1024K)]
  0x000001ccc8de99a0 JavaThread "Attach Listener"            daemon [_thread_blocked, id=1936, stack(0x000000c566400000,0x000000c566500000) (1024K)]
  0x000001ccc8dec020 JavaThread "Service Thread"             daemon [_thread_blocked, id=8376, stack(0x000000c566500000,0x000000c566600000) (1024K)]
  0x000001ccc8deca80 JavaThread "Monitor Deflation Thread"   daemon [_thread_blocked, id=8472, stack(0x000000c566600000,0x000000c566700000) (1024K)]
  0x000001ccc8ded810 JavaThread "C2 CompilerThread0"         daemon [_thread_in_native, id=1700, stack(0x000000c566700000,0x000000c566800000) (1024K)]
  0x000001ccc8df62c0 JavaThread "C1 CompilerThread0"         daemon [_thread_blocked, id=5344, stack(0x000000c566800000,0x000000c566900000) (1024K)]
  0x000001ccc8fa7970 JavaThread "C1 CompilerThread1"         daemon [_thread_blocked, id=12992, stack(0x000000c566900000,0x000000c566a00000) (1024K)]
  0x000001ccc8fba1b0 JavaThread "C1 CompilerThread2"         daemon [_thread_blocked, id=14260, stack(0x000000c566a00000,0x000000c566b00000) (1024K)]
  0x000001ccc92ab7f0 JavaThread "Notification Thread"        daemon [_thread_blocked, id=8920, stack(0x000000c566b00000,0x000000c566c00000) (1024K)]
  0x000001ccc994fe70 JavaThread "C1 CompilerThread3"         daemon [_thread_blocked, id=4820, stack(0x000000c567400000,0x000000c567500000) (1024K)]
  0x000001cccfb19cb0 JavaThread "Daemon health stats"               [_thread_blocked, id=16056, stack(0x000000c567500000,0x000000c567600000) (1024K)]
  0x000001cccfb120a0 JavaThread "Incoming local TCP Connector on port 51496"        [_thread_in_native, id=13800, stack(0x000000c567600000,0x000000c567700000) (1024K)]
  0x000001ccce98c290 JavaThread "Daemon periodic checks"            [_thread_blocked, id=15960, stack(0x000000c567700000,0x000000c567800000) (1024K)]
  0x000001cccfa88070 JavaThread "Daemon"                            [_thread_blocked, id=15928, stack(0x000000c567800000,0x000000c567900000) (1024K)]
  0x000001cccfc94250 JavaThread "Handler for socket connection from /127.0.0.1:51496 to /127.0.0.1:51497"        [_thread_in_native, id=16016, stack(0x000000c567900000,0x000000c567a00000) (1024K)]
  0x000001cccfb280e0 JavaThread "Cancel handler"                    [_thread_blocked, id=16040, stack(0x000000c568500000,0x000000c568600000) (1024K)]
  0x000001cccfa830e0 JavaThread "Daemon worker"                     [_thread_blocked, id=16008, stack(0x000000c568600000,0x000000c568700000) (1024K)]
  0x000001cccfcf6910 JavaThread "Asynchronous log dispatcher for DefaultDaemonConnection: socket connection from /127.0.0.1:51496 to /127.0.0.1:51497"        [_thread_blocked, id=15932, stack(0x000000c568700000,0x000000c568800000) (1024K)]
  0x000001cccfcf6fa0 JavaThread "Stdin handler"                     [_thread_blocked, id=15924, stack(0x000000c568800000,0x000000c568900000) (1024K)]
  0x000001cccfcf7630 JavaThread "Daemon client event forwarder"        [_thread_blocked, id=15968, stack(0x000000c568900000,0x000000c568a00000) (1024K)]
  0x000001cccfcf7cc0 JavaThread "Cache worker for journal cache (C:\Users\pc\.gradle\caches\journal-1)"        [_thread_blocked, id=1960, stack(0x000000c568a00000,0x000000c568b00000) (1024K)]
  0x000001cccfcf8350 JavaThread "File lock request listener"        [_thread_in_native, id=15732, stack(0x000000c568b00000,0x000000c568c00000) (1024K)]
  0x000001cccfcf4ed0 JavaThread "Cache worker for file hash cache (C:\Users\pc\.gradle\caches\8.13\fileHashes)"        [_thread_blocked, id=6492, stack(0x000000c568c00000,0x000000c568d00000) (1024K)]
  0x000001cccfcf5560 JavaThread "Cache worker for file hash cache (C:\Users\pc\StudioProjects\Trust-Money-Android-App\.gradle\8.13\fileHashes)"        [_thread_blocked, id=3268, stack(0x000000c568e00000,0x000000c568f00000) (1024K)]
  0x000001cccfcf5bf0 JavaThread "Cache worker for Build Output Cleanup Cache (C:\Users\pc\StudioProjects\Trust-Money-Android-App\.gradle\buildOutputCleanup)"        [_thread_blocked, id=16032, stack(0x000000c568f00000,0x000000c569000000) (1024K)]
  0x000001ccd0770180 JavaThread "File watcher server"        daemon [_thread_in_native, id=14700, stack(0x000000c569000000,0x000000c569100000) (1024K)]
  0x000001ccd0770810 JavaThread "File watcher consumer"      daemon [_thread_blocked, id=14696, stack(0x000000c569100000,0x000000c569200000) (1024K)]
  0x000001ccd076cd00 JavaThread "jar transforms"                    [_thread_blocked, id=14684, stack(0x000000c566c00000,0x000000c566d00000) (1024K)]
  0x000001ccd076edd0 JavaThread "jar transforms Thread 2"           [_thread_blocked, id=14520, stack(0x000000c566d00000,0x000000c566e00000) (1024K)]
  0x000001ccd076e740 JavaThread "jar transforms Thread 3"           [_thread_blocked, id=16044, stack(0x000000c566e00000,0x000000c566f00000) (1024K)]
  0x000001ccd076f460 JavaThread "jar transforms Thread 4"           [_thread_blocked, id=16220, stack(0x000000c569200000,0x000000c569300000) (1024K)]
  0x000001ccd076ac30 JavaThread "jar transforms Thread 5"           [_thread_blocked, id=15088, stack(0x000000c569300000,0x000000c569400000) (1024K)]
  0x000001ccd076b2c0 JavaThread "jar transforms Thread 6"           [_thread_blocked, id=15752, stack(0x000000c569400000,0x000000c569500000) (1024K)]
  0x000001ccd076c670 JavaThread "jar transforms Thread 7"           [_thread_blocked, id=14864, stack(0x000000c569500000,0x000000c569600000) (1024K)]
  0x000001ccd0770ea0 JavaThread "jar transforms Thread 8"           [_thread_blocked, id=16036, stack(0x000000c569600000,0x000000c569700000) (1024K)]
  0x000001ccd0771bc0 JavaThread "jar transforms Thread 9"           [_thread_blocked, id=13968, stack(0x000000c569700000,0x000000c569800000) (1024K)]
  0x000001ccd0771530 JavaThread "jar transforms Thread 10"          [_thread_blocked, id=13764, stack(0x000000c569800000,0x000000c569900000) (1024K)]
  0x000001ccd076d390 JavaThread "jar transforms Thread 11"          [_thread_blocked, id=15828, stack(0x000000c569900000,0x000000c569a00000) (1024K)]
  0x000001ccd076da20 JavaThread "jar transforms Thread 12"          [_thread_blocked, id=13584, stack(0x000000c569a00000,0x000000c569b00000) (1024K)]
  0x000001ccd076faf0 JavaThread "jar transforms Thread 13"          [_thread_blocked, id=1068, stack(0x000000c569b00000,0x000000c569c00000) (1024K)]
  0x000001ccd0772250 JavaThread "jar transforms Thread 14"          [_thread_blocked, id=5240, stack(0x000000c569c00000,0x000000c569d00000) (1024K)]
  0x000001ccd076b950 JavaThread "jar transforms Thread 15"          [_thread_blocked, id=9932, stack(0x000000c569d00000,0x000000c569e00000) (1024K)]
  0x000001ccd076bfe0 JavaThread "jar transforms Thread 16"          [_thread_blocked, id=432, stack(0x000000c569e00000,0x000000c569f00000) (1024K)]
  0x000001ccd076e0b0 JavaThread "jar transforms Thread 17"          [_thread_blocked, id=12468, stack(0x000000c569f00000,0x000000c56a000000) (1024K)]
  0x000001ccd0925770 JavaThread "jar transforms Thread 18"          [_thread_blocked, id=15996, stack(0x000000c56a000000,0x000000c56a100000) (1024K)]
  0x000001ccd0923010 JavaThread "jar transforms Thread 19"          [_thread_blocked, id=16204, stack(0x000000c56a100000,0x000000c56a200000) (1024K)]
  0x000001ccd0923d30 JavaThread "jar transforms Thread 20"          [_thread_blocked, id=4180, stack(0x000000c56a200000,0x000000c56a300000) (1024K)]
  0x000001ccd0192890 JavaThread "C2 CompilerThread1"         daemon [_thread_blocked, id=14048, stack(0x000000c56a300000,0x000000c56a400000) (1024K)]
  0x000001ccd0215ca0 JavaThread "C2 CompilerThread2"         daemon [_thread_blocked, id=1672, stack(0x000000c56a400000,0x000000c56a500000) (1024K)]
  0x000001ccd182a660 JavaThread "C2 CompilerThread3"         daemon [_thread_blocked, id=14204, stack(0x000000c56a500000,0x000000c56a600000) (1024K)]
  0x000001ccd0925e00 JavaThread "Cache worker for checksums cache (C:\Users\pc\StudioProjects\Trust-Money-Android-App\.gradle\8.13\checksums)"        [_thread_blocked, id=6216, stack(0x000000c56a800000,0x000000c56a900000) (1024K)]
  0x000001ccd0920220 JavaThread "Cache worker for file content cache (C:\Users\pc\.gradle\caches\8.13\fileContent)"        [_thread_blocked, id=5028, stack(0x000000c56a900000,0x000000c56aa00000) (1024K)]
  0x000001ccd09222f0 JavaThread "Cache worker for cache directory md-supplier (C:\Users\pc\.gradle\caches\8.13\md-supplier)"        [_thread_blocked, id=5504, stack(0x000000c56aa00000,0x000000c56ab00000) (1024K)]
  0x000001ccd09243c0 JavaThread "Cache worker for cache directory md-rule (C:\Users\pc\.gradle\caches\8.13\md-rule)"        [_thread_blocked, id=11720, stack(0x000000c56ab00000,0x000000c56ac00000) (1024K)]
  0x000001ccd091f500 JavaThread "Unconstrained build operations"        [_thread_blocked, id=13376, stack(0x000000c56ac00000,0x000000c56ad00000) (1024K)]
  0x000001ccd09208b0 JavaThread "Unconstrained build operations Thread 2"        [_thread_blocked, id=15696, stack(0x000000c56ad00000,0x000000c56ae00000) (1024K)]
  0x000001ccd09250e0 JavaThread "Unconstrained build operations Thread 3"        [_thread_blocked, id=14920, stack(0x000000c56b000000,0x000000c56b100000) (1024K)]
  0x000001ccd09215d0 JavaThread "Unconstrained build operations Thread 4"        [_thread_blocked, id=14264, stack(0x000000c56b100000,0x000000c56b200000) (1024K)]
  0x000001ccd07b5c90 JavaThread "C2 CompilerThread4"         daemon [_thread_blocked, id=5236, stack(0x000000c56a600000,0x000000c56a700000) (1024K)]
  0x000001ccd07b4150 JavaThread "C2 CompilerThread5"         daemon [_thread_blocked, id=14916, stack(0x000000c56a700000,0x000000c56a800000) (1024K)]
  0x000001ccd5bb5be0 JavaThread "Unconstrained build operations Thread 5"        [_thread_blocked, id=15824, stack(0x000000c56ae00000,0x000000c56af00000) (1024K)]
  0x000001ccd5bb4830 JavaThread "Unconstrained build operations Thread 6"        [_thread_blocked, id=11420, stack(0x000000c56af00000,0x000000c56b000000) (1024K)]
  0x000001ccd5bb7620 JavaThread "Unconstrained build operations Thread 7"        [_thread_blocked, id=8484, stack(0x000000c56b200000,0x000000c56b300000) (1024K)]
  0x000001ccd5bb5550 JavaThread "Unconstrained build operations Thread 8"        [_thread_blocked, id=10224, stack(0x000000c56b300000,0x000000c56b400000) (1024K)]
  0x000001ccd5bb7cb0 JavaThread "Unconstrained build operations Thread 9"        [_thread_blocked, id=7464, stack(0x000000c56b400000,0x000000c56b500000) (1024K)]
  0x000001ccd0924a50 JavaThread "Unconstrained build operations Thread 10"        [_thread_blocked, id=16152, stack(0x000000c56b500000,0x000000c56b600000) (1024K)]
  0x000001ccd0921c60 JavaThread "Unconstrained build operations Thread 11"        [_thread_blocked, id=2416, stack(0x000000c56b600000,0x000000c56b700000) (1024K)]
  0x000001ccd0922980 JavaThread "Unconstrained build operations Thread 12"        [_thread_blocked, id=16140, stack(0x000000c56b700000,0x000000c56b800000) (1024K)]
  0x000001ccd0926b20 JavaThread "Unconstrained build operations Thread 13"        [_thread_blocked, id=12400, stack(0x000000c56b800000,0x000000c56b900000) (1024K)]
  0x000001ccd1920300 JavaThread "Unconstrained build operations Thread 14"        [_thread_blocked, id=16148, stack(0x000000c56b900000,0x000000c56ba00000) (1024K)]
  0x000001ccd19223d0 JavaThread "Unconstrained build operations Thread 15"        [_thread_blocked, id=13164, stack(0x000000c56ba00000,0x000000c56bb00000) (1024K)]
  0x000001ccd07b3a80 JavaThread "C2 CompilerThread6"         daemon [_thread_blocked, id=13532, stack(0x000000c56bb00000,0x000000c56bc00000) (1024K)]
  0x000001ccd191dba0 JavaThread "Unconstrained build operations Thread 16"        [_thread_blocked, id=15912, stack(0x000000c56bc00000,0x000000c56bd00000) (1024K)]
  0x000001ccd191e230 JavaThread "Unconstrained build operations Thread 17"        [_thread_blocked, id=5260, stack(0x000000c56bd00000,0x000000c56be00000) (1024K)]
  0x000001ccd191ef50 JavaThread "Unconstrained build operations Thread 18"        [_thread_blocked, id=996, stack(0x000000c56be00000,0x000000c56bf00000) (1024K)]
  0x000001ccd191e8c0 JavaThread "Unconstrained build operations Thread 19"        [_thread_blocked, id=14032, stack(0x000000c56bf00000,0x000000c56c000000) (1024K)]
  0x000001ccd191fc70 JavaThread "Unconstrained build operations Thread 20"        [_thread_blocked, id=15104, stack(0x000000c56c000000,0x000000c56c100000) (1024K)]
  0x000001ccd191f5e0 JavaThread "Unconstrained build operations Thread 21"        [_thread_blocked, id=16144, stack(0x000000c56c100000,0x000000c56c200000) (1024K)]
  0x000001ccd1920990 JavaThread "Unconstrained build operations Thread 22"        [_thread_blocked, id=12276, stack(0x000000c56c200000,0x000000c56c300000) (1024K)]
  0x000001ccd1922a60 JavaThread "Unconstrained build operations Thread 23"        [_thread_blocked, id=14756, stack(0x000000c56c300000,0x000000c56c400000) (1024K)]
  0x000001ccd1921020 JavaThread "Unconstrained build operations Thread 24"        [_thread_blocked, id=9092, stack(0x000000c56c400000,0x000000c56c500000) (1024K)]
  0x000001ccd1921d40 JavaThread "Unconstrained build operations Thread 25"        [_thread_blocked, id=1952, stack(0x000000c56c500000,0x000000c56c600000) (1024K)]
  0x000001ccd191ce80 JavaThread "Unconstrained build operations Thread 26"        [_thread_blocked, id=11216, stack(0x000000c56c600000,0x000000c56c700000) (1024K)]
  0x000001ccd19216b0 JavaThread "Unconstrained build operations Thread 27"        [_thread_blocked, id=13372, stack(0x000000c56c700000,0x000000c56c800000) (1024K)]
  0x000001ccd07b4ef0 JavaThread "C2 CompilerThread7"         daemon [_thread_blocked, id=7272, stack(0x000000c56c800000,0x000000c56c900000) (1024K)]
Total: 89

Other Threads:
  0x000001ccc8d6dbe0 VMThread "VM Thread"                           [id=10464, stack(0x000000c565f00000,0x000000c566000000) (1024K)]
  0x000001ccc8d01150 WatcherThread "VM Periodic Task Thread"        [id=13432, stack(0x000000c565e00000,0x000000c565f00000) (1024K)]
  0x000001ccae27e030 WorkerThread "GC Thread#0"                     [id=7716, stack(0x000000c565900000,0x000000c565a00000) (1024K)]
  0x000001ccc97f4400 WorkerThread "GC Thread#1"                     [id=11996, stack(0x000000c566f00000,0x000000c567000000) (1024K)]
  0x000001ccc97f47b0 WorkerThread "GC Thread#2"                     [id=12612, stack(0x000000c567000000,0x000000c567100000) (1024K)]
  0x000001ccc97f4b60 WorkerThread "GC Thread#3"                     [id=10244, stack(0x000000c567100000,0x000000c567200000) (1024K)]
  0x000001ccce2bc500 WorkerThread "GC Thread#4"                     [id=14388, stack(0x000000c567200000,0x000000c567300000) (1024K)]
  0x000001ccce2bc8b0 WorkerThread "GC Thread#5"                     [id=14384, stack(0x000000c567300000,0x000000c567400000) (1024K)]
  0x000001ccc9843080 WorkerThread "GC Thread#6"                     [id=15940, stack(0x000000c567a00000,0x000000c567b00000) (1024K)]
=>0x000001ccc9843b90 WorkerThread "GC Thread#7"                     [id=1292, stack(0x000000c567b00000,0x000000c567c00000) (1024K)]
  0x000001ccc9843430 WorkerThread "GC Thread#8"                     [id=400, stack(0x000000c567c00000,0x000000c567d00000) (1024K)]
  0x000001cccfbd2480 WorkerThread "GC Thread#9"                     [id=16208, stack(0x000000c567d00000,0x000000c567e00000) (1024K)]
  0x000001cccfbd2830 WorkerThread "GC Thread#10"                    [id=15920, stack(0x000000c567e00000,0x000000c567f00000) (1024K)]
  0x000001cccfbd5470 WorkerThread "GC Thread#11"                    [id=16020, stack(0x000000c567f00000,0x000000c568000000) (1024K)]
  0x000001cccfbd3340 WorkerThread "GC Thread#12"                    [id=15936, stack(0x000000c568000000,0x000000c568100000) (1024K)]
  0x000001cccfbd3aa0 WorkerThread "GC Thread#13"                    [id=16004, stack(0x000000c568100000,0x000000c568200000) (1024K)]
  0x000001cccfbd2f90 WorkerThread "GC Thread#14"                    [id=10900, stack(0x000000c568d00000,0x000000c568e00000) (1024K)]
  0x000001ccb05b5b60 ConcurrentGCThread "G1 Main Marker"            [id=4992, stack(0x000000c565a00000,0x000000c565b00000) (1024K)]
  0x000001ccb05b6320 WorkerThread "G1 Conc#0"                       [id=14056, stack(0x000000c565b00000,0x000000c565c00000) (1024K)]
  0x000001cccfbd4d10 WorkerThread "G1 Conc#1"                       [id=15964, stack(0x000000c568200000,0x000000c568300000) (1024K)]
  0x000001cccfbd50c0 WorkerThread "G1 Conc#2"                       [id=15384, stack(0x000000c568300000,0x000000c568400000) (1024K)]
  0x000001cccfbd4960 WorkerThread "G1 Conc#3"                       [id=16000, stack(0x000000c568400000,0x000000c568500000) (1024K)]
  0x000001ccc8a95a50 ConcurrentGCThread "G1 Refine#0"               [id=13648, stack(0x000000c565c00000,0x000000c565d00000) (1024K)]
  0x000001ccc8a96280 ConcurrentGCThread "G1 Service"                [id=9684, stack(0x000000c565d00000,0x000000c565e00000) (1024K)]
Total: 24

Threads with active compile tasks:
C2 CompilerThread0  5315 10172       4       org.objectweb.asm.ClassReader::readCode (5117 bytes)
Total: 1

VM state: at safepoint (normal execution)

VM Mutex/Monitor currently owned by a thread:  ([mutex/lock_event])
[0x00007fff979c86d0] Threads_lock - owner thread: 0x000001ccc8d6dbe0
[0x00007fff979c87d0] Heap_lock - owner thread: 0x000001ccb05b5b60

Heap address: 0x0000000080000000, size: 2048 MB, Compressed Oops mode: 32-bit

CDS archive(s) not mapped
Compressed class space mapped at: 0x0000000100000000-0x0000000140000000, reserved size: 1073741824
Narrow klass base: 0x0000000000000000, Narrow klass shift: 3, Narrow klass range: 0x140000000

GC Precious Log:
 CardTable entry size: 512
 Card Set container configuration: InlinePtr #cards 5 size 8 Array Of Cards #cards 12 size 40 Howl #buckets 4 coarsen threshold 1843 Howl Bitmap #cards 512 size 80 coarsen threshold 460 Card regions per heap region 1 cards per card region 2048
 CPUs: 20 total, 20 available
 Memory: 16148M
 Large Page Support: Disabled
 NUMA Support: Disabled
 Compressed Oops: Enabled (32-bit)
 Heap Region Size: 1M
 Heap Min Capacity: 8M
 Heap Initial Capacity: 254M
 Heap Max Capacity: 2G
 Pre-touch: Disabled
 Parallel Workers: 15
 Concurrent Workers: 4
 Concurrent Refinement Workers: 15
 Periodic GC: Disabled

Heap:
 garbage-first heap   total 236544K, used 97912K [0x0000000080000000, 0x0000000100000000)
  region size 1024K, 19 young (19456K), 9 survivors (9216K)
 Metaspace       used 67112K, committed 68608K, reserved 1114112K
  class space    used 9306K, committed 10048K, reserved 1048576K

Heap Regions: E=young(eden), S=young(survivor), O=old, HS=humongous(starts), HC=humongous(continues), CS=collection set, F=free, TAMS=top-at-mark-start, PB=parsable bottom
|   0|0x0000000080000000, 0x0000000080100000, 0x0000000080100000|100%|HS|  |TAMS 0x0000000080100000| PB 0x0000000080000000| Complete 
|   1|0x0000000080100000, 0x0000000080200000, 0x0000000080200000|100%|HC|  |TAMS 0x0000000080200000| PB 0x0000000080100000| Complete 
|   2|0x0000000080200000, 0x0000000080300000, 0x0000000080300000|100%|HC|  |TAMS 0x0000000080300000| PB 0x0000000080200000| Complete 
|   3|0x0000000080300000, 0x0000000080400000, 0x0000000080400000|100%| O|  |TAMS 0x0000000080400000| PB 0x0000000080300000| Untracked 
|   4|0x0000000080400000, 0x0000000080500000, 0x0000000080500000|100%| O|  |TAMS 0x0000000080500000| PB 0x0000000080400000| Untracked 
|   5|0x0000000080500000, 0x0000000080600000, 0x0000000080600000|100%| O|  |TAMS 0x0000000080600000| PB 0x0000000080500000| Untracked 
|   6|0x0000000080600000, 0x0000000080700000, 0x0000000080700000|100%|HS|  |TAMS 0x0000000080700000| PB 0x0000000080600000| Complete 
|   7|0x0000000080700000, 0x0000000080800000, 0x0000000080800000|100%| O|  |TAMS 0x0000000080800000| PB 0x0000000080700000| Untracked 
|   8|0x0000000080800000, 0x0000000080900000, 0x0000000080900000|100%| O|  |TAMS 0x0000000080900000| PB 0x0000000080800000| Untracked 
|   9|0x0000000080900000, 0x0000000080a00000, 0x0000000080a00000|100%| O|  |TAMS 0x0000000080a00000| PB 0x0000000080900000| Untracked 
|  10|0x0000000080a00000, 0x0000000080b00000, 0x0000000080b00000|100%| O|  |TAMS 0x0000000080b00000| PB 0x0000000080a00000| Untracked 
|  11|0x0000000080b00000, 0x0000000080c00000, 0x0000000080c00000|100%| O|  |TAMS 0x0000000080c00000| PB 0x0000000080b00000| Untracked 
|  12|0x0000000080c00000, 0x0000000080d00000, 0x0000000080d00000|100%| O|  |TAMS 0x0000000080d00000| PB 0x0000000080c00000| Untracked 
|  13|0x0000000080d00000, 0x0000000080e00000, 0x0000000080e00000|100%| O|  |TAMS 0x0000000080e00000| PB 0x0000000080d00000| Untracked 
|  14|0x0000000080e00000, 0x0000000080f00000, 0x0000000080f00000|100%| O|  |TAMS 0x0000000080f00000| PB 0x0000000080e00000| Untracked 
|  15|0x0000000080f00000, 0x0000000081000000, 0x0000000081000000|100%| O|  |TAMS 0x0000000081000000| PB 0x0000000080f00000| Untracked 
|  16|0x0000000081000000, 0x0000000081100000, 0x0000000081100000|100%| O|  |TAMS 0x0000000081100000| PB 0x0000000081000000| Untracked 
|  17|0x0000000081100000, 0x0000000081200000, 0x0000000081200000|100%|HS|  |TAMS 0x0000000081200000| PB 0x0000000081100000| Complete 
|  18|0x0000000081200000, 0x0000000081300000, 0x0000000081300000|100%|HC|  |TAMS 0x0000000081300000| PB 0x0000000081200000| Complete 
|  19|0x0000000081300000, 0x0000000081400000, 0x0000000081400000|100%|HC|  |TAMS 0x0000000081400000| PB 0x0000000081300000| Complete 
|  20|0x0000000081400000, 0x0000000081500000, 0x0000000081500000|100%|HC|  |TAMS 0x0000000081500000| PB 0x0000000081400000| Complete 
|  21|0x0000000081500000, 0x0000000081600000, 0x0000000081600000|100%|HC|  |TAMS 0x0000000081600000| PB 0x0000000081500000| Complete 
|  22|0x0000000081600000, 0x0000000081700000, 0x0000000081700000|100%|HC|  |TAMS 0x0000000081700000| PB 0x0000000081600000| Complete 
|  23|0x0000000081700000, 0x0000000081800000, 0x0000000081800000|100%|HS|  |TAMS 0x0000000081800000| PB 0x0000000081700000| Complete 
|  24|0x0000000081800000, 0x0000000081900000, 0x0000000081900000|100%|HC|  |TAMS 0x0000000081900000| PB 0x0000000081800000| Complete 
|  25|0x0000000081900000, 0x0000000081a00000, 0x0000000081a00000|100%|HS|  |TAMS 0x0000000081a00000| PB 0x0000000081900000| Complete 
|  26|0x0000000081a00000, 0x0000000081b00000, 0x0000000081b00000|100%|HS|  |TAMS 0x0000000081b00000| PB 0x0000000081a00000| Complete 
|  27|0x0000000081b00000, 0x0000000081c00000, 0x0000000081c00000|100%|HC|  |TAMS 0x0000000081c00000| PB 0x0000000081b00000| Complete 
|  28|0x0000000081c00000, 0x0000000081d00000, 0x0000000081d00000|100%|HC|  |TAMS 0x0000000081d00000| PB 0x0000000081c00000| Complete 
|  29|0x0000000081d00000, 0x0000000081e00000, 0x0000000081e00000|100%|HC|  |TAMS 0x0000000081e00000| PB 0x0000000081d00000| Complete 
|  30|0x0000000081e00000, 0x0000000081f00000, 0x0000000081f00000|100%|HC|  |TAMS 0x0000000081f00000| PB 0x0000000081e00000| Complete 
|  31|0x0000000081f00000, 0x0000000082000000, 0x0000000082000000|100%|HC|  |TAMS 0x0000000082000000| PB 0x0000000081f00000| Complete 
|  32|0x0000000082000000, 0x0000000082100000, 0x0000000082100000|100%|HS|  |TAMS 0x0000000082100000| PB 0x0000000082000000| Complete 
|  33|0x0000000082100000, 0x0000000082200000, 0x0000000082200000|100%|HC|  |TAMS 0x0000000082200000| PB 0x0000000082100000| Complete 
|  34|0x0000000082200000, 0x0000000082300000, 0x0000000082300000|100%|HS|  |TAMS 0x0000000082300000| PB 0x0000000082200000| Complete 
|  35|0x0000000082300000, 0x0000000082400000, 0x0000000082400000|100%| O|  |TAMS 0x0000000082400000| PB 0x0000000082300000| Untracked 
|  36|0x0000000082400000, 0x0000000082500000, 0x0000000082500000|100%| O|  |TAMS 0x0000000082500000| PB 0x0000000082400000| Untracked 
|  37|0x0000000082500000, 0x0000000082600000, 0x0000000082600000|100%| O|  |TAMS 0x0000000082600000| PB 0x0000000082500000| Untracked 
|  38|0x0000000082600000, 0x0000000082700000, 0x0000000082700000|100%| O|  |TAMS 0x0000000082700000| PB 0x0000000082600000| Untracked 
|  39|0x0000000082700000, 0x0000000082800000, 0x0000000082800000|100%| O|  |TAMS 0x0000000082800000| PB 0x0000000082700000| Untracked 
|  40|0x0000000082800000, 0x0000000082900000, 0x0000000082900000|100%| O|  |TAMS 0x0000000082900000| PB 0x0000000082800000| Untracked 
|  41|0x0000000082900000, 0x0000000082a00000, 0x0000000082a00000|100%| O|  |TAMS 0x0000000082a00000| PB 0x0000000082900000| Untracked 
|  42|0x0000000082a00000, 0x0000000082a00000, 0x0000000082b00000|  0%| F|  |TAMS 0x0000000082a00000| PB 0x0000000082a00000| Untracked 
|  43|0x0000000082b00000, 0x0000000082c00000, 0x0000000082c00000|100%| O|  |TAMS 0x0000000082c00000| PB 0x0000000082b00000| Untracked 
|  44|0x0000000082c00000, 0x0000000082d00000, 0x0000000082d00000|100%| O|  |TAMS 0x0000000082d00000| PB 0x0000000082c00000| Untracked 
|  45|0x0000000082d00000, 0x0000000082e00000, 0x0000000082e00000|100%| O|  |TAMS 0x0000000082e00000| PB 0x0000000082d00000| Untracked 
|  46|0x0000000082e00000, 0x0000000082f00000, 0x0000000082f00000|100%| O|  |TAMS 0x0000000082f00000| PB 0x0000000082e00000| Untracked 
|  47|0x0000000082f00000, 0x0000000083000000, 0x0000000083000000|100%| O|  |TAMS 0x0000000083000000| PB 0x0000000082f00000| Untracked 
|  48|0x0000000083000000, 0x0000000083100000, 0x0000000083100000|100%| O|  |TAMS 0x0000000083100000| PB 0x0000000083000000| Untracked 
|  49|0x0000000083100000, 0x0000000083200000, 0x0000000083200000|100%| O|  |TAMS 0x0000000083200000| PB 0x0000000083100000| Untracked 
|  50|0x0000000083200000, 0x0000000083300000, 0x0000000083300000|100%| O|  |TAMS 0x0000000083300000| PB 0x0000000083200000| Untracked 
|  51|0x0000000083300000, 0x0000000083400000, 0x0000000083400000|100%| O|  |TAMS 0x0000000083400000| PB 0x0000000083300000| Untracked 
|  52|0x0000000083400000, 0x0000000083500000, 0x0000000083500000|100%| O|  |TAMS 0x0000000083500000| PB 0x0000000083400000| Untracked 
|  53|0x0000000083500000, 0x0000000083600000, 0x0000000083600000|100%| O|  |TAMS 0x0000000083600000| PB 0x0000000083500000| Untracked 
|  54|0x0000000083600000, 0x0000000083700000, 0x0000000083700000|100%| O|  |TAMS 0x0000000083700000| PB 0x0000000083600000| Untracked 
|  55|0x0000000083700000, 0x0000000083800000, 0x0000000083800000|100%| O|  |TAMS 0x0000000083800000| PB 0x0000000083700000| Untracked 
|  56|0x0000000083800000, 0x0000000083900000, 0x0000000083900000|100%| O|  |TAMS 0x0000000083900000| PB 0x0000000083800000| Untracked 
|  57|0x0000000083900000, 0x0000000083a00000, 0x0000000083a00000|100%| O|  |TAMS 0x0000000083a00000| PB 0x0000000083900000| Untracked 
|  58|0x0000000083a00000, 0x0000000083b00000, 0x0000000083b00000|100%| O|  |TAMS 0x0000000083b00000| PB 0x0000000083a00000| Untracked 
|  59|0x0000000083b00000, 0x0000000083c00000, 0x0000000083c00000|100%| O|  |TAMS 0x0000000083c00000| PB 0x0000000083b00000| Untracked 
|  60|0x0000000083c00000, 0x0000000083d00000, 0x0000000083d00000|100%| O|  |TAMS 0x0000000083d00000| PB 0x0000000083c00000| Untracked 
|  61|0x0000000083d00000, 0x0000000083e00000, 0x0000000083e00000|100%| O|  |TAMS 0x0000000083e00000| PB 0x0000000083d00000| Untracked 
|  62|0x0000000083e00000, 0x0000000083f00000, 0x0000000083f00000|100%| O|  |TAMS 0x0000000083f00000| PB 0x0000000083e00000| Untracked 
|  63|0x0000000083f00000, 0x0000000084000000, 0x0000000084000000|100%| O|  |TAMS 0x0000000084000000| PB 0x0000000083f00000| Untracked 
|  64|0x0000000084000000, 0x0000000084100000, 0x0000000084100000|100%| O|  |TAMS 0x0000000084100000| PB 0x0000000084000000| Untracked 
|  65|0x0000000084100000, 0x0000000084200000, 0x0000000084200000|100%| O|  |TAMS 0x0000000084200000| PB 0x0000000084100000| Untracked 
|  66|0x0000000084200000, 0x0000000084300000, 0x0000000084300000|100%| O|  |TAMS 0x0000000084300000| PB 0x0000000084200000| Untracked 
|  67|0x0000000084300000, 0x00000000843ae570, 0x0000000084400000| 68%| O|  |TAMS 0x00000000843ae570| PB 0x0000000084300000| Untracked 
|  68|0x0000000084400000, 0x0000000084500000, 0x0000000084500000|100%|HS|  |TAMS 0x0000000084500000| PB 0x0000000084400000| Complete 
|  69|0x0000000084500000, 0x0000000084600000, 0x0000000084600000|100%|HC|  |TAMS 0x0000000084600000| PB 0x0000000084500000| Complete 
|  70|0x0000000084600000, 0x0000000084600000, 0x0000000084700000|  0%| F|  |TAMS 0x0000000084600000| PB 0x0000000084600000| Untracked 
|  71|0x0000000084700000, 0x0000000084700000, 0x0000000084800000|  0%| F|  |TAMS 0x0000000084700000| PB 0x0000000084700000| Untracked 
|  72|0x0000000084800000, 0x0000000084800000, 0x0000000084900000|  0%| F|  |TAMS 0x0000000084800000| PB 0x0000000084800000| Untracked 
|  73|0x0000000084900000, 0x0000000084900000, 0x0000000084a00000|  0%| F|  |TAMS 0x0000000084900000| PB 0x0000000084900000| Untracked 
|  74|0x0000000084a00000, 0x0000000084a00000, 0x0000000084b00000|  0%| F|  |TAMS 0x0000000084a00000| PB 0x0000000084a00000| Untracked 
|  75|0x0000000084b00000, 0x0000000084b00000, 0x0000000084c00000|  0%| F|  |TAMS 0x0000000084b00000| PB 0x0000000084b00000| Untracked 
|  76|0x0000000084c00000, 0x0000000084c00000, 0x0000000084d00000|  0%| F|  |TAMS 0x0000000084c00000| PB 0x0000000084c00000| Untracked 
|  77|0x0000000084d00000, 0x0000000084defc80, 0x0000000084e00000| 93%| S|CS|TAMS 0x0000000084d00000| PB 0x0000000084d00000| Complete 
|  78|0x0000000084e00000, 0x0000000084e00000, 0x0000000084f00000|  0%| F|  |TAMS 0x0000000084e00000| PB 0x0000000084e00000| Untracked 
|  79|0x0000000084f00000, 0x0000000084f00000, 0x0000000085000000|  0%| F|  |TAMS 0x0000000084f00000| PB 0x0000000084f00000| Untracked 
|  80|0x0000000085000000, 0x0000000085000000, 0x0000000085100000|  0%| F|  |TAMS 0x0000000085000000| PB 0x0000000085000000| Untracked 
|  81|0x0000000085100000, 0x0000000085100000, 0x0000000085200000|  0%| F|  |TAMS 0x0000000085100000| PB 0x0000000085100000| Untracked 
|  82|0x0000000085200000, 0x0000000085300000, 0x0000000085300000|100%| S|CS|TAMS 0x0000000085200000| PB 0x0000000085200000| Complete 
|  83|0x0000000085300000, 0x0000000085400000, 0x0000000085400000|100%| S|CS|TAMS 0x0000000085300000| PB 0x0000000085300000| Complete 
|  84|0x0000000085400000, 0x0000000085500000, 0x0000000085500000|100%| S|CS|TAMS 0x0000000085400000| PB 0x0000000085400000| Complete 
|  85|0x0000000085500000, 0x0000000085600000, 0x0000000085600000|100%| S|CS|TAMS 0x0000000085500000| PB 0x0000000085500000| Complete 
|  86|0x0000000085600000, 0x0000000085700000, 0x0000000085700000|100%| S|CS|TAMS 0x0000000085600000| PB 0x0000000085600000| Complete 
|  87|0x0000000085700000, 0x0000000085800000, 0x0000000085800000|100%| S|CS|TAMS 0x0000000085700000| PB 0x0000000085700000| Complete 
|  88|0x0000000085800000, 0x0000000085900000, 0x0000000085900000|100%| S|CS|TAMS 0x0000000085800000| PB 0x0000000085800000| Complete 
|  89|0x0000000085900000, 0x0000000085a00000, 0x0000000085a00000|100%| S|CS|TAMS 0x0000000085900000| PB 0x0000000085900000| Complete 
|  90|0x0000000085a00000, 0x0000000085a00000, 0x0000000085b00000|  0%| F|  |TAMS 0x0000000085a00000| PB 0x0000000085a00000| Untracked 
|  91|0x0000000085b00000, 0x0000000085b00000, 0x0000000085c00000|  0%| F|  |TAMS 0x0000000085b00000| PB 0x0000000085b00000| Untracked 
|  92|0x0000000085c00000, 0x0000000085c00000, 0x0000000085d00000|  0%| F|  |TAMS 0x0000000085c00000| PB 0x0000000085c00000| Untracked 
|  93|0x0000000085d00000, 0x0000000085d00000, 0x0000000085e00000|  0%| F|  |TAMS 0x0000000085d00000| PB 0x0000000085d00000| Untracked 
|  94|0x0000000085e00000, 0x0000000085e00000, 0x0000000085f00000|  0%| F|  |TAMS 0x0000000085e00000| PB 0x0000000085e00000| Untracked 
|  95|0x0000000085f00000, 0x0000000085f00000, 0x0000000086000000|  0%| F|  |TAMS 0x0000000085f00000| PB 0x0000000085f00000| Untracked 
|  96|0x0000000086000000, 0x0000000086000000, 0x0000000086100000|  0%| F|  |TAMS 0x0000000086000000| PB 0x0000000086000000| Untracked 
|  97|0x0000000086100000, 0x0000000086100000, 0x0000000086200000|  0%| F|  |TAMS 0x0000000086100000| PB 0x0000000086100000| Untracked 
|  98|0x0000000086200000, 0x0000000086200000, 0x0000000086300000|  0%| F|  |TAMS 0x0000000086200000| PB 0x0000000086200000| Untracked 
|  99|0x0000000086300000, 0x0000000086300000, 0x0000000086400000|  0%| F|  |TAMS 0x0000000086300000| PB 0x0000000086300000| Untracked 
| 100|0x0000000086400000, 0x0000000086400000, 0x0000000086500000|  0%| F|  |TAMS 0x0000000086400000| PB 0x0000000086400000| Untracked 
| 101|0x0000000086500000, 0x0000000086500000, 0x0000000086600000|  0%| F|  |TAMS 0x0000000086500000| PB 0x0000000086500000| Untracked 
| 102|0x0000000086600000, 0x0000000086600000, 0x0000000086700000|  0%| F|  |TAMS 0x0000000086600000| PB 0x0000000086600000| Untracked 
| 103|0x0000000086700000, 0x0000000086700000, 0x0000000086800000|  0%| F|  |TAMS 0x0000000086700000| PB 0x0000000086700000| Untracked 
| 104|0x0000000086800000, 0x0000000086800000, 0x0000000086900000|  0%| F|  |TAMS 0x0000000086800000| PB 0x0000000086800000| Untracked 
| 105|0x0000000086900000, 0x0000000086900000, 0x0000000086a00000|  0%| F|  |TAMS 0x0000000086900000| PB 0x0000000086900000| Untracked 
| 106|0x0000000086a00000, 0x0000000086a00000, 0x0000000086b00000|  0%| F|  |TAMS 0x0000000086a00000| PB 0x0000000086a00000| Untracked 
| 107|0x0000000086b00000, 0x0000000086b00000, 0x0000000086c00000|  0%| F|  |TAMS 0x0000000086b00000| PB 0x0000000086b00000| Untracked 
| 108|0x0000000086c00000, 0x0000000086c00000, 0x0000000086d00000|  0%| F|  |TAMS 0x0000000086c00000| PB 0x0000000086c00000| Untracked 
| 109|0x0000000086d00000, 0x0000000086d00000, 0x0000000086e00000|  0%| F|  |TAMS 0x0000000086d00000| PB 0x0000000086d00000| Untracked 
| 110|0x0000000086e00000, 0x0000000086e00000, 0x0000000086f00000|  0%| F|  |TAMS 0x0000000086e00000| PB 0x0000000086e00000| Untracked 
| 111|0x0000000086f00000, 0x0000000086f00000, 0x0000000087000000|  0%| F|  |TAMS 0x0000000086f00000| PB 0x0000000086f00000| Untracked 
| 112|0x0000000087000000, 0x0000000087000000, 0x0000000087100000|  0%| F|  |TAMS 0x0000000087000000| PB 0x0000000087000000| Untracked 
| 113|0x0000000087100000, 0x0000000087100000, 0x0000000087200000|  0%| F|  |TAMS 0x0000000087100000| PB 0x0000000087100000| Untracked 
| 114|0x0000000087200000, 0x0000000087200000, 0x0000000087300000|  0%| F|  |TAMS 0x0000000087200000| PB 0x0000000087200000| Untracked 
| 115|0x0000000087300000, 0x0000000087300000, 0x0000000087400000|  0%| F|  |TAMS 0x0000000087300000| PB 0x0000000087300000| Untracked 
| 116|0x0000000087400000, 0x0000000087400000, 0x0000000087500000|  0%| F|  |TAMS 0x0000000087400000| PB 0x0000000087400000| Untracked 
| 117|0x0000000087500000, 0x0000000087500000, 0x0000000087600000|  0%| F|  |TAMS 0x0000000087500000| PB 0x0000000087500000| Untracked 
| 118|0x0000000087600000, 0x0000000087600000, 0x0000000087700000|  0%| F|  |TAMS 0x0000000087600000| PB 0x0000000087600000| Untracked 
| 119|0x0000000087700000, 0x0000000087700000, 0x0000000087800000|  0%| F|  |TAMS 0x0000000087700000| PB 0x0000000087700000| Untracked 
| 120|0x0000000087800000, 0x0000000087800000, 0x0000000087900000|  0%| F|  |TAMS 0x0000000087800000| PB 0x0000000087800000| Untracked 
| 121|0x0000000087900000, 0x0000000087900000, 0x0000000087a00000|  0%| F|  |TAMS 0x0000000087900000| PB 0x0000000087900000| Untracked 
| 122|0x0000000087a00000, 0x0000000087a00000, 0x0000000087b00000|  0%| F|  |TAMS 0x0000000087a00000| PB 0x0000000087a00000| Untracked 
| 123|0x0000000087b00000, 0x0000000087b00000, 0x0000000087c00000|  0%| F|  |TAMS 0x0000000087b00000| PB 0x0000000087b00000| Untracked 
| 124|0x0000000087c00000, 0x0000000087c00000, 0x0000000087d00000|  0%| F|  |TAMS 0x0000000087c00000| PB 0x0000000087c00000| Untracked 
| 125|0x0000000087d00000, 0x0000000087d00000, 0x0000000087e00000|  0%| F|  |TAMS 0x0000000087d00000| PB 0x0000000087d00000| Untracked 
| 126|0x0000000087e00000, 0x0000000087e00000, 0x0000000087f00000|  0%| F|  |TAMS 0x0000000087e00000| PB 0x0000000087e00000| Untracked 
| 127|0x0000000087f00000, 0x0000000087f00000, 0x0000000088000000|  0%| F|  |TAMS 0x0000000087f00000| PB 0x0000000087f00000| Untracked 
| 128|0x0000000088000000, 0x0000000088000000, 0x0000000088100000|  0%| F|  |TAMS 0x0000000088000000| PB 0x0000000088000000| Untracked 
| 129|0x0000000088100000, 0x0000000088100000, 0x0000000088200000|  0%| F|  |TAMS 0x0000000088100000| PB 0x0000000088100000| Untracked 
| 130|0x0000000088200000, 0x0000000088200000, 0x0000000088300000|  0%| F|  |TAMS 0x0000000088200000| PB 0x0000000088200000| Untracked 
| 131|0x0000000088300000, 0x0000000088300000, 0x0000000088400000|  0%| F|  |TAMS 0x0000000088300000| PB 0x0000000088300000| Untracked 
| 132|0x0000000088400000, 0x0000000088400000, 0x0000000088500000|  0%| F|  |TAMS 0x0000000088400000| PB 0x0000000088400000| Untracked 
| 133|0x0000000088500000, 0x0000000088500000, 0x0000000088600000|  0%| F|  |TAMS 0x0000000088500000| PB 0x0000000088500000| Untracked 
| 134|0x0000000088600000, 0x0000000088600000, 0x0000000088700000|  0%| F|  |TAMS 0x0000000088600000| PB 0x0000000088600000| Untracked 
| 135|0x0000000088700000, 0x0000000088700000, 0x0000000088800000|  0%| F|  |TAMS 0x0000000088700000| PB 0x0000000088700000| Untracked 
| 136|0x0000000088800000, 0x0000000088800000, 0x0000000088900000|  0%| F|  |TAMS 0x0000000088800000| PB 0x0000000088800000| Untracked 
| 137|0x0000000088900000, 0x0000000088900000, 0x0000000088a00000|  0%| F|  |TAMS 0x0000000088900000| PB 0x0000000088900000| Untracked 
| 138|0x0000000088a00000, 0x0000000088a00000, 0x0000000088b00000|  0%| F|  |TAMS 0x0000000088a00000| PB 0x0000000088a00000| Untracked 
| 139|0x0000000088b00000, 0x0000000088b00000, 0x0000000088c00000|  0%| F|  |TAMS 0x0000000088b00000| PB 0x0000000088b00000| Untracked 
| 140|0x0000000088c00000, 0x0000000088c00000, 0x0000000088d00000|  0%| F|  |TAMS 0x0000000088c00000| PB 0x0000000088c00000| Untracked 
| 141|0x0000000088d00000, 0x0000000088d00000, 0x0000000088e00000|  0%| F|  |TAMS 0x0000000088d00000| PB 0x0000000088d00000| Untracked 
| 142|0x0000000088e00000, 0x0000000088e00000, 0x0000000088f00000|  0%| F|  |TAMS 0x0000000088e00000| PB 0x0000000088e00000| Untracked 
| 143|0x0000000088f00000, 0x0000000088f00000, 0x0000000089000000|  0%| F|  |TAMS 0x0000000088f00000| PB 0x0000000088f00000| Untracked 
| 144|0x0000000089000000, 0x0000000089000000, 0x0000000089100000|  0%| F|  |TAMS 0x0000000089000000| PB 0x0000000089000000| Untracked 
| 145|0x0000000089100000, 0x0000000089100000, 0x0000000089200000|  0%| F|  |TAMS 0x0000000089100000| PB 0x0000000089100000| Untracked 
| 146|0x0000000089200000, 0x0000000089200000, 0x0000000089300000|  0%| F|  |TAMS 0x0000000089200000| PB 0x0000000089200000| Untracked 
| 147|0x0000000089300000, 0x0000000089300000, 0x0000000089400000|  0%| F|  |TAMS 0x0000000089300000| PB 0x0000000089300000| Untracked 
| 148|0x0000000089400000, 0x0000000089400000, 0x0000000089500000|  0%| F|  |TAMS 0x0000000089400000| PB 0x0000000089400000| Untracked 
| 149|0x0000000089500000, 0x0000000089500000, 0x0000000089600000|  0%| F|  |TAMS 0x0000000089500000| PB 0x0000000089500000| Untracked 
| 150|0x0000000089600000, 0x0000000089600000, 0x0000000089700000|  0%| F|  |TAMS 0x0000000089600000| PB 0x0000000089600000| Untracked 
| 151|0x0000000089700000, 0x0000000089700000, 0x0000000089800000|  0%| F|  |TAMS 0x0000000089700000| PB 0x0000000089700000| Untracked 
| 152|0x0000000089800000, 0x0000000089800000, 0x0000000089900000|  0%| F|  |TAMS 0x0000000089800000| PB 0x0000000089800000| Untracked 
| 153|0x0000000089900000, 0x0000000089900000, 0x0000000089a00000|  0%| F|  |TAMS 0x0000000089900000| PB 0x0000000089900000| Untracked 
| 154|0x0000000089a00000, 0x0000000089a00000, 0x0000000089b00000|  0%| F|  |TAMS 0x0000000089a00000| PB 0x0000000089a00000| Untracked 
| 155|0x0000000089b00000, 0x0000000089b00000, 0x0000000089c00000|  0%| F|  |TAMS 0x0000000089b00000| PB 0x0000000089b00000| Untracked 
| 156|0x0000000089c00000, 0x0000000089c00000, 0x0000000089d00000|  0%| F|  |TAMS 0x0000000089c00000| PB 0x0000000089c00000| Untracked 
| 157|0x0000000089d00000, 0x0000000089d00000, 0x0000000089e00000|  0%| F|  |TAMS 0x0000000089d00000| PB 0x0000000089d00000| Untracked 
| 158|0x0000000089e00000, 0x0000000089e00000, 0x0000000089f00000|  0%| F|  |TAMS 0x0000000089e00000| PB 0x0000000089e00000| Untracked 
| 159|0x0000000089f00000, 0x0000000089f00000, 0x000000008a000000|  0%| F|  |TAMS 0x0000000089f00000| PB 0x0000000089f00000| Untracked 
| 160|0x000000008a000000, 0x000000008a000000, 0x000000008a100000|  0%| F|  |TAMS 0x000000008a000000| PB 0x000000008a000000| Untracked 
| 161|0x000000008a100000, 0x000000008a100000, 0x000000008a200000|  0%| F|  |TAMS 0x000000008a100000| PB 0x000000008a100000| Untracked 
| 162|0x000000008a200000, 0x000000008a200000, 0x000000008a300000|  0%| F|  |TAMS 0x000000008a200000| PB 0x000000008a200000| Untracked 
| 163|0x000000008a300000, 0x000000008a300000, 0x000000008a400000|  0%| F|  |TAMS 0x000000008a300000| PB 0x000000008a300000| Untracked 
| 164|0x000000008a400000, 0x000000008a400000, 0x000000008a500000|  0%| F|  |TAMS 0x000000008a400000| PB 0x000000008a400000| Untracked 
| 165|0x000000008a500000, 0x000000008a500000, 0x000000008a600000|  0%| F|  |TAMS 0x000000008a500000| PB 0x000000008a500000| Untracked 
| 166|0x000000008a600000, 0x000000008a600000, 0x000000008a700000|  0%| F|  |TAMS 0x000000008a600000| PB 0x000000008a600000| Untracked 
| 167|0x000000008a700000, 0x000000008a700000, 0x000000008a800000|  0%| F|  |TAMS 0x000000008a700000| PB 0x000000008a700000| Untracked 
| 168|0x000000008a800000, 0x000000008a800000, 0x000000008a900000|  0%| F|  |TAMS 0x000000008a800000| PB 0x000000008a800000| Untracked 
| 169|0x000000008a900000, 0x000000008a900000, 0x000000008aa00000|  0%| F|  |TAMS 0x000000008a900000| PB 0x000000008a900000| Untracked 
| 170|0x000000008aa00000, 0x000000008aa00000, 0x000000008ab00000|  0%| F|  |TAMS 0x000000008aa00000| PB 0x000000008aa00000| Untracked 
| 171|0x000000008ab00000, 0x000000008ab00000, 0x000000008ac00000|  0%| F|  |TAMS 0x000000008ab00000| PB 0x000000008ab00000| Untracked 
| 172|0x000000008ac00000, 0x000000008ac00000, 0x000000008ad00000|  0%| F|  |TAMS 0x000000008ac00000| PB 0x000000008ac00000| Untracked 
| 173|0x000000008ad00000, 0x000000008ad00000, 0x000000008ae00000|  0%| F|  |TAMS 0x000000008ad00000| PB 0x000000008ad00000| Untracked 
| 174|0x000000008ae00000, 0x000000008ae00000, 0x000000008af00000|  0%| F|  |TAMS 0x000000008ae00000| PB 0x000000008ae00000| Untracked 
| 175|0x000000008af00000, 0x000000008af00000, 0x000000008b000000|  0%| F|  |TAMS 0x000000008af00000| PB 0x000000008af00000| Untracked 
| 176|0x000000008b000000, 0x000000008b000000, 0x000000008b100000|  0%| F|  |TAMS 0x000000008b000000| PB 0x000000008b000000| Untracked 
| 177|0x000000008b100000, 0x000000008b100000, 0x000000008b200000|  0%| F|  |TAMS 0x000000008b100000| PB 0x000000008b100000| Untracked 
| 178|0x000000008b200000, 0x000000008b200000, 0x000000008b300000|  0%| F|  |TAMS 0x000000008b200000| PB 0x000000008b200000| Untracked 
| 179|0x000000008b300000, 0x000000008b300000, 0x000000008b400000|  0%| F|  |TAMS 0x000000008b300000| PB 0x000000008b300000| Untracked 
| 180|0x000000008b400000, 0x000000008b400000, 0x000000008b500000|  0%| F|  |TAMS 0x000000008b400000| PB 0x000000008b400000| Untracked 
| 181|0x000000008b500000, 0x000000008b500000, 0x000000008b600000|  0%| F|  |TAMS 0x000000008b500000| PB 0x000000008b500000| Untracked 
| 182|0x000000008b600000, 0x000000008b600000, 0x000000008b700000|  0%| F|  |TAMS 0x000000008b600000| PB 0x000000008b600000| Untracked 
| 183|0x000000008b700000, 0x000000008b700000, 0x000000008b800000|  0%| F|  |TAMS 0x000000008b700000| PB 0x000000008b700000| Untracked 
| 184|0x000000008b800000, 0x000000008b800000, 0x000000008b900000|  0%| F|  |TAMS 0x000000008b800000| PB 0x000000008b800000| Untracked 
| 185|0x000000008b900000, 0x000000008b900000, 0x000000008ba00000|  0%| F|  |TAMS 0x000000008b900000| PB 0x000000008b900000| Untracked 
| 186|0x000000008ba00000, 0x000000008ba00000, 0x000000008bb00000|  0%| F|  |TAMS 0x000000008ba00000| PB 0x000000008ba00000| Untracked 
| 187|0x000000008bb00000, 0x000000008bb00000, 0x000000008bc00000|  0%| F|  |TAMS 0x000000008bb00000| PB 0x000000008bb00000| Untracked 
| 188|0x000000008bc00000, 0x000000008bc00000, 0x000000008bd00000|  0%| F|  |TAMS 0x000000008bc00000| PB 0x000000008bc00000| Untracked 
| 189|0x000000008bd00000, 0x000000008bd00000, 0x000000008be00000|  0%| F|  |TAMS 0x000000008bd00000| PB 0x000000008bd00000| Untracked 
| 190|0x000000008be00000, 0x000000008be00000, 0x000000008bf00000|  0%| F|  |TAMS 0x000000008be00000| PB 0x000000008be00000| Untracked 
| 191|0x000000008bf00000, 0x000000008bf00000, 0x000000008c000000|  0%| F|  |TAMS 0x000000008bf00000| PB 0x000000008bf00000| Untracked 
| 192|0x000000008c000000, 0x000000008c000000, 0x000000008c100000|  0%| F|  |TAMS 0x000000008c000000| PB 0x000000008c000000| Untracked 
| 193|0x000000008c100000, 0x000000008c100000, 0x000000008c200000|  0%| F|  |TAMS 0x000000008c100000| PB 0x000000008c100000| Untracked 
| 194|0x000000008c200000, 0x000000008c200000, 0x000000008c300000|  0%| F|  |TAMS 0x000000008c200000| PB 0x000000008c200000| Untracked 
| 195|0x000000008c300000, 0x000000008c300000, 0x000000008c400000|  0%| F|  |TAMS 0x000000008c300000| PB 0x000000008c300000| Untracked 
| 196|0x000000008c400000, 0x000000008c400000, 0x000000008c500000|  0%| F|  |TAMS 0x000000008c400000| PB 0x000000008c400000| Untracked 
| 197|0x000000008c500000, 0x000000008c500000, 0x000000008c600000|  0%| F|  |TAMS 0x000000008c500000| PB 0x000000008c500000| Untracked 
| 198|0x000000008c600000, 0x000000008c600000, 0x000000008c700000|  0%| F|  |TAMS 0x000000008c600000| PB 0x000000008c600000| Untracked 
| 199|0x000000008c700000, 0x000000008c700000, 0x000000008c800000|  0%| F|  |TAMS 0x000000008c700000| PB 0x000000008c700000| Untracked 
| 200|0x000000008c800000, 0x000000008c800000, 0x000000008c900000|  0%| F|  |TAMS 0x000000008c800000| PB 0x000000008c800000| Untracked 
| 201|0x000000008c900000, 0x000000008c900000, 0x000000008ca00000|  0%| F|  |TAMS 0x000000008c900000| PB 0x000000008c900000| Untracked 
| 202|0x000000008ca00000, 0x000000008ca00000, 0x000000008cb00000|  0%| F|  |TAMS 0x000000008ca00000| PB 0x000000008ca00000| Untracked 
| 203|0x000000008cb00000, 0x000000008cb00000, 0x000000008cc00000|  0%| F|  |TAMS 0x000000008cb00000| PB 0x000000008cb00000| Untracked 
| 204|0x000000008cc00000, 0x000000008cc00000, 0x000000008cd00000|  0%| F|  |TAMS 0x000000008cc00000| PB 0x000000008cc00000| Untracked 
| 205|0x000000008cd00000, 0x000000008cd00000, 0x000000008ce00000|  0%| F|  |TAMS 0x000000008cd00000| PB 0x000000008cd00000| Untracked 
| 206|0x000000008ce00000, 0x000000008ce00000, 0x000000008cf00000|  0%| F|  |TAMS 0x000000008ce00000| PB 0x000000008ce00000| Untracked 
| 207|0x000000008cf00000, 0x000000008cf00000, 0x000000008d000000|  0%| F|  |TAMS 0x000000008cf00000| PB 0x000000008cf00000| Untracked 
| 208|0x000000008d000000, 0x000000008d000000, 0x000000008d100000|  0%| F|  |TAMS 0x000000008d000000| PB 0x000000008d000000| Untracked 
| 209|0x000000008d100000, 0x000000008d100000, 0x000000008d200000|  0%| F|  |TAMS 0x000000008d100000| PB 0x000000008d100000| Untracked 
| 210|0x000000008d200000, 0x000000008d200000, 0x000000008d300000|  0%| F|  |TAMS 0x000000008d200000| PB 0x000000008d200000| Untracked 
| 211|0x000000008d300000, 0x000000008d300000, 0x000000008d400000|  0%| F|  |TAMS 0x000000008d300000| PB 0x000000008d300000| Untracked 
| 212|0x000000008d400000, 0x000000008d500000, 0x000000008d500000|100%| E|  |TAMS 0x000000008d400000| PB 0x000000008d400000| Complete 
| 213|0x000000008d500000, 0x000000008d600000, 0x000000008d600000|100%| E|CS|TAMS 0x000000008d500000| PB 0x000000008d500000| Complete 
| 214|0x000000008d600000, 0x000000008d700000, 0x000000008d700000|100%| E|CS|TAMS 0x000000008d600000| PB 0x000000008d600000| Complete 
| 215|0x000000008d700000, 0x000000008d800000, 0x000000008d800000|100%| E|CS|TAMS 0x000000008d700000| PB 0x000000008d700000| Complete 
| 216|0x000000008d800000, 0x000000008d900000, 0x000000008d900000|100%| E|CS|TAMS 0x000000008d800000| PB 0x000000008d800000| Complete 
| 217|0x000000008d900000, 0x000000008da00000, 0x000000008da00000|100%| E|CS|TAMS 0x000000008d900000| PB 0x000000008d900000| Complete 
| 218|0x000000008da00000, 0x000000008db00000, 0x000000008db00000|100%| E|CS|TAMS 0x000000008da00000| PB 0x000000008da00000| Complete 
| 219|0x000000008db00000, 0x000000008dc00000, 0x000000008dc00000|100%| E|CS|TAMS 0x000000008db00000| PB 0x000000008db00000| Complete 
| 220|0x000000008dc00000, 0x000000008dd00000, 0x000000008dd00000|100%| E|CS|TAMS 0x000000008dc00000| PB 0x000000008dc00000| Complete 
| 253|0x000000008fd00000, 0x000000008fe00000, 0x000000008fe00000|100%| E|CS|TAMS 0x000000008fd00000| PB 0x000000008fd00000| Complete 
|2039|0x00000000ff700000, 0x00000000ff800000, 0x00000000ff800000|100%| O|  |TAMS 0x00000000ff800000| PB 0x00000000ff700000| Untracked 
|2040|0x00000000ff800000, 0x00000000ff900000, 0x00000000ff900000|100%| O|  |TAMS 0x00000000ff900000| PB 0x00000000ff800000| Untracked 
|2041|0x00000000ff900000, 0x00000000ffa00000, 0x00000000ffa00000|100%| O|  |TAMS 0x00000000ffa00000| PB 0x00000000ff900000| Untracked 
|2042|0x00000000ffa00000, 0x00000000ffb00000, 0x00000000ffb00000|100%| O|  |TAMS 0x00000000ffb00000| PB 0x00000000ffa00000| Untracked 
|2043|0x00000000ffb00000, 0x00000000ffc00000, 0x00000000ffc00000|100%| O|  |TAMS 0x00000000ffc00000| PB 0x00000000ffb00000| Untracked 
|2044|0x00000000ffc00000, 0x00000000ffd00000, 0x00000000ffd00000|100%| O|  |TAMS 0x00000000ffd00000| PB 0x00000000ffc00000| Untracked 
|2045|0x00000000ffd00000, 0x00000000ffe00000, 0x00000000ffe00000|100%| O|  |TAMS 0x00000000ffe00000| PB 0x00000000ffd00000| Untracked 
|2046|0x00000000ffe00000, 0x00000000fff00000, 0x00000000fff00000|100%| O|  |TAMS 0x00000000fff00000| PB 0x00000000ffe00000| Untracked 
|2047|0x00000000fff00000, 0x0000000100000000, 0x0000000100000000|100%| O|  |TAMS 0x0000000100000000| PB 0x00000000fff00000| Untracked 

Card table byte_map: [0x000001ccc3560000,0x000001ccc3960000] _byte_map_base: 0x000001ccc3160000

Marking Bits: (CMBitMap*) 0x000001ccae27e5e0
 Bits: [0x000001ccc3960000, 0x000001ccc5960000)

Polling page: 0x000001ccafd10000

Metaspace:

Usage:
  Non-class:     56.45 MB used.
      Class:      9.09 MB used.
       Both:     65.54 MB used.

Virtual space:
  Non-class space:       64.00 MB reserved,      57.19 MB ( 89%) committed,  1 nodes.
      Class space:        1.00 GB reserved,       9.81 MB ( <1%) committed,  1 nodes.
             Both:        1.06 GB reserved,      67.00 MB (  6%) committed. 

Chunk freelists:
   Non-Class:  5.94 MB
       Class:  6.22 MB
        Both:  12.16 MB

MaxMetaspaceSize: unlimited
CompressedClassSpaceSize: 1.00 GB
Initial GC threshold: 21.00 MB
Current GC threshold: 111.25 MB
CDS: off
 - commit_granule_bytes: 65536.
 - commit_granule_words: 8192.
 - virtual_space_node_default_size: 8388608.
 - enlarge_chunks_in_place: 1.
 - use_allocation_guard: 0.


Internal statistics:

num_allocs_failed_limit: 6.
num_arena_births: 2846.
num_arena_deaths: 4.
num_vsnodes_births: 2.
num_vsnodes_deaths: 0.
num_space_committed: 1072.
num_space_uncommitted: 0.
num_chunks_returned_to_freelist: 12.
num_chunks_taken_from_freelist: 5565.
num_chunk_merges: 3.
num_chunk_splits: 3567.
num_chunks_enlarged: 2131.
num_inconsistent_stats: 0.

CodeHeap 'non-profiled nmethods': size=119168Kb used=8520Kb max_used=8520Kb free=110647Kb
 bounds [0x000001ccbb250000, 0x000001ccbbad0000, 0x000001ccc26b0000]
CodeHeap 'profiled nmethods': size=119104Kb used=15400Kb max_used=15714Kb free=103703Kb
 bounds [0x000001ccb36b0000, 0x000001ccb4610000, 0x000001ccbab00000]
CodeHeap 'non-nmethods': size=7488Kb used=4275Kb max_used=4393Kb free=3212Kb
 bounds [0x000001ccbab00000, 0x000001ccbaf60000, 0x000001ccbb250000]
CodeCache: size=245760Kb, used=28195Kb, max_used=28627Kb, free=217562Kb
 total_blobs=9191, nmethods=8312, adapters=780, full_count=0
Compilation: enabled, stopped_count=0, restarted_count=0

Compilation events (20 events):
Event: 5.259 Thread 0x000001ccc8fa7970 10392       3       org.gradle.internal.vfs.impl.DefaultFileSystemAccess$$Lambda/0x0000000100517bc0::apply (8 bytes)
Event: 5.259 Thread 0x000001ccc994fe70 nmethod 10390 0x000001ccb43c9110 code [0x000001ccb43c92c0, 0x000001ccb43c9480]
Event: 5.259 Thread 0x000001ccc8fba1b0 10393       3       com.google.common.cache.LocalCache$LocalManualCache::get (23 bytes)
Event: 5.259 Thread 0x000001ccc8fa7970 nmethod 10392 0x000001ccb43c8810 code [0x000001ccb43c8a00, 0x000001ccb43c8f18]
Event: 5.259 Thread 0x000001ccc8fba1b0 nmethod 10393 0x000001ccb43c7f90 code [0x000001ccb43c8180, 0x000001ccb43c8608]
Event: 5.259 Thread 0x000001ccc8df62c0 nmethod 10391 0x000001ccb43c6b90 code [0x000001ccb43c6e20, 0x000001ccb43c7b28]
Event: 5.260 Thread 0x000001ccc8fba1b0 10394       3       org.gradle.internal.fingerprint.impl.DefaultFileSystemLocationFingerprint::compareTo (9 bytes)
Event: 5.260 Thread 0x000001ccc8fba1b0 nmethod 10394 0x000001ccb43c6210 code [0x000001ccb43c6420, 0x000001ccb43c6968]
Event: 5.265 Thread 0x000001ccd07b4150 10395       4       org.gradle.internal.io.IoSupplier$$Lambda/0x000000010078bf88::get (8 bytes)
Event: 5.265 Thread 0x000001ccc8df62c0 10396       3       org.gradle.api.internal.changedetection.state.FallbackHandlingResourceHasher::hash (50 bytes)
Event: 5.265 Thread 0x000001ccd07b4150 nmethod 10395 0x000001ccbb862510 code [0x000001ccbb8626c0, 0x000001ccbb8627f8]
Event: 5.265 Thread 0x000001ccc994fe70 10397       3       java.util.Optional::flatMap (38 bytes)
Event: 5.265 Thread 0x000001ccc994fe70 nmethod 10397 0x000001ccb43c5710 code [0x000001ccb43c5920, 0x000001ccb43c5fd8]
Event: 5.266 Thread 0x000001ccc8df62c0 nmethod 10396 0x000001ccb43c2190 code [0x000001ccb43c2620, 0x000001ccb43c4b90]
Event: 5.278 Thread 0x000001ccd0192890 10398       4       java.lang.ref.ReferenceQueue::enqueue0 (98 bytes)
Event: 5.280 Thread 0x000001ccd0192890 nmethod 10398 0x000001ccbb861a90 code [0x000001ccbb861ca0, 0x000001ccbb862230]
Event: 5.285 Thread 0x000001ccc8fa7970 10399       3       java.util.ComparableTimSort::mergeCollapse (134 bytes)
Event: 5.286 Thread 0x000001ccc8fa7970 nmethod 10399 0x000001ccb43c1890 code [0x000001ccb43c1a80, 0x000001ccb43c1f50]
Event: 5.288 Thread 0x000001ccc994fe70 10400       3       org.gradle.api.internal.changedetection.state.FallbackHandlingResourceHasher$$Lambda/0x00000001009b3ce0::test (12 bytes)
Event: 5.288 Thread 0x000001ccc994fe70 nmethod 10400 0x000001ccb43c1310 code [0x000001ccb43c14c0, 0x000001ccb43c1788]

GC Heap History (20 events):
Event: 3.949 GC heap before
{Heap before GC invocations=23 (full 0):
 garbage-first heap   total 163840K, used 153683K [0x0000000080000000, 0x0000000100000000)
  region size 1024K, 78 young (79872K), 3 survivors (3072K)
 Metaspace       used 65762K, committed 67328K, reserved 1114112K
  class space    used 9221K, committed 9984K, reserved 1048576K
}
Event: 3.951 GC heap after
{Heap after GC invocations=24 (full 0):
 garbage-first heap   total 196608K, used 77140K [0x0000000080000000, 0x0000000100000000)
  region size 1024K, 3 young (3072K), 3 survivors (3072K)
 Metaspace       used 65762K, committed 67328K, reserved 1114112K
  class space    used 9221K, committed 9984K, reserved 1048576K
}
Event: 4.110 GC heap before
{Heap before GC invocations=24 (full 0):
 garbage-first heap   total 196608K, used 183636K [0x0000000080000000, 0x0000000100000000)
  region size 1024K, 107 young (109568K), 3 survivors (3072K)
 Metaspace       used 65764K, committed 67328K, reserved 1114112K
  class space    used 9223K, committed 9984K, reserved 1048576K
}
Event: 4.112 GC heap after
{Heap after GC invocations=25 (full 0):
 garbage-first heap   total 196608K, used 78198K [0x0000000080000000, 0x0000000100000000)
  region size 1024K, 4 young (4096K), 4 survivors (4096K)
 Metaspace       used 65764K, committed 67328K, reserved 1114112K
  class space    used 9223K, committed 9984K, reserved 1048576K
}
Event: 4.267 GC heap before
{Heap before GC invocations=25 (full 0):
 garbage-first heap   total 196608K, used 184694K [0x0000000080000000, 0x0000000100000000)
  region size 1024K, 108 young (110592K), 4 survivors (4096K)
 Metaspace       used 65822K, committed 67328K, reserved 1114112K
  class space    used 9223K, committed 9984K, reserved 1048576K
}
Event: 4.270 GC heap after
{Heap after GC invocations=26 (full 0):
 garbage-first heap   total 196608K, used 79143K [0x0000000080000000, 0x0000000100000000)
  region size 1024K, 5 young (5120K), 5 survivors (5120K)
 Metaspace       used 65822K, committed 67328K, reserved 1114112K
  class space    used 9223K, committed 9984K, reserved 1048576K
}
Event: 4.502 GC heap before
{Heap before GC invocations=26 (full 0):
 garbage-first heap   total 196608K, used 180519K [0x0000000080000000, 0x0000000100000000)
  region size 1024K, 105 young (107520K), 5 survivors (5120K)
 Metaspace       used 65958K, committed 67456K, reserved 1114112K
  class space    used 9247K, committed 9984K, reserved 1048576K
}
Event: 4.503 GC heap after
{Heap after GC invocations=27 (full 0):
 garbage-first heap   total 196608K, used 75431K [0x0000000080000000, 0x0000000100000000)
  region size 1024K, 1 young (1024K), 1 survivors (1024K)
 Metaspace       used 65958K, committed 67456K, reserved 1114112K
  class space    used 9247K, committed 9984K, reserved 1048576K
}
Event: 4.615 GC heap before
{Heap before GC invocations=28 (full 0):
 garbage-first heap   total 196608K, used 189095K [0x0000000080000000, 0x0000000100000000)
  region size 1024K, 108 young (110592K), 1 survivors (1024K)
 Metaspace       used 66013K, committed 67520K, reserved 1114112K
  class space    used 9251K, committed 9984K, reserved 1048576K
}
Event: 4.616 GC heap after
{Heap after GC invocations=29 (full 0):
 garbage-first heap   total 196608K, used 77405K [0x0000000080000000, 0x0000000100000000)
  region size 1024K, 1 young (1024K), 1 survivors (1024K)
 Metaspace       used 66013K, committed 67520K, reserved 1114112K
  class space    used 9251K, committed 9984K, reserved 1048576K
}
Event: 4.747 GC heap before
{Heap before GC invocations=29 (full 0):
 garbage-first heap   total 196608K, used 184925K [0x0000000080000000, 0x0000000100000000)
  region size 1024K, 106 young (108544K), 1 survivors (1024K)
 Metaspace       used 66353K, committed 67840K, reserved 1114112K
  class space    used 9270K, committed 9984K, reserved 1048576K
}
Event: 4.749 GC heap after
{Heap after GC invocations=30 (full 0):
 garbage-first heap   total 196608K, used 81000K [0x0000000080000000, 0x0000000100000000)
  region size 1024K, 5 young (5120K), 5 survivors (5120K)
 Metaspace       used 66353K, committed 67840K, reserved 1114112K
  class space    used 9270K, committed 9984K, reserved 1048576K
}
Event: 4.862 GC heap before
{Heap before GC invocations=30 (full 0):
 garbage-first heap   total 196608K, used 184424K [0x0000000080000000, 0x0000000100000000)
  region size 1024K, 106 young (108544K), 5 survivors (5120K)
 Metaspace       used 66804K, committed 68352K, reserved 1114112K
  class space    used 9300K, committed 10048K, reserved 1048576K
}
Event: 4.865 GC heap after
{Heap after GC invocations=31 (full 0):
 garbage-first heap   total 236544K, used 86098K [0x0000000080000000, 0x0000000100000000)
  region size 1024K, 10 young (10240K), 10 survivors (10240K)
 Metaspace       used 66804K, committed 68352K, reserved 1114112K
  class space    used 9300K, committed 10048K, reserved 1048576K
}
Event: 5.010 GC heap before
{Heap before GC invocations=32 (full 0):
 garbage-first heap   total 236544K, used 216146K [0x0000000080000000, 0x0000000100000000)
  region size 1024K, 138 young (141312K), 10 survivors (10240K)
 Metaspace       used 67056K, committed 68608K, reserved 1114112K
  class space    used 9305K, committed 10048K, reserved 1048576K
}
Event: 5.014 GC heap after
{Heap after GC invocations=33 (full 0):
 garbage-first heap   total 236544K, used 90042K [0x0000000080000000, 0x0000000100000000)
  region size 1024K, 14 young (14336K), 14 survivors (14336K)
 Metaspace       used 67056K, committed 68608K, reserved 1114112K
  class space    used 9305K, committed 10048K, reserved 1048576K
}
Event: 5.110 GC heap before
{Heap before GC invocations=33 (full 0):
 garbage-first heap   total 236544K, used 217018K [0x0000000080000000, 0x0000000100000000)
  region size 1024K, 138 young (141312K), 14 survivors (14336K)
 Metaspace       used 67088K, committed 68608K, reserved 1114112K
  class space    used 9305K, committed 10048K, reserved 1048576K
}
Event: 5.113 GC heap after
{Heap after GC invocations=34 (full 0):
 garbage-first heap   total 236544K, used 89785K [0x0000000080000000, 0x0000000100000000)
  region size 1024K, 10 young (10240K), 10 survivors (10240K)
 Metaspace       used 67088K, committed 68608K, reserved 1114112K
  class space    used 9305K, committed 10048K, reserved 1048576K
}
Event: 5.276 GC heap before
{Heap before GC invocations=34 (full 0):
 garbage-first heap   total 236544K, used 219833K [0x0000000080000000, 0x0000000100000000)
  region size 1024K, 138 young (141312K), 10 survivors (10240K)
 Metaspace       used 67110K, committed 68608K, reserved 1114112K
  class space    used 9306K, committed 10048K, reserved 1048576K
}
Event: 5.278 GC heap after
{Heap after GC invocations=35 (full 0):
 garbage-first heap   total 236544K, used 88696K [0x0000000080000000, 0x0000000100000000)
  region size 1024K, 9 young (9216K), 9 survivors (9216K)
 Metaspace       used 67110K, committed 68608K, reserved 1114112K
  class space    used 9306K, committed 10048K, reserved 1048576K
}

Dll operation events (3 events):
Event: 0.028 Loaded shared library C:\Program Files\Android\Android Studio\jbr\bin\java.dll
Event: 0.030 Loaded shared library C:\Program Files\Android\Android Studio\jbr\bin\zip.dll
Event: 0.254 Loaded shared library C:\Program Files\Android\Android Studio\jbr\bin\verify.dll

Deoptimization events (20 events):
Event: 5.258 Thread 0x000001cccfa830e0 Uncommon trap: trap_request=0xffffffde fr.pc=0x000001ccbb2eae04 relative=0x00000000000000c4
Event: 5.258 Thread 0x000001cccfa830e0 Uncommon trap: reason=class_check action=maybe_recompile pc=0x000001ccbb2eae04 method=java.util.stream.Streams$ConcatSpliterator.estimateSize()J @ 11 c2
Event: 5.258 Thread 0x000001cccfa830e0 DEOPT PACKING pc=0x000001ccbb2eae04 sp=0x000000c5686f8b20
Event: 5.258 Thread 0x000001cccfa830e0 DEOPT UNPACKING pc=0x000001ccbab543a2 sp=0x000000c5686f8aa8 mode 2
Event: 5.258 Thread 0x000001cccfa830e0 Uncommon trap: trap_request=0xffffffde fr.pc=0x000001ccbb4b074c relative=0x00000000000003ac
Event: 5.258 Thread 0x000001cccfa830e0 Uncommon trap: reason=class_check action=maybe_recompile pc=0x000001ccbb4b074c method=java.util.stream.Streams$ConcatSpliterator.forEachRemaining(Ljava/util/function/Consumer;)V @ 12 c2
Event: 5.258 Thread 0x000001cccfa830e0 DEOPT PACKING pc=0x000001ccbb4b074c sp=0x000000c5686f8b20
Event: 5.258 Thread 0x000001cccfa830e0 DEOPT UNPACKING pc=0x000001ccbab543a2 sp=0x000000c5686f8ac8 mode 2
Event: 5.264 Thread 0x000001cccfa830e0 Uncommon trap: trap_request=0xffffff45 fr.pc=0x000001ccbb7a3ef8 relative=0x00000000000021f8
Event: 5.265 Thread 0x000001cccfa830e0 Uncommon trap: reason=unstable_if action=reinterpret pc=0x000001ccbb7a3ef8 method=org.gradle.api.internal.changedetection.state.MetaInfAwareClasspathResourceHasher.filter(Lorg/gradle/internal/fingerprint/hashing/ZipEntryContext;)Z @ 28 c2
Event: 5.265 Thread 0x000001cccfa830e0 DEOPT PACKING pc=0x000001ccbb7a3ef8 sp=0x000000c5686f8210
Event: 5.265 Thread 0x000001cccfa830e0 DEOPT UNPACKING pc=0x000001ccbab543a2 sp=0x000000c5686f80c8 mode 2
Event: 5.265 Thread 0x000001cccfa830e0 Uncommon trap: trap_request=0xffffff45 fr.pc=0x000001ccbb5fcaa4 relative=0x0000000000000084
Event: 5.265 Thread 0x000001cccfa830e0 Uncommon trap: reason=unstable_if action=reinterpret pc=0x000001ccbb5fcaa4 method=java.util.Optional.flatMap(Ljava/util/function/Function;)Ljava/util/Optional; @ 9 c2
Event: 5.265 Thread 0x000001cccfa830e0 DEOPT PACKING pc=0x000001ccbb5fcaa4 sp=0x000000c5686f81e0
Event: 5.265 Thread 0x000001cccfa830e0 DEOPT UNPACKING pc=0x000001ccbab543a2 sp=0x000000c5686f8188 mode 2
Event: 5.286 Thread 0x000001cccfa830e0 Uncommon trap: trap_request=0xffffff45 fr.pc=0x000001ccbb30b358 relative=0x0000000000000b78
Event: 5.286 Thread 0x000001cccfa830e0 Uncommon trap: reason=unstable_if action=reinterpret pc=0x000001ccbb30b358 method=org.gradle.api.internal.changedetection.state.MetaInfAwareClasspathResourceHasher.filter(Lorg/gradle/internal/fingerprint/hashing/ZipEntryContext;)Z @ 28 c2
Event: 5.286 Thread 0x000001cccfa830e0 DEOPT PACKING pc=0x000001ccbb30b358 sp=0x000000c5686f8100
Event: 5.286 Thread 0x000001cccfa830e0 DEOPT UNPACKING pc=0x000001ccbab543a2 sp=0x000000c5686f8058 mode 2

Classes loaded (20 events):
Event: 3.483 Loading class java/util/zip/Deflater$DeflaterZStreamRef
Event: 3.484 Loading class java/util/zip/Deflater$DeflaterZStreamRef done
Event: 3.501 Loading class java/nio/StringCharBuffer
Event: 3.501 Loading class java/nio/StringCharBuffer done
Event: 3.506 Loading class java/security/Key
Event: 3.506 Loading class java/security/Key done
Event: 4.484 Loading class java/util/stream/SortedOps$OfRef
Event: 4.484 Loading class java/util/stream/SortedOps$OfRef done
Event: 4.484 Loading class java/util/stream/SortedOps$SizedRefSortingSink
Event: 4.484 Loading class java/util/stream/SortedOps$AbstractRefSortingSink
Event: 4.484 Loading class java/util/stream/SortedOps$AbstractRefSortingSink done
Event: 4.484 Loading class java/util/stream/SortedOps$SizedRefSortingSink done
Event: 4.488 Loading class java/util/HashMap$EntrySpliterator
Event: 4.488 Loading class java/util/HashMap$EntrySpliterator done
Event: 4.488 Loading class java/util/stream/SortedOps$RefSortingSink
Event: 4.488 Loading class java/util/stream/SortedOps$RefSortingSink done
Event: 4.649 Loading class java/lang/ThreadDeath
Event: 4.649 Loading class java/lang/ThreadDeath done
Event: 4.649 Loading class sun/misc/SharedSecrets
Event: 4.649 Loading class sun/misc/SharedSecrets done

Classes unloaded (8 events):
Event: 3.235 Thread 0x000001ccc8d6dbe0 Unloading class 0x0000000100738568 '_BuildScript_$_run_closure1'
Event: 3.235 Thread 0x000001ccc8d6dbe0 Unloading class 0x0000000100738000 '_BuildScript_'
Event: 3.758 Thread 0x000001ccc8d6dbe0 Unloading class 0x00000001007dc988 '_BuildScript_$_run_closure1$_closure2'
Event: 3.758 Thread 0x000001ccc8d6dbe0 Unloading class 0x00000001007dc568 '_BuildScript_$_run_closure1'
Event: 3.758 Thread 0x000001ccc8d6dbe0 Unloading class 0x00000001007dc000 '_BuildScript_'
Event: 5.289 Thread 0x000001ccc8d6dbe0 Unloading class 0x00000001007dc988 '_BuildScript_$_run_closure2'
Event: 5.289 Thread 0x000001ccc8d6dbe0 Unloading class 0x00000001007dc568 '_BuildScript_$_run_closure1'
Event: 5.289 Thread 0x000001ccc8d6dbe0 Unloading class 0x00000001007dc000 '_BuildScript_'

Classes redefined (0 events):
No events

Internal exceptions (20 events):
Event: 5.201 Thread 0x000001ccd1920990 Exception <a 'sun/nio/fs/WindowsException'{0x0000000087f09618}> (0x0000000087f09618) 
thrown [s\src\hotspot\share\prims\jni.cpp, line 537]
Event: 5.203 Thread 0x000001ccd1920990 Exception <a 'sun/nio/fs/WindowsException'{0x0000000087f12e48}> (0x0000000087f12e48) 
thrown [s\src\hotspot\share\prims\jni.cpp, line 537]
Event: 5.203 Thread 0x000001ccd1920990 Exception <a 'sun/nio/fs/WindowsException'{0x0000000087f13fb8}> (0x0000000087f13fb8) 
thrown [s\src\hotspot\share\prims\jni.cpp, line 537]
Event: 5.204 Thread 0x000001ccd1920990 Exception <a 'sun/nio/fs/WindowsException'{0x0000000087f19d70}> (0x0000000087f19d70) 
thrown [s\src\hotspot\share\prims\jni.cpp, line 537]
Event: 5.204 Thread 0x000001ccd1920990 Exception <a 'sun/nio/fs/WindowsException'{0x0000000087f1dd88}> (0x0000000087f1dd88) 
thrown [s\src\hotspot\share\prims\jni.cpp, line 537]
Event: 5.204 Thread 0x000001ccd1920990 Exception <a 'sun/nio/fs/WindowsException'{0x0000000087f1ef90}> (0x0000000087f1ef90) 
thrown [s\src\hotspot\share\prims\jni.cpp, line 537]
Event: 5.204 Thread 0x000001ccd1920990 Exception <a 'sun/nio/fs/WindowsException'{0x0000000087f203e8}> (0x0000000087f203e8) 
thrown [s\src\hotspot\share\prims\jni.cpp, line 537]
Event: 5.218 Thread 0x000001ccd1920990 Exception <a 'sun/nio/fs/WindowsException'{0x0000000087f3fcd8}> (0x0000000087f3fcd8) 
thrown [s\src\hotspot\share\prims\jni.cpp, line 537]
Event: 5.233 Thread 0x000001ccd191ce80 Exception <a 'sun/nio/fs/WindowsException'{0x00000000871524a8}> (0x00000000871524a8) 
thrown [s\src\hotspot\share\prims\jni.cpp, line 537]
Event: 5.235 Thread 0x000001ccd191ce80 Exception <a 'sun/nio/fs/WindowsException'{0x00000000871682b8}> (0x00000000871682b8) 
thrown [s\src\hotspot\share\prims\jni.cpp, line 537]
Event: 5.235 Thread 0x000001ccd191ce80 Exception <a 'sun/nio/fs/WindowsException'{0x0000000087169150}> (0x0000000087169150) 
thrown [s\src\hotspot\share\prims\jni.cpp, line 537]
Event: 5.235 Thread 0x000001ccd191ce80 Exception <a 'sun/nio/fs/WindowsException'{0x000000008716a240}> (0x000000008716a240) 
thrown [s\src\hotspot\share\prims\jni.cpp, line 537]
Event: 5.235 Thread 0x000001ccd191ce80 Exception <a 'sun/nio/fs/WindowsException'{0x000000008716b480}> (0x000000008716b480) 
thrown [s\src\hotspot\share\prims\jni.cpp, line 537]
Event: 5.236 Thread 0x000001ccd191ce80 Exception <a 'sun/nio/fs/WindowsException'{0x0000000087174bd8}> (0x0000000087174bd8) 
thrown [s\src\hotspot\share\prims\jni.cpp, line 537]
Event: 5.236 Thread 0x000001ccd191ce80 Exception <a 'sun/nio/fs/WindowsException'{0x0000000087175d48}> (0x0000000087175d48) 
thrown [s\src\hotspot\share\prims\jni.cpp, line 537]
Event: 5.236 Thread 0x000001ccd191ce80 Exception <a 'sun/nio/fs/WindowsException'{0x000000008717c0a0}> (0x000000008717c0a0) 
thrown [s\src\hotspot\share\prims\jni.cpp, line 537]
Event: 5.236 Thread 0x000001ccd191ce80 Exception <a 'sun/nio/fs/WindowsException'{0x000000008701cf78}> (0x000000008701cf78) 
thrown [s\src\hotspot\share\prims\jni.cpp, line 537]
Event: 5.236 Thread 0x000001ccd191ce80 Exception <a 'sun/nio/fs/WindowsException'{0x000000008701e148}> (0x000000008701e148) 
thrown [s\src\hotspot\share\prims\jni.cpp, line 537]
Event: 5.236 Thread 0x000001ccd191ce80 Exception <a 'sun/nio/fs/WindowsException'{0x000000008701f580}> (0x000000008701f580) 
thrown [s\src\hotspot\share\prims\jni.cpp, line 537]
Event: 5.256 Thread 0x000001ccd191ce80 Exception <a 'sun/nio/fs/WindowsException'{0x0000000087046a00}> (0x0000000087046a00) 
thrown [s\src\hotspot\share\prims\jni.cpp, line 537]

ZGC Phase Switch (0 events):
No events

VM Operations (20 events):
Event: 4.661 Executing safepoint VM operation: ICBufferFull done
Event: 4.747 Executing safepoint VM operation: G1CollectForAllocation (G1 Evacuation Pause)
Event: 4.749 Executing safepoint VM operation: G1CollectForAllocation (G1 Evacuation Pause) done
Event: 4.807 Executing safepoint VM operation: ICBufferFull
Event: 4.807 Executing safepoint VM operation: ICBufferFull done
Event: 4.862 Executing safepoint VM operation: G1CollectForAllocation (G1 Evacuation Pause)
Event: 4.865 Executing safepoint VM operation: G1CollectForAllocation (G1 Evacuation Pause) done
Event: 4.878 Executing safepoint VM operation: G1PauseRemark
Event: 4.880 Executing safepoint VM operation: G1PauseRemark done
Event: 4.885 Executing safepoint VM operation: G1PauseCleanup
Event: 4.885 Executing safepoint VM operation: G1PauseCleanup done
Event: 4.962 Executing safepoint VM operation: ICBufferFull
Event: 4.962 Executing safepoint VM operation: ICBufferFull done
Event: 5.010 Executing safepoint VM operation: G1CollectForAllocation (G1 Evacuation Pause)
Event: 5.014 Executing safepoint VM operation: G1CollectForAllocation (G1 Evacuation Pause) done
Event: 5.110 Executing safepoint VM operation: G1CollectForAllocation (G1 Evacuation Pause)
Event: 5.113 Executing safepoint VM operation: G1CollectForAllocation (G1 Evacuation Pause) done
Event: 5.276 Executing safepoint VM operation: G1CollectForAllocation (G1 Evacuation Pause)
Event: 5.278 Executing safepoint VM operation: G1CollectForAllocation (G1 Evacuation Pause) done
Event: 5.289 Executing safepoint VM operation: G1PauseRemark

Memory protections (0 events):
No events

Nmethod flushes (20 events):
Event: 4.880 Thread 0x000001ccc8d6dbe0 flushing  nmethod 0x000001ccb431b090
Event: 4.880 Thread 0x000001ccc8d6dbe0 flushing  nmethod 0x000001ccb431be90
Event: 4.880 Thread 0x000001ccc8d6dbe0 flushing  nmethod 0x000001ccb431c310
Event: 4.880 Thread 0x000001ccc8d6dbe0 flushing  nmethod 0x000001ccb431ea90
Event: 4.880 Thread 0x000001ccc8d6dbe0 flushing  nmethod 0x000001ccb4320690
Event: 4.880 Thread 0x000001ccc8d6dbe0 flushing  nmethod 0x000001ccb4321910
Event: 4.880 Thread 0x000001ccc8d6dbe0 flushing  nmethod 0x000001ccb4321f90
Event: 4.880 Thread 0x000001ccc8d6dbe0 flushing  nmethod 0x000001ccb4322690
Event: 4.880 Thread 0x000001ccc8d6dbe0 flushing  nmethod 0x000001ccbb859410
Event: 4.880 Thread 0x000001ccc8d6dbe0 flushing  nmethod 0x000001ccbb861090
Event: 4.880 Thread 0x000001ccc8d6dbe0 flushing  nmethod 0x000001ccbb977990
Event: 4.880 Thread 0x000001ccc8d6dbe0 flushing  nmethod 0x000001ccbb97fa10
Event: 4.880 Thread 0x000001ccc8d6dbe0 flushing  nmethod 0x000001ccb36cba90
Event: 4.880 Thread 0x000001ccc8d6dbe0 flushing  nmethod 0x000001ccb3def510
Event: 4.880 Thread 0x000001ccc8d6dbe0 flushing  nmethod 0x000001ccb3df0590
Event: 4.880 Thread 0x000001ccc8d6dbe0 flushing  nmethod 0x000001ccb3ecc310
Event: 4.880 Thread 0x000001ccc8d6dbe0 flushing  nmethod 0x000001ccb3f92d10
Event: 4.880 Thread 0x000001ccc8d6dbe0 flushing  nmethod 0x000001ccb413c790
Event: 4.880 Thread 0x000001ccc8d6dbe0 flushing  nmethod 0x000001ccb42aa190
Event: 4.880 Thread 0x000001ccc8d6dbe0 flushing  nmethod 0x000001ccb42b1e10

Events (20 events):
Event: 4.807 Thread 0x000001cccfa830e0 Thread added: 0x000001ccd0924a50
Event: 4.808 Thread 0x000001cccfa830e0 Thread added: 0x000001ccd0921c60
Event: 4.808 Thread 0x000001cccfa830e0 Thread added: 0x000001ccd0922980
Event: 4.808 Thread 0x000001cccfa830e0 Thread added: 0x000001ccd0926b20
Event: 4.808 Thread 0x000001cccfa830e0 Thread added: 0x000001ccd1920300
Event: 4.809 Thread 0x000001cccfa830e0 Thread added: 0x000001ccd19223d0
Event: 4.813 Thread 0x000001ccc8fa7970 Thread added: 0x000001ccd07b3a80
Event: 4.839 Thread 0x000001cccfa830e0 Thread added: 0x000001ccd191dba0
Event: 4.840 Thread 0x000001cccfa830e0 Thread added: 0x000001ccd191e230
Event: 4.840 Thread 0x000001cccfa830e0 Thread added: 0x000001ccd191ef50
Event: 4.840 Thread 0x000001cccfa830e0 Thread added: 0x000001ccd191e8c0
Event: 4.840 Thread 0x000001cccfa830e0 Thread added: 0x000001ccd191fc70
Event: 4.840 Thread 0x000001cccfa830e0 Thread added: 0x000001ccd191f5e0
Event: 4.841 Thread 0x000001cccfa830e0 Thread added: 0x000001ccd1920990
Event: 4.841 Thread 0x000001cccfa830e0 Thread added: 0x000001ccd1922a60
Event: 4.841 Thread 0x000001cccfa830e0 Thread added: 0x000001ccd1921020
Event: 4.841 Thread 0x000001cccfa830e0 Thread added: 0x000001ccd1921d40
Event: 4.841 Thread 0x000001cccfa830e0 Thread added: 0x000001ccd191ce80
Event: 4.842 Thread 0x000001cccfa830e0 Thread added: 0x000001ccd19216b0
Event: 4.997 Thread 0x000001ccc8df62c0 Thread added: 0x000001ccd07b4ef0


Dynamic libraries:
0x00007ff7dda60000 - 0x00007ff7dda6a000 	C:\Program Files\Android\Android Studio\jbr\bin\java.exe
0x00007ff8194b0000 - 0x00007ff8196c8000 	C:\Windows\SYSTEM32\ntdll.dll
0x00007ff817550000 - 0x00007ff817614000 	C:\Windows\System32\KERNEL32.DLL
0x00007ff816980000 - 0x00007ff816d53000 	C:\Windows\System32\KERNELBASE.dll
0x00007ff816860000 - 0x00007ff816971000 	C:\Windows\System32\ucrtbase.dll
0x00007fff96de0000 - 0x00007fff96dfb000 	C:\Program Files\Android\Android Studio\jbr\bin\VCRUNTIME140.dll
0x00007ffff9430000 - 0x00007ffff9448000 	C:\Program Files\Android\Android Studio\jbr\bin\jli.dll
0x00007ff818c20000 - 0x00007ff818dd2000 	C:\Windows\System32\USER32.dll
0x00007ff817120000 - 0x00007ff817146000 	C:\Windows\System32\win32u.dll
0x00007ff817ec0000 - 0x00007ff817ee9000 	C:\Windows\System32\GDI32.dll
0x00007ffff4100000 - 0x00007ffff439c000 	C:\Windows\WinSxS\amd64_microsoft.windows.common-controls_6595b64144ccf1df_6.0.22621.6060_none_2712eda17382d24b\COMCTL32.dll
0x00007ff816e90000 - 0x00007ff816fab000 	C:\Windows\System32\gdi32full.dll
0x00007ff819300000 - 0x00007ff8193a7000 	C:\Windows\System32\msvcrt.dll
0x00007ff8165c0000 - 0x00007ff81665a000 	C:\Windows\System32\msvcp_win.dll
0x00007ff817150000 - 0x00007ff817181000 	C:\Windows\System32\IMM32.DLL
0x00007fff96e00000 - 0x00007fff96e0c000 	C:\Program Files\Android\Android Studio\jbr\bin\vcruntime140_1.dll
0x00007ffff93a0000 - 0x00007ffff942d000 	C:\Program Files\Android\Android Studio\jbr\bin\msvcp140.dll
0x00007fff96e10000 - 0x00007fff97aa6000 	C:\Program Files\Android\Android Studio\jbr\bin\server\jvm.dll
0x00007ff8193b0000 - 0x00007ff819461000 	C:\Windows\System32\ADVAPI32.dll
0x00007ff818a30000 - 0x00007ff818ad8000 	C:\Windows\System32\sechost.dll
0x00007ff816d60000 - 0x00007ff816d88000 	C:\Windows\System32\bcrypt.dll
0x00007ff818910000 - 0x00007ff818a28000 	C:\Windows\System32\RPCRT4.dll
0x00007ff817470000 - 0x00007ff8174e1000 	C:\Windows\System32\WS2_32.dll
0x00007ff80bd30000 - 0x00007ff80bd64000 	C:\Windows\SYSTEM32\WINMM.dll
0x00007ff8153d0000 - 0x00007ff81541d000 	C:\Windows\SYSTEM32\POWRPROF.dll
0x00007ff805c30000 - 0x00007ff805c3a000 	C:\Windows\SYSTEM32\VERSION.dll
0x00007ff8153b0000 - 0x00007ff8153c3000 	C:\Windows\SYSTEM32\UMPDC.dll
0x00007ff815650000 - 0x00007ff815668000 	C:\Windows\SYSTEM32\kernel.appcore.dll
0x00007fff96dd0000 - 0x00007fff96dda000 	C:\Program Files\Android\Android Studio\jbr\bin\jimage.dll
0x00007ffffc840000 - 0x00007ffffca73000 	C:\Windows\SYSTEM32\DBGHELP.DLL
0x00007ff817ef0000 - 0x00007ff818281000 	C:\Windows\System32\combase.dll
0x00007ff818290000 - 0x00007ff818368000 	C:\Windows\System32\OLEAUT32.dll
0x00007ffffc800000 - 0x00007ffffc832000 	C:\Windows\SYSTEM32\dbgcore.DLL
0x00007ff816d90000 - 0x00007ff816e0b000 	C:\Windows\System32\bcryptPrimitives.dll
0x00007ff812ab0000 - 0x00007ff812abe000 	C:\Program Files\Android\Android Studio\jbr\bin\instrument.dll
0x00007fff96db0000 - 0x00007fff96dd0000 	C:\Program Files\Android\Android Studio\jbr\bin\java.dll
0x00007fff96d90000 - 0x00007fff96da8000 	C:\Program Files\Android\Android Studio\jbr\bin\zip.dll
0x00007ff817620000 - 0x00007ff817ebc000 	C:\Windows\System32\SHELL32.dll
0x00007ff816720000 - 0x00007ff81685f000 	C:\Windows\System32\wintypes.dll
0x00007ff814480000 - 0x00007ff814d9a000 	C:\Windows\SYSTEM32\windows.storage.dll
0x00007ff8187f0000 - 0x00007ff8188f4000 	C:\Windows\System32\SHCORE.dll
0x00007ff818e00000 - 0x00007ff818e69000 	C:\Windows\System32\shlwapi.dll
0x00007ff8164f0000 - 0x00007ff816515000 	C:\Windows\SYSTEM32\profapi.dll
0x00007fff96d80000 - 0x00007fff96d90000 	C:\Program Files\Android\Android Studio\jbr\bin\net.dll
0x00007ff810ed0000 - 0x00007ff810ffc000 	C:\Windows\SYSTEM32\WINHTTP.dll
0x00007ff815b10000 - 0x00007ff815b79000 	C:\Windows\system32\mswsock.dll
0x00007fff96d60000 - 0x00007fff96d76000 	C:\Program Files\Android\Android Studio\jbr\bin\nio.dll
0x00007fffe7f60000 - 0x00007fffe7f70000 	C:\Program Files\Android\Android Studio\jbr\bin\verify.dll
0x00007ff804e10000 - 0x00007ff804e37000 	C:\Users\pc\.gradle\native\1def1411415f61bf3af743bc5b6707747c0891f09f0c88961ee8f79bc544acac\windows-amd64\native-platform.dll
0x00007fffedab0000 - 0x00007fffedb28000 	C:\Users\pc\.gradle\native\0.2.7\x86_64-windows-gnu\gradle-fileevents.dll
0x00007fff967a0000 - 0x00007fff967a9000 	C:\Program Files\Android\Android Studio\jbr\bin\management.dll
0x00007fff96790000 - 0x00007fff9679b000 	C:\Program Files\Android\Android Studio\jbr\bin\management_ext.dll
0x00007ff818e70000 - 0x00007ff818e78000 	C:\Windows\System32\PSAPI.DLL
0x00007ff815070000 - 0x00007ff81509d000 	C:\Windows\SYSTEM32\IPHLPAPI.DLL
0x00007ff818900000 - 0x00007ff818909000 	C:\Windows\System32\NSI.dll
0x00007fff96800000 - 0x00007fff96809000 	C:\Program Files\Android\Android Studio\jbr\bin\extnet.dll
0x00007ff815e60000 - 0x00007ff815e7b000 	C:\Windows\SYSTEM32\CRYPTSP.dll
0x00007ff8155b0000 - 0x00007ff8155e7000 	C:\Windows\system32\rsaenh.dll
0x00007ff815bb0000 - 0x00007ff815bd8000 	C:\Windows\SYSTEM32\USERENV.dll
0x00007ff815e40000 - 0x00007ff815e4c000 	C:\Windows\SYSTEM32\CRYPTBASE.dll
0x00007fff96940000 - 0x00007fff96948000 	C:\Windows\system32\wshunix.dll
0x00007ff815760000 - 0x00007ff815794000 	C:\Windows\SYSTEM32\ntmarta.dll

JVMTI agents:
C:\Users\pc\.gradle\wrapper\dists\gradle-8.13-bin\5xuhj0ry160q40clulazy9h7d\gradle-8.13\lib\agents\gradle-instrumentation-agent-8.13.jar path:C:\Program Files\Android\Android Studio\jbr\bin\instrument.dll, loaded, initialized, instrumentlib options:none

dbghelp: loaded successfully - version: 4.0.5 - missing functions: none
symbol engine: initialized successfully - sym options: 0x614 - pdb path: .;C:\Program Files\Android\Android Studio\jbr\bin;C:\Windows\SYSTEM32;C:\Windows\WinSxS\amd64_microsoft.windows.common-controls_6595b64144ccf1df_6.0.22621.6060_none_2712eda17382d24b;C:\Program Files\Android\Android Studio\jbr\bin\server;C:\Users\pc\.gradle\native\1def1411415f61bf3af743bc5b6707747c0891f09f0c88961ee8f79bc544acac\windows-amd64;C:\Users\pc\.gradle\native\0.2.7\x86_64-windows-gnu

VM Arguments:
jvm_args: --add-opens=java.base/java.lang=ALL-UNNAMED --add-opens=java.base/java.lang.invoke=ALL-UNNAMED --add-opens=java.base/java.util=ALL-UNNAMED --add-opens=java.prefs/java.util.prefs=ALL-UNNAMED --add-exports=jdk.compiler/com.sun.tools.javac.api=ALL-UNNAMED --add-exports=jdk.compiler/com.sun.tools.javac.util=ALL-UNNAMED --add-opens=java.base/java.util=ALL-UNNAMED --add-opens=java.prefs/java.util.prefs=ALL-UNNAMED --add-opens=java.base/java.nio.charset=ALL-UNNAMED --add-opens=java.base/java.net=ALL-UNNAMED --add-opens=java.base/java.util.concurrent.atomic=ALL-UNNAMED --add-opens=java.xml/javax.xml.namespace=ALL-UNNAMED -Xmx2048m -Dfile.encoding=UTF-8 -Duser.country=GB -Duser.language=en -Duser.variant -javaagent:C:\Users\pc\.gradle\wrapper\dists\gradle-8.13-bin\5xuhj0ry160q40clulazy9h7d\gradle-8.13\lib\agents\gradle-instrumentation-agent-8.13.jar 
java_command: org.gradle.launcher.daemon.bootstrap.GradleDaemon 8.13
java_class_path (initial): C:\Users\pc\.gradle\wrapper\dists\gradle-8.13-bin\5xuhj0ry160q40clulazy9h7d\gradle-8.13\lib\gradle-daemon-main-8.13.jar
Launcher Type: SUN_STANDARD

[Global flags]
     intx CICompilerCount                          = 12                                        {product} {ergonomic}
     uint ConcGCThreads                            = 4                                         {product} {ergonomic}
     uint G1ConcRefinementThreads                  = 15                                        {product} {ergonomic}
   size_t G1HeapRegionSize                         = 1048576                                   {product} {ergonomic}
    uintx GCDrainStackTargetSize                   = 64                                        {product} {ergonomic}
   size_t InitialHeapSize                          = 266338304                                 {product} {ergonomic}
   size_t MarkStackSize                            = 4194304                                   {product} {ergonomic}
   size_t MaxHeapSize                              = 2147483648                                {product} {command line}
   size_t MaxNewSize                               = 1287651328                                {product} {ergonomic}
   size_t MinHeapDeltaBytes                        = 1048576                                   {product} {ergonomic}
   size_t MinHeapSize                              = 8388608                                   {product} {ergonomic}
    uintx NonNMethodCodeHeapSize                   = 7602480                                {pd product} {ergonomic}
    uintx NonProfiledCodeHeapSize                  = 122027880                              {pd product} {ergonomic}
    uintx ProfiledCodeHeapSize                     = 122027880                              {pd product} {ergonomic}
    uintx ReservedCodeCacheSize                    = 251658240                              {pd product} {ergonomic}
     bool SegmentedCodeCache                       = true                                      {product} {ergonomic}
   size_t SoftMaxHeapSize                          = 2147483648                             {manageable} {ergonomic}
     bool UseCompressedOops                        = true                           {product lp64_product} {ergonomic}
     bool UseG1GC                                  = true                                      {product} {ergonomic}
     bool UseLargePagesIndividualAllocation        = false                                  {pd product} {ergonomic}

Logging:
Log output configuration:
 #0: stdout all=warning uptime,level,tags foldmultilines=false
 #1: stderr all=off uptime,level,tags foldmultilines=false

Release file:
JAVA_VERSION="21.0.10" 
MODULES="java.base java.compiler java.datatransfer java.xml java.prefs java.desktop java.instrument java.logging java.management java.security.sasl java.naming java.rmi java.management.rmi java.net.http java.scripting java.security.jgss java.transaction.xa java.sql java.sql.rowset java.xml.crypto java.se java.smartcardio jdk.accessibility jdk.internal.jvmstat jdk.attach jdk.charsets jdk.internal.opt jdk.zipfs jdk.compiler jdk.crypto.ec jdk.crypto.cryptoki jdk.dynalink jdk.hotspot.agent jdk.httpserver jdk.internal.ed jdk.internal.le jdk.internal.vm.ci jdk.jartool jdk.javadoc jdk.jcmd jdk.jdeps jdk.jdwp.agent jdk.jdi jdk.jfr jdk.jlink jdk.jsobject jdk.localedata jdk.management jdk.management.agent jdk.management.jfr jdk.naming.dns jdk.naming.rmi jdk.net jdk.sctp jdk.security.auth jdk.security.jgss jdk.unsupported jdk.unsupported.desktop jdk.xml.dom" 
IMPLEMENTOR="JetBrains s.r.o." 
JAVA_RUNTIME_VERSION="21.0.10+-14961533-b1163.108" 
LIBC="default" 
OS_ARCH="x86_64" 
OS_NAME="Windows" 
SOURCE=".:git:1351622c2ff2" 

Environment Variables:
PATH=C:\Windows\system32;C:\Windows;C:\Windows\System32\Wbem;C:\Windows\System32\WindowsPowerShell\v1.0\;C:\Windows\System32\OpenSSH\;C:\Program Files\Git\cmd;C:\Users\pc\AppData\Local\Programs\Python\Launcher\;C:\Users\pc\AppData\Local\Microsoft\WindowsApps;C:\Users\pc\AppData\Local\Python\bin;C:\Users\pc\AppData\Local\Programs\Microsoft VS Code\bin
USERNAME=pc
OS=Windows_NT
PROCESSOR_IDENTIFIER=Intel64 Family 6 Model 183 Stepping 1, GenuineIntel
TMP=C:\Users\pc\AppData\Local\Temp
TEMP=C:\Users\pc\AppData\Local\Temp




Periodic native trim disabled

JNI global refs:
JNI global refs: 36, weak refs: 0

JNI global refs memory usage: 835, weak refs: 833

Process memory usage:
Resident Set Size: 533808K (3% of 16536272K total physical memory with 7209280K free physical memory)

OOME stack traces (most recent first):
Classloader memory used:
Loader org.gradle.internal.classloader.VisitableURLClassLoader                         : 35069K
Loader bootstrap                                                                       : 23527K
Loader org.gradle.initialization.MixInLegacyTypesClassLoader                           : 6690K
Loader org.gradle.internal.classloader.VisitableURLClassLoader                         : 752K
Loader jdk.internal.loader.ClassLoaders$PlatformClassLoader                            : 530K
Loader jdk.internal.loader.ClassLoaders$AppClassLoader                                 : 235K
Loader jdk.internal.reflect.DelegatingClassLoader                                      : 193K
Loader org.gradle.groovy.scripts.internal.DefaultScriptCompilationHandler$ScriptClassLoader: 72824B
Loader org.codehaus.groovy.runtime.callsite.CallSiteClassLoader                        : 18600B
Loader groovy.lang.GroovyClassLoader$InnerLoader                                       : 12664B

Classes loaded by more than one classloader:
Class org.gradle.internal.IoActions                                                   : loaded 3 times (x 71B)
Class org.gradle.api.Action                                                           : loaded 3 times (x 70B)
Class org.gradle.api.GradleException                                                  : loaded 3 times (x 82B)
Class org.gradle.api.internal.classpath.ManifestUtil                                  : loaded 2 times (x 71B)
Class org.gradle.internal.operations.MultipleBuildOperationFailures                   : loaded 2 times (x 95B)
Class org.gradle.internal.classloader.DefaultClassLoaderFactory                       : loaded 2 times (x 82B)
Class kotlin.collections.AbstractList$Companion                                       : loaded 2 times (x 71B)
Class org.gradle.internal.classloader.ClassLoaderVisitor                              : loaded 2 times (x 76B)
Class org.gradle.api.internal.classpath.EffectiveClassPath                            : loaded 2 times (x 90B)
Class org.gradle.api.internal.DefaultClassPathProvider                                : loaded 2 times (x 76B)
Class [Lorg.gradle.api.internal.ClassPathProvider;                                    : loaded 2 times (x 69B)
Class org.gradle.api.internal.ClassPathProvider                                       : loaded 2 times (x 70B)
Class org.gradle.internal.service.UnknownServiceException                             : loaded 2 times (x 83B)
Class org.gradle.internal.classpath.TransformedClassPath                              : loaded 2 times (x 96B)
Class org.gradle.internal.classloader.InstrumentingClassLoader                        : loaded 2 times (x 70B)
Class kotlin.enums.EnumEntriesList                                                    : loaded 2 times (x 223B)
Class org.gradle.internal.service.ServiceLocator                                      : loaded 2 times (x 70B)
Class org.gradle.internal.InternalTransformer                                         : loaded 2 times (x 70B)
Class org.gradle.internal.time.DefaultTimer                                           : loaded 2 times (x 80B)
Class org.gradle.internal.classloader.ClasspathUtil$1                                 : loaded 2 times (x 76B)
Class org.gradle.api.internal.classpath.DefaultModuleRegistry$DefaultModule           : loaded 2 times (x 86B)
Class org.gradle.internal.time.DefaultCountdownTimer                                  : loaded 2 times (x 88B)
Class org.gradle.api.internal.classpath.Module                                        : loaded 2 times (x 70B)
Class org.gradle.api.internal.classpath.UnknownModuleException                        : loaded 2 times (x 82B)
Class org.gradle.api.internal.DefaultClassPathRegistry                                : loaded 2 times (x 76B)
Class org.gradle.api.internal.ClassPathRegistry                                       : loaded 2 times (x 70B)
Class org.gradle.internal.classpath.DefaultClassPath$ImmutableUniqueList              : loaded 2 times (x 199B)
Class org.gradle.internal.classpath.ClassPath                                         : loaded 2 times (x 70B)
Class org.gradle.internal.classloader.ClassLoaderHierarchy                            : loaded 2 times (x 70B)
Class kotlin.UninitializedPropertyAccessException                                     : loaded 2 times (x 82B)
Class org.gradle.internal.installation.GradleInstallation$1                           : loaded 2 times (x 75B)
Class org.gradle.api.internal.classpath.ModuleRegistry                                : loaded 2 times (x 70B)
Class org.gradle.api.internal.classpath.DefaultModuleRegistry                         : loaded 2 times (x 86B)
Class org.gradle.internal.time.MonotonicClock                                         : loaded 2 times (x 77B)
Class org.gradle.internal.service.ServiceLookupException                              : loaded 2 times (x 82B)
Class org.gradle.internal.classloader.ClassLoaderFactory                              : loaded 2 times (x 70B)
Class org.gradle.internal.service.CachingServiceLocator                               : loaded 2 times (x 82B)
Class org.gradle.internal.time.TimeSource                                             : loaded 2 times (x 70B)
Class kotlin.enums.EnumEntries                                                        : loaded 2 times (x 70B)
Class org.gradle.internal.exceptions.ResolutionProvider                               : loaded 2 times (x 70B)
Class org.gradle.internal.classloader.ClasspathUtil                                   : loaded 2 times (x 71B)
Class org.gradle.internal.time.TimeSource$1                                           : loaded 2 times (x 77B)
Class org.gradle.api.specs.Spec                                                       : loaded 2 times (x 70B)
Class org.gradle.internal.time.Clock                                                  : loaded 2 times (x 70B)
Class kotlin.collections.AbstractList                                                 : loaded 2 times (x 197B)
Class kotlin.collections.AbstractCollection                                           : loaded 2 times (x 117B)
Class org.gradle.internal.classloader.VisitableURLClassLoader$InstrumentingVisitableURLClassLoader: loaded 2 times (x 123B)
Class org.gradle.internal.classloader.VisitableURLClassLoader$Spec                    : loaded 2 times (x 74B)
Class org.gradle.internal.classpath.DefaultClassPath                                  : loaded 2 times (x 90B)
Class org.gradle.util.internal.DefaultGradleVersion                                   : loaded 2 times (x 82B)
Class org.gradle.internal.classloader.ClassLoaderSpec                                 : loaded 2 times (x 71B)
Class sync_studio_tooling_borw79kt0tb227g88kr42wo7o                                   : loaded 2 times (x 179B)
Class org.gradle.internal.classloader.VisitableURLClassLoader                         : loaded 2 times (x 117B)
Class org.gradle.internal.classloader.FilteringClassLoader                            : loaded 2 times (x 105B)
Class org.gradle.internal.Cast                                                        : loaded 2 times (x 71B)
Class org.gradle.internal.classpath.DefaultClassPath$ImmutableUniqueList$Builder      : loaded 2 times (x 75B)
Class org.gradle.api.UncheckedIOException                                             : loaded 2 times (x 82B)
Class org.gradle.internal.exceptions.NonGradleCauseExceptionsHolder                   : loaded 2 times (x 70B)
Class kotlin.NotImplementedError                                                      : loaded 2 times (x 82B)
Class kotlin.enums.EnumEntriesKt                                                      : loaded 2 times (x 71B)
Class org.gradle.internal.classloader.SystemClassLoaderSpec                           : loaded 2 times (x 71B)
Class org.gradle.internal.exceptions.MultiCauseException                              : loaded 2 times (x 70B)
Class org.gradle.internal.time.CountdownTimer                                         : loaded 2 times (x 70B)
Class kotlin.jvm.internal.Intrinsics                                                  : loaded 2 times (x 71B)
Class org.gradle.tooling.model.ProjectModel                                           : loaded 2 times (x 70B)
Class kotlin.KotlinNullPointerException                                               : loaded 2 times (x 83B)
Class org.gradle.internal.exceptions.DefaultMultiCauseException                       : loaded 2 times (x 95B)
Class org.gradle.internal.time.Time                                                   : loaded 2 times (x 71B)
Class org.gradle.api.internal.classpath.GlobalCacheRootsProvider                      : loaded 2 times (x 70B)
Class kotlin.NoWhenBranchMatchedException                                             : loaded 2 times (x 82B)
Class org.gradle.internal.time.Timer                                                  : loaded 2 times (x 70B)
Class kotlin.jvm.internal.markers.KMappedMarker                                       : loaded 2 times (x 70B)
Class org.gradle.internal.installation.CurrentGradleInstallationLocator               : loaded 2 times (x 71B)
Class org.gradle.internal.service.DefaultServiceLocator                               : loaded 2 times (x 83B)
Class org.gradle.util.GradleVersion                                                   : loaded 2 times (x 81B)
Class org.gradle.internal.installation.CurrentGradleInstallation                      : loaded 2 times (x 73B)
Class org.gradle.util.internal.GUtil                                                  : loaded 2 times (x 71B)
Class org.gradle.internal.installation.GradleInstallation                             : loaded 2 times (x 75B)

---------------  S Y S T E M  ---------------

OS:
 Windows 11 , 64 bit Build 22621 (10.0.22621.5415)
OS uptime: 0 days 0:45 hours
Hyper-V role detected

CPU: total 20 (initial active 20) (10 cores per cpu, 2 threads per core) family 6 model 183 stepping 1 microcode 0x10f, cx8, cmov, fxsr, ht, mmx, 3dnowpref, sse, sse2, sse3, ssse3, sse4.1, sse4.2, popcnt, lzcnt, tsc, tscinvbit, avx, avx2, aes, erms, clmul, bmi1, bmi2, adx, sha, fma, vzeroupper, clflush, clflushopt, clwb, hv, serialize, rdtscp, rdpid, fsrm, f16c, cet_ibt, cet_ss
Processor Information for the first 20 processors :
  Max Mhz: 3500, Current Mhz: 3500, Mhz Limit: 3500

Memory: 4k page, system-wide physical 16148M (7039M free)
TotalPageFile size 19092M (AvailPageFile size 10339M)
current process WorkingSet (physical memory assigned to process): 523M, peak: 556M
current process commit charge ("private bytes"): 577M, peak: 610M

vm_info: OpenJDK 64-Bit Server VM (21.0.10+-14961533-b1163.108) for windows-amd64 JRE (21.0.10+-14961533-b1163.108), built on 2026-03-02T19:58:50Z by "builder" with MS VC++ 16.10 / 16.11 (VS2019)

END.
