kotlin version: 2.0.21
error message: org.jetbrains.kotlin.backend.common.BackendException: Backend Internal error: Exception during IR lowering
File being compiled: C:/Users/pc/StudioProjects/Trust-Money-Android-App/app/src/main/java/com/wnapp/trustmoney/ui/home/HomeScreen.kt
The root cause org.jetbrains.kotlin.backend.common.CompilationException was thrown at: kotlin.jvm.internal.Intrinsics.areEqual(Intrinsics.java:169)
	at org.jetbrains.kotlin.backend.common.CodegenUtil.reportBackendException(CodegenUtil.kt:253)
	at org.jetbrains.kotlin.backend.common.CodegenUtil.reportBackendException$default(CodegenUtil.kt:236)
	at org.jetbrains.kotlin.backend.common.phaser.PerformByIrFilePhase.invokeSequential(performByIrFile.kt:65)
	at org.jetbrains.kotlin.backend.common.phaser.PerformByIrFilePhase.invoke(performByIrFile.kt:52)
	at org.jetbrains.kotlin.backend.common.phaser.PerformByIrFilePhase.invoke(performByIrFile.kt:38)
	at org.jetbrains.kotlin.backend.common.phaser.NamedCompilerPhase.phaseBody(CompilerPhase.kt:166)
	at org.jetbrains.kotlin.backend.common.phaser.AbstractNamedCompilerPhase.invoke(CompilerPhase.kt:113)
	at org.jetbrains.kotlin.backend.common.phaser.CompositePhase.invoke(PhaseBuilders.kt:27)
	at org.jetbrains.kotlin.backend.common.phaser.CompositePhase.invoke(PhaseBuilders.kt:14)
	at org.jetbrains.kotlin.backend.common.phaser.NamedCompilerPhase.phaseBody(CompilerPhase.kt:166)
	at org.jetbrains.kotlin.backend.common.phaser.AbstractNamedCompilerPhase.invoke(CompilerPhase.kt:113)
	at org.jetbrains.kotlin.backend.common.phaser.CompilerPhaseKt.invokeToplevel(CompilerPhase.kt:62)
	at org.jetbrains.kotlin.backend.jvm.JvmIrCodegenFactory.invokeLowerings(JvmIrCodegenFactory.kt:358)
	at org.jetbrains.kotlin.codegen.CodegenFactory.generateModule(CodegenFactory.kt:46)
	at org.jetbrains.kotlin.backend.jvm.JvmIrCodegenFactory.generateModuleInFrontendIRMode(JvmIrCodegenFactory.kt:433)
	at org.jetbrains.kotlin.cli.jvm.compiler.pipeline.JvmCompilerPipelineKt.generateCodeFromIr(jvmCompilerPipeline.kt:246)
	at org.jetbrains.kotlin.cli.jvm.compiler.pipeline.JvmCompilerPipelineKt.compileModulesUsingFrontendIrAndLightTree(jvmCompilerPipeline.kt:142)
	at org.jetbrains.kotlin.cli.jvm.K2JVMCompiler.doExecute(K2JVMCompiler.kt:148)
	at org.jetbrains.kotlin.cli.jvm.K2JVMCompiler.doExecute(K2JVMCompiler.kt:43)
	at org.jetbrains.kotlin.cli.common.CLICompiler.execImpl(CLICompiler.kt:103)
	at org.jetbrains.kotlin.cli.common.CLICompiler.execImpl(CLICompiler.kt:49)
	at org.jetbrains.kotlin.cli.common.CLITool.exec(CLITool.kt:101)
	at org.jetbrains.kotlin.incremental.IncrementalJvmCompilerRunner.runCompiler(IncrementalJvmCompilerRunner.kt:464)
	at org.jetbrains.kotlin.incremental.IncrementalJvmCompilerRunner.runCompiler(IncrementalJvmCompilerRunner.kt:73)
	at org.jetbrains.kotlin.incremental.IncrementalCompilerRunner.doCompile(IncrementalCompilerRunner.kt:506)
	at org.jetbrains.kotlin.incremental.IncrementalCompilerRunner.compileImpl(IncrementalCompilerRunner.kt:423)
	at org.jetbrains.kotlin.incremental.IncrementalCompilerRunner.tryCompileIncrementally$lambda$9$compile(IncrementalCompilerRunner.kt:249)
	at org.jetbrains.kotlin.incremental.IncrementalCompilerRunner.tryCompileIncrementally(IncrementalCompilerRunner.kt:267)
	at org.jetbrains.kotlin.incremental.IncrementalCompilerRunner.compile(IncrementalCompilerRunner.kt:120)
	at org.jetbrains.kotlin.daemon.CompileServiceImplBase.execIncrementalCompiler(CompileServiceImpl.kt:675)
	at org.jetbrains.kotlin.daemon.CompileServiceImplBase.access$execIncrementalCompiler(CompileServiceImpl.kt:92)
	at org.jetbrains.kotlin.daemon.CompileServiceImpl.compile(CompileServiceImpl.kt:1660)
	at java.base/jdk.internal.reflect.DirectMethodHandleAccessor.invoke(Unknown Source)
	at java.base/java.lang.reflect.Method.invoke(Unknown Source)
	at java.rmi/sun.rmi.server.UnicastServerRef.dispatch(Unknown Source)
	at java.rmi/sun.rmi.transport.Transport$1.run(Unknown Source)
	at java.rmi/sun.rmi.transport.Transport$1.run(Unknown Source)
	at java.base/java.security.AccessController.doPrivileged(Unknown Source)
	at java.rmi/sun.rmi.transport.Transport.serviceCall(Unknown Source)
	at java.rmi/sun.rmi.transport.tcp.TCPTransport.handleMessages(Unknown Source)
	at java.rmi/sun.rmi.transport.tcp.TCPTransport$ConnectionHandler.run0(Unknown Source)
	at java.rmi/sun.rmi.transport.tcp.TCPTransport$ConnectionHandler.lambda$run$0(Unknown Source)
	at java.base/java.security.AccessController.doPrivileged(Unknown Source)
	at java.rmi/sun.rmi.transport.tcp.TCPTransport$ConnectionHandler.run(Unknown Source)
	at java.base/java.util.concurrent.ThreadPoolExecutor.runWorker(Unknown Source)
	at java.base/java.util.concurrent.ThreadPoolExecutor$Worker.run(Unknown Source)
	at java.base/java.lang.Thread.run(Unknown Source)
Caused by: org.jetbrains.kotlin.backend.common.CompilationException: Back-end: Please report this problem https://kotl.in/issue
C:/Users/pc/StudioProjects/Trust-Money-Android-App/app/src/main/java/com/wnapp/trustmoney/ui/home/HomeScreen.kt:1:1
Problem with `class HomeScreenKt {
  @SuppressLint(value = ["UnrememberedMutableState"])
  @OptIn(markerClass = [ExperimentalMaterial3Api::class])
  @Composable
  @ComposableTarget(applier = "androidx.compose.ui.UiComposable")
  fun HomeScreen(navController: NavController, /* var */ $composer: Composer?, $changed: Int) {
    { // BLOCK
      $composer = $composer.startRestartGroup(key = 310846035)
      sourceInformation(composer = $composer, sourceInformation = "C(HomeScreen)70@3012L7,71@3036L24,72@3074L36,73@3128L27,74@3174L88,76@3296L28,77@3355L28,80@3448L39,81@3513L42,82@3585L46,83@3656L41,84@3732L51,85@3807L48,86@3881L46,87@3953L49,89@4029L115,89@4008L136,95@4168L54,96@4244L31,97@4303L34,98@4361L33,100@4453L33,102@4510L34,124@5157L147,127@5311L3638,122@5075L3874:HomeScreen.kt#cxq2k")
    }
    val $dirty: Int = $changed
    when {
      EQEQ(arg0 = $changed.and(other = 6), arg1 = 0) -> $dirty = $dirty.or(other = when {
        $composer.changedInstance(value = navController) -> 4
        else -> 2
      })
    }
    when {
      when {
        EQEQ(arg0 = $dirty.and(other = 3), arg1 = 2).not() -> true
        else -> $composer.<get-skipping>().not()
      } -> { // BLOCK
        when {
          isTraceInProgress() -> traceEventStart(key = 310846035, dirty1 = $dirty, dirty2 = -1, info = "com.wnapp.trustmoney.ui.home.HomeScreen (HomeScreen.kt:69)")
        }
        val context: Context = <get-LocalContext>().<get-current>($composer = $composer, $changed = 0)
        val scope: CoroutineScope = rememberCoroutineScope(getContext = // COMPOSITE {
        null
        // }, $composer = $composer, $changed = 0, $default = 1)
        val sm: SessionManager = { // BLOCK
          { // BLOCK
            $composer.startReplaceGroup(key = 1541204953)
            sourceInformation(composer = $composer, sourceInformation = "CC(remember):HomeScreen.kt#9igjgp")
          }
          val tmp0_group: SessionManager = $composer.cache<SessionManager>(invalid = false, block = { // BLOCK
            local fun <anonymous>(): SessionManager {
              return SessionManager(context = context)
            }

            HomeScreenKt::<anonymous>
          })
          $composer.endReplaceGroup()
          tmp0_group
        }
        val userId: Int = { // BLOCK
          { // BLOCK
            $composer.startReplaceGroup(key = 1541206672)
            sourceInformation(composer = $composer, sourceInformation = "CC(remember):HomeScreen.kt#9igjgp")
          }
          val tmp1_group: Int = $composer.cache<Int>(invalid = false, block = { // BLOCK
            local fun <anonymous>(): Int {
              return sm.getUserId()
            }

            HomeScreenKt::<anonymous>
          })
          $composer.endReplaceGroup()
          tmp1_group
        }
        val factory: AppViewModelFactory = { // BLOCK
          { // BLOCK
            $composer.startReplaceGroup(key = 1541208205)
            sourceInformation(composer = $composer, sourceInformation = "CC(remember):HomeScreen.kt#9igjgp")
          }
          val tmp2_group: AppViewModelFactory = $composer.cache<AppViewModelFactory>(invalid = false, block = { // BLOCK
            local fun <anonymous>(): AppViewModelFactory {
              return AppViewModelFactory(application = context.getApplicationContext() as Application)
            }

            HomeScreenKt::<anonymous>
          })
          $composer.endReplaceGroup()
          tmp2_group
        }
        val authVM: AuthViewModel = viewModel<AuthViewModel>(viewModelStoreOwner = // COMPOSITE {
        null
        // }, key = // COMPOSITE {
        null
        // }, factory = factory, extras = // COMPOSITE {
        null
        // }, $composer = $composer, $changed = #$stable.shl(bitCount = 6), $default = 11)
        val appVM: AppViewModel = viewModel<AppViewModel>(viewModelStoreOwner = // COMPOSITE {
        null
        // }, key = // COMPOSITE {
        null
        // }, factory = factory, extras = // COMPOSITE {
        null
        // }, $composer = $composer, $changed = #$stable.shl(bitCount = 6), $default = 11)
        val strSearching: String = stringResource(id = super<string>.#searching, $composer = $composer, $changed = 0)
        val strHomeClicked: String = stringResource(id = super<string>.#home_clicked, $composer = $composer, $changed = 0)
        val strOpeningLocation: String = stringResource(id = super<string>.#opening_location, $composer = $composer, $changed = 0)
        val strLoggingOut: String = stringResource(id = super<string>.#logging_out, $composer = $composer, $changed = 0)
        val strOpeningNotifications: String = stringResource(id = super<string>.#opening_notifications, $composer = $composer, $changed = 0)
        val strOpeningQR: String = stringResource(id = super<string>.#opening_qr_scanner, $composer = $composer, $changed = 0)
        val strAccOverview: String = stringResource(id = super<string>.#account_overview, $composer = $composer, $changed = 0)
        val strRecentTrans: String = stringResource(id = super<string>.#recent_transactions, $composer = $composer, $changed = 0)
        LaunchedEffect(key1 = Unit, block = { // BLOCK
          { // BLOCK
            $composer.startReplaceGroup(key = 1541235592)
            sourceInformation(composer = $composer, sourceInformation = "CC(remember):HomeScreen.kt#9igjgp")
          }
          val tmp3_group: @ExtensionFunctionType SuspendFunction1<CoroutineScope, Unit> = $composer.cache<@ExtensionFunctionType SuspendFunction1<CoroutineScope, Unit>>(invalid = $composer.changedInstance(value = appVM), block = { // BLOCK
            local fun <anonymous>(): @ExtensionFunctionType SuspendFunction1<CoroutineScope, Unit> {
              return { // BLOCK
                local class <no name provided> : SuspendLambda, Function2<CoroutineScope, Continuation<Unit>?, Any?> {
                  package var label: Int
                  local constructor($completion: Continuation<<no name provided>>?) /* primary */ {
                    super/*SuspendLambda*/(arity = 2, $completion = $completion)
                    /* <init>() */

                  }

                  override fun invokeSuspend($result: Result<Any?>): Any? {
                    appVM.loadBanners()
                    appVM.fetchWallet(userId = userId)
                    appVM.fetchTransactionHistory(userId = userId)
                  }

                  override fun create(value: Any?, $completion: Continuation<Nothing>): Continuation<Unit> {
                    return <no name provided>($completion = $completion)
                  }

                  override fun invoke(p1: CoroutineScope, p2: Continuation<Unit>?): Any? {
                    return <this>.create(value = p1, $completion = p2) /*as <no name provided> */.invokeSuspend($result = <unsafe-coerce><Any?, Result<Any?>>(v = Unit))
                  }

                }

                <no name provided>($completion = null)
              }
            }

            HomeScreenKt::<anonymous>
          })
          $composer.endReplaceGroup()
          tmp3_group
        }, $composer = $composer, $changed = 6)
        val drawerState: DrawerState = rememberDrawerState(initialValue = DrawerValue.Closed, confirmStateChange = // COMPOSITE {
        null
        // }, $composer = $composer, $changed = 6, $default = 2)
        val sheetState: SheetState = rememberModalBottomSheetState(skipPartiallyExpanded = // COMPOSITE {
        false
        // }, confirmValueChange = // COMPOSITE {
        null
        // }, $composer = $composer, $changed = 0, $default = 3)
        var showBottomSheet: Boolean
          val showBottomSheet$delegate: MutableState<Boolean> = { // BLOCK
            { // BLOCK
              $composer.startReplaceGroup(key = 1541244279)
              sourceInformation(composer = $composer, sourceInformation = "CC(remember):HomeScreen.kt#9igjgp")
            }
            val tmp4_group: MutableState<Boolean> = $composer.cache<MutableState<Boolean>>(invalid = false, block = { // BLOCK
              local fun <anonymous>(): MutableState<Boolean> {
                return mutableStateOf<Boolean>(value = false)
              }

              HomeScreenKt::<anonymous>
            })
            $composer.endReplaceGroup()
            tmp4_group
          }
          local get(): Boolean {
            return showBottomSheet$delegate.getValue<Boolean>(thisObj = null, property = null)
          }
          local set(<set-?>: Boolean) {
            return showBottomSheet$delegate.setValue<Boolean>(thisObj = null, property = null, value = <set-?>)
          }

        var selectedTab: Int
          val selectedTab$delegate: MutableIntState = { // BLOCK
            { // BLOCK
              $composer.startReplaceGroup(key = 1541246134)
              sourceInformation(composer = $composer, sourceInformation = "CC(remember):HomeScreen.kt#9igjgp")
            }
            val tmp5_group: MutableIntState = $composer.cache<MutableIntState>(invalid = false, block = { // BLOCK
              local fun <anonymous>(): MutableIntState {
                return mutableIntStateOf(value = 0)
              }

              HomeScreenKt::<anonymous>
            })
            $composer.endReplaceGroup()
            tmp5_group
          }
          local get(): Int {
            return selectedTab$delegate.getValue(thisObj = null, property = null)
          }
          local set(<set-?>: Int) {
            return selectedTab$delegate.setValue(thisObj = null, property = null, value = <set-?>)
          }

        val fullName: String = sm.getFullName()
        var showNotice: Boolean
          val showNotice$delegate: MutableState<Boolean> = { // BLOCK
            { // BLOCK
              $composer.startReplaceGroup(key = 1541249078)
              sourceInformation(composer = $composer, sourceInformation = "CC(remember):HomeScreen.kt#9igjgp")
            }
            val tmp6_group: MutableState<Boolean> = $composer.cache<MutableState<Boolean>>(invalid = false, block = { // BLOCK
              local fun <anonymous>(): MutableState<Boolean> {
                return mutableStateOf<Boolean>(value = true)
              }

              HomeScreenKt::<anonymous>
            })
            $composer.endReplaceGroup()
            tmp6_group
          }
          local get(): Boolean {
            return showNotice$delegate.getValue<Boolean>(thisObj = null, property = null)
          }
          local set(<set-?>: Boolean) {
            return showNotice$delegate.setValue<Boolean>(thisObj = null, property = null, value = <set-?>)
          }

        var showQRCode: Boolean
          val showQRCode$delegate: MutableState<Boolean> = { // BLOCK
            { // BLOCK
              $composer.startReplaceGroup(key = 1541250903)
              sourceInformation(composer = $composer, sourceInformation = "CC(remember):HomeScreen.kt#9igjgp")
            }
            val tmp7_group: MutableState<Boolean> = $composer.cache<MutableState<Boolean>>(invalid = false, block = { // BLOCK
              local fun <anonymous>(): MutableState<Boolean> {
                return mutableStateOf<Boolean>(value = false)
              }

              HomeScreenKt::<anonymous>
            })
            $composer.endReplaceGroup()
            tmp7_group
          }
          local get(): Boolean {
            return showQRCode$delegate.getValue<Boolean>(thisObj = null, property = null)
          }
          local set(<set-?>: Boolean) {
            return showQRCode$delegate.setValue<Boolean>(thisObj = null, property = null, value = <set-?>)
          }

        { // BLOCK
          // COMPOSITE {
          { // BLOCK
            $composer.startReplaceGroup(key = 1541252285)
            sourceInformation(composer = $composer, sourceInformation = "105@4610L43,106@4679L22,104@4575L136")
          }
          // }
          when {
            <get-showQRCode>() -> { // BLOCK
              QRCodeDialog(qrData = stringResource(id = super<string>.#qr_data_label, $composer = $composer, $changed = 0), onDismiss = { // BLOCK
                { // BLOCK
                  $composer.startReplaceGroup(key = 1541256299)
                  sourceInformation(composer = $composer, sourceInformation = "CC(remember):HomeScreen.kt#9igjgp")
                }
                val tmp8_group: Function0<Unit> = $composer.cache<Function0<Unit>>(invalid = false, block = { // BLOCK
                  local fun <anonymous>(): Function0<Unit> {
                    return { // BLOCK
                      local fun <anonymous>(): Unit? {
                        <set-showQRCode>(<set-?> = false)
                      }

                      <jvm-indy-lambda-metafactory><Function0<Unit>>(samMethodType = &error("") /* ERROR: unsupported element type: IrRawFunctionReferenceImpl */
, implMethodReference = HomeScreenKt::<anonymous>, instantiatedMethodType = &error("") /* ERROR: unsupported element type: IrRawFunctionReferenceImpl */
, extraOverriddenMethodTypes = [], shouldBeSerializable = false)
                    }
                  }

                  HomeScreenKt::<anonymous>
                })
                $composer.endReplaceGroup()
                tmp8_group
              }, $composer = $composer, $changed = 48)
            }
          }
          // COMPOSITE {
          $composer.endReplaceGroup()
          // }
        }
        { // BLOCK
          // COMPOSITE {
          { // BLOCK
            $composer.startReplaceGroup(key = 1541257919)
            sourceInformation(composer = $composer, sourceInformation = "112@4783L42,113@4849L44,114@4919L22,111@4749L202")
          }
          // }
          when {
            <get-showNotice>() -> { // BLOCK
              NoticeDialog(title = stringResource(id = super<string>.#notice_title, $composer = $composer, $changed = 0), message = stringResource(id = super<string>.#notice_message, $composer = $composer, $changed = 0), onDismiss = { // BLOCK
                { // BLOCK
                  $composer.startReplaceGroup(key = 1541263979)
                  sourceInformation(composer = $composer, sourceInformation = "CC(remember):HomeScreen.kt#9igjgp")
                }
                val tmp9_group: Function0<Unit> = $composer.cache<Function0<Unit>>(invalid = false, block = { // BLOCK
                  local fun <anonymous>(): Function0<Unit> {
                    return { // BLOCK
                      local fun <anonymous>(): Unit? {
                        <set-showNotice>(<set-?> = false)
                      }

                      <jvm-indy-lambda-metafactory><Function0<Unit>>(samMethodType = &error("") /* ERROR: unsupported element type: IrRawFunctionReferenceImpl */
, implMethodReference = HomeScreenKt::<anonymous>, instantiatedMethodType = &error("") /* ERROR: unsupported element type: IrRawFunctionReferenceImpl */
, extraOverriddenMethodTypes = [], shouldBeSerializable = false)
                    }
                  }

                  HomeScreenKt::<anonymous>
                })
                $composer.endReplaceGroup()
                tmp9_group
              }, $composer = $composer, $changed = 384)
            }
          }
          // COMPOSITE {
          $composer.endReplaceGroup()
          // }
        }
        local fun showToast(message: String) {
          makeText(p0 = context, p1 = message, p2 = 0).show()
        }

        ModalNavigationDrawer(drawerContent = rememberComposableLambda(key = -1653875238, tracked = true, block = { // BLOCK
          local class <no name provided> : Function2<Composer, Int, Unit> {
            constructor() /* primary */ {
              super/*Any*/()
              /* <init>() */

            }

            @Composable
            @ComposableTarget(applier = "androidx.compose.ui.UiComposable")
            override fun invoke(/* var */ $composer: Composer?, $changed: Int) {
              sourceInformation(composer = $composer, sourceInformation = "C125@5253L40,125@5171L123:HomeScreen.kt#cxq2k")
              when {
                when {
                  EQEQ(arg0 = $changed.and(other = 3), arg1 = 2).not() -> true
                  else -> $composer.<get-skipping>().not()
                } -> { // BLOCK
                  when {
                    isTraceInProgress() -> traceEventStart(key = -1653875238, dirty1 = $changed, dirty2 = -1, info = "com.wnapp.trustmoney.ui.home.HomeScreen.<anonymous> (HomeScreen.kt:125)")
                  }
                  DashboardDrawerContent(navController = navController, context = context, onClose = { // BLOCK
                    { // BLOCK
                      $composer.startReplaceGroup(key = -1763658052)
                      sourceInformation(composer = $composer, sourceInformation = "CC(remember):HomeScreen.kt#9igjgp")
                    }
                    val tmp0_group: Function0<Unit> = $composer.cache<Function0<Unit>>(invalid = $composer.changedInstance(value = scope).or(other = $composer.changed(value = drawerState)), block = { // BLOCK
                      local fun <anonymous>(): Function0<Unit> {
                        return { // BLOCK
                          local fun <anonymous>(): Unit? {
                            scope.launch(, block = { // BLOCK
                              local class <no name provided> : SuspendLambda, Function2<CoroutineScope, Continuation<Unit>?, Any?> {
                                package var label: Int
                                local constructor($completion: Continuation<<no name provided>>?) /* primary */ {
                                  super/*SuspendLambda*/(arity = 2, $completion = $completion)
                                  /* <init>() */

                                }

                                override fun invokeSuspend($result: Result<Any?>): Any? {
                                  drawerState.close()
                                }

                                override fun create(value: Any?, $completion: Continuation<Nothing>): Continuation<Unit> {
                                  return <no name provided>($completion = $completion)
                                }

                                override fun invoke(p1: CoroutineScope, p2: Continuation<Unit>?): Any? {
                                  return <this>.create(value = p1, $completion = p2) /*as <no name provided> */.invokeSuspend($result = <unsafe-coerce><Any?, Result<Any?>>(v = Unit))
                                }

                              }

                              <no name provided>($completion = null)
                            }) /*~> Unit */
                          }

                          <jvm-indy-lambda-metafactory><Function0<Unit>>(samMethodType = &error("") /* ERROR: unsupported element type: IrRawFunctionReferenceImpl */
, implMethodReference = <no name provided>::<anonymous>, instantiatedMethodType = &error("") /* ERROR: unsupported element type: IrRawFunctionReferenceImpl */
, extraOverriddenMethodTypes = [], shouldBeSerializable = false)
                        }
                      }

                      <no name provided>::<anonymous>
                    })
                    $composer.endReplaceGroup()
                    tmp0_group
                  }, $composer = $composer, $changed = 0)
                  when {
                    isTraceInProgress() -> traceEventEnd()
                  }
                }
                else -> $composer.skipToGroupEnd()
              }
            }

          }

          <no name provided>()
        }, $composer = $composer, $changed = 54), modifier = // COMPOSITE {
        null
        // }, drawerState = drawerState, gesturesEnabled = // COMPOSITE {
        false
        // }, scrimColor = // COMPOSITE {
        <unsafe-coerce><Long, Color>(v = 0L)
        // }, content = rememberComposableLambda(key = 1203356789, tracked = true, block = { // BLOCK
          local class <no name provided> : Function2<Composer, Int, Unit> {
            constructor() /* primary */ {
              super/*Any*/()
              /* <init>() */

            }

            @Composable
            @ComposableTarget(applier = "androidx.compose.ui.UiComposable")
            override fun invoke(/* var */ $composer: Composer?, $changed: Int) {
              sourceInformation(composer = $composer, sourceInformation = "C129@5352L612,144@5990L501,156@6528L160,163@6762L2181,128@5321L3622:HomeScreen.kt#cxq2k")
              when {
                when {
                  EQEQ(arg0 = $changed.and(other = 3), arg1 = 2).not() -> true
                  else -> $composer.<get-skipping>().not()
                } -> { // BLOCK
                  when {
                    isTraceInProgress() -> traceEventStart(key = 1203356789, dirty1 = $changed, dirty2 = -1, info = "com.wnapp.trustmoney.ui.home.HomeScreen.<anonymous> (HomeScreen.kt:128)")
                  }
                  Scaffold(modifier = // COMPOSITE {
                  null
                  // }, topBar = rememberComposableLambda(key = 949325105, tracked = true, block = { // BLOCK
                    local class <no name provided> : Function2<Composer, Int, Unit> {
                      constructor() /* primary */ {
                        super/*Any*/()
                        /* <init>() */

                      }

                      @Composable
                      @ComposableTarget(applier = "androidx.compose.ui.UiComposable")
                      override fun invoke(/* var */ $composer: Composer?, $changed: Int) {
                        sourceInformation(composer = $composer, sourceInformation = "C131@5416L39,132@5488L27,133@5554L156,137@5743L189,130@5370L580:HomeScreen.kt#cxq2k")
                        when {
                          when {
                            EQEQ(arg0 = $changed.and(other = 3), arg1 = 2).not() -> true
                            else -> $composer.<get-skipping>().not()
                          } -> { // BLOCK
                            when {
                              isTraceInProgress() -> traceEventStart(key = 949325105, dirty1 = $changed, dirty2 = -1, info = "com.wnapp.trustmoney.ui.home.HomeScreen.<anonymous>.<anonymous> (HomeScreen.kt:130)")
                            }
                            HomeTopBar(onMenuClick = { // BLOCK
                              { // BLOCK
                                $composer.startReplaceGroup(key = -459489510)
                                sourceInformation(composer = $composer, sourceInformation = "CC(remember):HomeScreen.kt#9igjgp")
                              }
                              val tmp0_group: Function0<Unit> = $composer.cache<Function0<Unit>>(invalid = $composer.changedInstance(value = scope).or(other = $composer.changed(value = drawerState)), block = { // BLOCK
                                local fun <anonymous>(): Function0<Unit> {
                                  return { // BLOCK
                                    local fun <anonymous>(): Unit? {
                                      scope.launch(, block = { // BLOCK
                                        local class <no name provided> : SuspendLambda, Function2<CoroutineScope, Continuation<Unit>?, Any?> {
                                          package var label: Int
                                          local constructor($completion: Continuation<<no name provided>>?) /* primary */ {
                                            super/*SuspendLambda*/(arity = 2, $completion = $completion)
                                            /* <init>() */

                                          }

                                          override fun invokeSuspend($result: Result<Any?>): Any? {
                                            drawerState.open()
                                          }

                                          override fun create(value: Any?, $completion: Continuation<Nothing>): Continuation<Unit> {
                                            return <no name provided>($completion = $completion)
                                          }

                                          override fun invoke(p1: CoroutineScope, p2: Continuation<Unit>?): Any? {
                                            return <this>.create(value = p1, $completion = p2) /*as <no name provided> */.invokeSuspend($result = <unsafe-coerce><Any?, Result<Any?>>(v = Unit))
                                          }

                                        }

                                        <no name provided>($completion = null)
                                      }) /*~> Unit */
                                    }

                                    <jvm-indy-lambda-metafactory><Function0<Unit>>(samMethodType = &error("") /* ERROR: unsupported element type: IrRawFunctionReferenceImpl */
, implMethodReference = <no name provided>::<anonymous>, instantiatedMethodType = &error("") /* ERROR: unsupported element type: IrRawFunctionReferenceImpl */
, extraOverriddenMethodTypes = [], shouldBeSerializable = false)
                                  }
                                }

                                <no name provided>::<anonymous>
                              })
                              $composer.endReplaceGroup()
                              tmp0_group
                            }, onSearch = { // BLOCK
                              { // BLOCK
                                $composer.startReplaceGroup(key = -459487218)
                                sourceInformation(composer = $composer, sourceInformation = "CC(remember):HomeScreen.kt#9igjgp")
                              }
                              val tmp1_group: Function0<Unit> = $composer.cache<Function0<Unit>>(invalid = $composer.changedInstance(value = context).or(other = $composer.changed(value = strSearching)), block = { // BLOCK
                                local fun <anonymous>(): Function0<Unit> {
                                  return { // BLOCK
                                    local fun <anonymous>(): Unit? {
                                      showToast(message = strSearching)
                                    }

                                    <jvm-indy-lambda-metafactory><Function0<Unit>>(samMethodType = &error("") /* ERROR: unsupported element type: IrRawFunctionReferenceImpl */
, implMethodReference = <no name provided>::<anonymous>, instantiatedMethodType = &error("") /* ERROR: unsupported element type: IrRawFunctionReferenceImpl */
, extraOverriddenMethodTypes = [], shouldBeSerializable = false)
                                  }
                                }

                                <no name provided>::<anonymous>
                              })
                              $composer.endReplaceGroup()
                              tmp1_group
                            }, onNotification = { // BLOCK
                              { // BLOCK
                                $composer.startReplaceGroup(key = -459484977)
                                sourceInformation(composer = $composer, sourceInformation = "CC(remember):HomeScreen.kt#9igjgp")
                              }
                              val tmp2_group: Function0<Unit> = $composer.cache<Function0<Unit>>(invalid = $composer.changedInstance(value = context).or(other = $composer.changed(value = strOpeningNotifications)).or(other = $composer.changedInstance(value = navController)), block = { // BLOCK
                                local fun <anonymous>(): Function0<Unit> {
                                  return { // BLOCK
                                    local fun <anonymous>(): Unit? {
                                      showToast(message = strOpeningNotifications)
                                      navController.navigate(route = Notification.<get-route>())
                                    }

                                    <jvm-indy-lambda-metafactory><Function0<Unit>>(samMethodType = &error("") /* ERROR: unsupported element type: IrRawFunctionReferenceImpl */
, implMethodReference = <no name provided>::<anonymous>, instantiatedMethodType = &error("") /* ERROR: unsupported element type: IrRawFunctionReferenceImpl */
, extraOverriddenMethodTypes = [], shouldBeSerializable = false)
                                  }
                                }

                                <no name provided>::<anonymous>
                              })
                              $composer.endReplaceGroup()
                              tmp2_group
                            }, onLogout = { // BLOCK
                              { // BLOCK
                                $composer.startReplaceGroup(key = -459478896)
                                sourceInformation(composer = $composer, sourceInformation = "CC(remember):HomeScreen.kt#9igjgp")
                              }
                              val tmp3_group: Function0<Unit> = $composer.cache<Function0<Unit>>(invalid = $composer.changedInstance(value = context).or(other = $composer.changed(value = strLoggingOut)).or(other = $composer.changedInstance(value = authVM)).or(other = $composer.changedInstance(value = navController)), block = { // BLOCK
                                local fun <anonymous>(): Function0<Unit> {
                                  return { // BLOCK
                                    local fun <anonymous>(): Unit? {
                                      showToast(message = strLoggingOut)
                                      authVM.logoutUser(context = context) /*~> Unit */
                                      navController.navigate(route = Auth.<get-route>())
                                    }

                                    <jvm-indy-lambda-metafactory><Function0<Unit>>(samMethodType = &error("") /* ERROR: unsupported element type: IrRawFunctionReferenceImpl */
, implMethodReference = <no name provided>::<anonymous>, instantiatedMethodType = &error("") /* ERROR: unsupported element type: IrRawFunctionReferenceImpl */
, extraOverriddenMethodTypes = [], shouldBeSerializable = false)
                                  }
                                }

                                <no name provided>::<anonymous>
                              })
                              $composer.endReplaceGroup()
                              tmp3_group
                            }, $composer = $composer, $changed = 0)
                            when {
                              isTraceInProgress() -> traceEventEnd()
                            }
                          }
                          else -> $composer.skipToGroupEnd()
                        }
                      }

                    }

                    <no name provided>()
                  }, $composer = $composer, $changed = 54), bottomBar = rememberComposableLambda(key = -707681136, tracked = true, block = { // BLOCK
                    local class <no name provided> : Function2<Composer, Int, Unit> {
                      constructor() /* primary */ {
                        super/*Any*/()
                        /* <init>() */

                      }

                      @Composable
                      @ComposableTarget(applier = "androidx.compose.ui.UiComposable")
                      override fun invoke(/* var */ $composer: Composer?, $changed: Int) {
                        sourceInformation(composer = $composer, sourceInformation = "C146@6060L29,147@6129L270,153@6433L26,145@6008L469:HomeScreen.kt#cxq2k")
                        when {
                          when {
                            EQEQ(arg0 = $changed.and(other = 3), arg1 = 2).not() -> true
                            else -> $composer.<get-skipping>().not()
                          } -> { // BLOCK
                            when {
                              isTraceInProgress() -> traceEventStart(key = -707681136, dirty1 = $changed, dirty2 = -1, info = "com.wnapp.trustmoney.ui.home.HomeScreen.<anonymous>.<anonymous> (HomeScreen.kt:145)")
                            }
                            HomeBottomAppBar(onHomeClick = { // BLOCK
                              { // BLOCK
                                $composer.startReplaceGroup(key = -459468912)
                                sourceInformation(composer = $composer, sourceInformation = "CC(remember):HomeScreen.kt#9igjgp")
                              }
                              val tmp0_group: Function0<Unit> = $composer.cache<Function0<Unit>>(invalid = $composer.changedInstance(value = context).or(other = $composer.changed(value = strHomeClicked)), block = { // BLOCK
                                local fun <anonymous>(): Function0<Unit> {
                                  return { // BLOCK
                                    local fun <anonymous>(): Unit? {
                                      showToast(message = strHomeClicked)
                                    }

                                    <jvm-indy-lambda-metafactory><Function0<Unit>>(samMethodType = &error("") /* ERROR: unsupported element type: IrRawFunctionReferenceImpl */
, implMethodReference = <no name provided>::<anonymous>, instantiatedMethodType = &error("") /* ERROR: unsupported element type: IrRawFunctionReferenceImpl */
, extraOverriddenMethodTypes = [], shouldBeSerializable = false)
                                  }
                                }

                                <no name provided>::<anonymous>
                              })
                              $composer.endReplaceGroup()
                              tmp0_group
                            }, onLocationClick = { // BLOCK
                              { // BLOCK
                                $composer.startReplaceGroup(key = -459466463)
                                sourceInformation(composer = $composer, sourceInformation = "CC(remember):HomeScreen.kt#9igjgp")
                              }
                              val tmp1_group: Function0<Unit> = $composer.cache<Function0<Unit>>(invalid = $composer.changedInstance(value = context).or(other = $composer.changed(value = strOpeningLocation)), block = { // BLOCK
                                local fun <anonymous>(): Function0<Unit> {
                                  return { // BLOCK
                                    local fun <anonymous>(): Unit? {
                                      showToast(message = strOpeningLocation)
                                      val lat: Double = 51.470543529142006
                                      val lon: Double = -0.3679932923594658
                                      openMapLocation(context = context, latitude = lat, longitude = lon, label = "Trust Money Head Office")
                                    }

                                    <jvm-indy-lambda-metafactory><Function0<Unit>>(samMethodType = &error("") /* ERROR: unsupported element type: IrRawFunctionReferenceImpl */
, implMethodReference = <no name provided>::<anonymous>, instantiatedMethodType = &error("") /* ERROR: unsupported element type: IrRawFunctionReferenceImpl */
, extraOverriddenMethodTypes = [], shouldBeSerializable = false)
                                  }
                                }

                                <no name provided>::<anonymous>
                              })
                              $composer.endReplaceGroup()
                              tmp1_group
                            }, onSwipeUp = { // BLOCK
                              { // BLOCK
                                $composer.startReplaceGroup(key = -459456979)
                                sourceInformation(composer = $composer, sourceInformation = "CC(remember):HomeScreen.kt#9igjgp")
                              }
                              val tmp2_group: Function0<Unit> = $composer.cache<Function0<Unit>>(invalid = false, block = { // BLOCK
                                local fun <anonymous>(): Function0<Unit> {
                                  return { // BLOCK
                                    local fun <anonymous>(): Unit? {
                                      <set-showBottomSheet>(<set-?> = true)
                                    }

                                    <jvm-indy-lambda-metafactory><Function0<Unit>>(samMethodType = &error("") /* ERROR: unsupported element type: IrRawFunctionReferenceImpl */
, implMethodReference = <no name provided>::<anonymous>, instantiatedMethodType = &error("") /* ERROR: unsupported element type: IrRawFunctionReferenceImpl */
, extraOverriddenMethodTypes = [], shouldBeSerializable = false)
                                  }
                                }

                                <no name provided>::<anonymous>
                              })
                              $composer.endReplaceGroup()
                              tmp2_group
                            }, $composer = $composer, $changed = 384)
                            when {
                              isTraceInProgress() -> traceEventEnd()
                            }
                          }
                          else -> $composer.skipToGroupEnd()
                        }
                      }

                    }

                    <no name provided>()
                  }, $composer = $composer, $changed = 54), snackbarHost = // COMPOSITE {
                  null
                  // }, floatingActionButton = rememberComposableLambda(key = 273273678, tracked = true, block = { // BLOCK
                    local class <no name provided> : Function2<Composer, Int, Unit> {
                      constructor() /* primary */ {
                        super/*Any*/()
                        /* <init>() */

                      }

                      @Composable
                      @ComposableTarget(applier = "androidx.compose.ui.UiComposable")
                      override fun invoke(/* var */ $composer: Composer?, $changed: Int) {
                        sourceInformation(composer = $composer, sourceInformation = "C157@6572L101,157@6546L128:HomeScreen.kt#cxq2k")
                        when {
                          when {
                            EQEQ(arg0 = $changed.and(other = 3), arg1 = 2).not() -> true
                            else -> $composer.<get-skipping>().not()
                          } -> { // BLOCK
                            when {
                              isTraceInProgress() -> traceEventStart(key = 273273678, dirty1 = $changed, dirty2 = -1, info = "com.wnapp.trustmoney.ui.home.HomeScreen.<anonymous>.<anonymous> (HomeScreen.kt:157)")
                            }
                            CentralQrButton(onClick = { // BLOCK
                              { // BLOCK
                                $composer.startReplaceGroup(key = -459452456)
                                sourceInformation(composer = $composer, sourceInformation = "CC(remember):HomeScreen.kt#9igjgp")
                              }
                              val tmp0_group: Function0<Unit> = $composer.cache<Function0<Unit>>(invalid = $composer.changedInstance(value = context).or(other = $composer.changed(value = strOpeningQR)), block = { // BLOCK
                                local fun <anonymous>(): Function0<Unit> {
                                  return { // BLOCK
                                    local fun <anonymous>(): Unit? {
                                      showToast(message = strOpeningQR)
                                      <set-showQRCode>(<set-?> = true)
                                    }

                                    <jvm-indy-lambda-metafactory><Function0<Unit>>(samMethodType = &error("") /* ERROR: unsupported element type: IrRawFunctionReferenceImpl */
, implMethodReference = <no name provided>::<anonymous>, instantiatedMethodType = &error("") /* ERROR: unsupported element type: IrRawFunctionReferenceImpl */
, extraOverriddenMethodTypes = [], shouldBeSerializable = false)
                                  }
                                }

                                <no name provided>::<anonymous>
                              })
                              $composer.endReplaceGroup()
                              tmp0_group
                            }, $composer = $composer, $changed = 0)
                            when {
                              isTraceInProgress() -> traceEventEnd()
                            }
                          }
                          else -> $composer.skipToGroupEnd()
                        }
                      }

                    }

                    <no name provided>()
                  }, $composer = $composer, $changed = 54), floatingActionButtonPosition = Companion.<get-Center>(), containerColor = // COMPOSITE {
                  <unsafe-coerce><Long, Color>(v = 0L)
                  // }, contentColor = // COMPOSITE {
                  <unsafe-coerce><Long, Color>(v = 0L)
                  // }, contentWindowInsets = // COMPOSITE {
                  null
                  // }, content = rememberComposableLambda(key = 17961350, tracked = true, block = { // BLOCK
                    local class <no name provided> : Function3<PaddingValues, Composer, Int, Unit> {
                      constructor() /* primary */ {
                        super/*Any*/()
                        /* <init>() */

                      }

                      @Composable
                      @ComposableTarget(applier = "androidx.compose.ui.UiComposable")
                      override fun invoke(paddingValues: PaddingValues, /* var */ $composer: Composer?, $changed: Int) {
                        sourceInformation(composer = $composer, sourceInformation = "C164@6793L1797,207@8700L27,210@8841L78,206@8643L276:HomeScreen.kt#cxq2k")
                        val $dirty: Int = $changed
                        when {
                          EQEQ(arg0 = $changed.and(other = 6), arg1 = 0) -> $dirty = $dirty.or(other = when {
                            $composer.changed(value = paddingValues) -> 4
                            else -> 2
                          })
                        }
                        when {
                          when {
                            EQEQ(arg0 = $dirty.and(other = 19), arg1 = 18).not() -> true
                            else -> $composer.<get-skipping>().not()
                          } -> { // BLOCK
                            when {
                              isTraceInProgress() -> traceEventStart(key = 17961350, dirty1 = $dirty, dirty2 = -1, info = "com.wnapp.trustmoney.ui.home.HomeScreen.<anonymous>.<anonymous> (HomeScreen.kt:164)")
                            }
                            Box(modifier = Companion.fillMaxSize().padding(paddingValues = paddingValues).background(color = <get-LightBg>()), contentAlignment = // COMPOSITE {
                            null
                            // }, propagateMinConstraints = // COMPOSITE {
                            false
                            // }, content = { // BLOCK
                              @Composable
                              @ComposableTarget(applier = "androidx.compose.ui.UiComposable")
                              local fun BoxScope.<anonymous>(/* var */ $composer: Composer?, $changed: Int) {
                                { // BLOCK
                                  sourceInformationMarkerStart(composer = $composer, key = 1267099163, sourceInformation = "C173@7113L21,170@6986L1333,201@8532L26,197@8336L240:HomeScreen.kt#cxq2k")
                                  // COMPOSITE {
                                  Column(modifier = Companion.fillMaxSize().verticalScroll(state = rememberScrollState(initial = // COMPOSITE {
                                  0
                                  // }, $composer = $composer, $changed = 0, $default = 1)), verticalArrangement = // COMPOSITE {
                                  null
                                  // }, horizontalAlignment = Companion.<get-CenterHorizontally>(), content = { // BLOCK
                                    @Composable
                                    @ComposableTarget(applier = "androidx.compose.ui.UiComposable")
                                    local fun ColumnScope.<anonymous>(/* var */ $composer: Composer?, $changed: Int) {
                                      { // BLOCK
                                        sourceInformationMarkerStart(composer = $composer, key = 2005882165, sourceInformation = "C176@7248L585,189@7854L41,190@7916L38,191@7975L79,192@8075L54,193@8150L38,194@8209L29,195@8259L42:HomeScreen.kt#cxq2k")
                                        // COMPOSITE {
                                        Box(modifier = // COMPOSITE {
                                        null
                                        // }, contentAlignment = Companion.<get-BottomCenter>(), propagateMinConstraints = // COMPOSITE {
                                        false
                                        // }, content = { // BLOCK
                                          @Composable
                                          @ComposableTarget(applier = "androidx.compose.ui.UiComposable")
                                          local fun BoxScope.<anonymous>(/* var */ $composer: Composer?, $changed: Int) {
                                            { // BLOCK
                                              sourceInformationMarkerStart(composer = $composer, key = 246029129, sourceInformation = "C177@7321L184,183@7643L142,181@7530L281:HomeScreen.kt#cxq2k")
                                              // COMPOSITE {
                                              Column(modifier = // COMPOSITE {
                                              null
                                              // }, verticalArrangement = // COMPOSITE {
                                              null
                                              // }, horizontalAlignment = // COMPOSITE {
                                              null
                                              // }, content = { // BLOCK
                                                @Composable
                                                @ComposableTarget(applier = "androidx.compose.ui.UiComposable")
                                                local fun ColumnScope.<anonymous>(/* var */ $composer: Composer?, $changed: Int) {
                                                  { // BLOCK
                                                    sourceInformationMarkerStart(composer = $composer, key = 2063295451, sourceInformation = "C178@7358L51,179@7438L41:HomeScreen.kt#cxq2k")
                                                    // COMPOSITE {
                                                    ProfileSection(userName = fullName, context = context, appVM = appVM, $composer = $composer, $changed = #$stable.shl(bitCount = 6))
                                                    Spacer(modifier = Companion.height(height = 80.<get-dp>()), $composer = $composer, $changed = 6)
                                                    // }
                                                    sourceInformationMarkerEnd(composer = $composer)
                                                  }
                                                }

                                                <no name provided>::<anonymous>
                                              }, $composer = $composer, $changed = 0, $default = 7)
                                              CategoryTabs(selectedTab = <get-selectedTab>(), onTabSelected = { // BLOCK
                                                { // BLOCK
                                                  $composer.startReplaceGroup(key = -1516074274)
                                                  sourceInformation(composer = $composer, sourceInformation = "CC(remember):HomeScreen.kt#9igjgp")
                                                }
                                                val tmp0_group: Function1<Int, Unit> = $composer.cache<Function1<Int, Unit>>(invalid = $composer.changedInstance(value = context), block = { // BLOCK
                                                  local fun <anonymous>(): Function1<Int, Unit> {
                                                    return { // BLOCK
                                                      local fun <anonymous>(it: Int): Unit? {
                                                        <set-selectedTab>(<set-?> = it)
                                                        showToast(message = "Tab " + it + " Selected")
                                                      }

                                                      <jvm-indy-lambda-metafactory><Function1<Int, Unit>>(samMethodType = &error("") /* ERROR: unsupported element type: IrRawFunctionReferenceImpl */
, implMethodReference = <no name provided>::<anonymous>, instantiatedMethodType = &error("") /* ERROR: unsupported element type: IrRawFunctionReferenceImpl */
, extraOverriddenMethodTypes = [], shouldBeSerializable = false)
                                                    }
                                                  }

                                                  <no name provided>::<anonymous>
                                                })
                                                $composer.endReplaceGroup()
                                                tmp0_group
                                              }, $composer = $composer, $changed = 0)
                                              // }
                                              sourceInformationMarkerEnd(composer = $composer)
                                            }
                                          }

                                          <no name provided>::<anonymous>
                                        }, $composer = $composer, $changed = 48, $default = 5)
                                        Spacer(modifier = Companion.height(height = 16.<get-dp>()), $composer = $composer, $changed = 6)
                                        OverviewHeader(title = strAccOverview, $composer = $composer, $changed = 0)
                                        TabContentCard(selectedTab = <get-selectedTab>(), navController = navController, appVM = appVM, $composer = $composer, $changed = #$stable.shl(bitCount = 6))
                                        SendMoneySection(navController = navController, appVM = appVM, $composer = $composer, $changed = #$stable.shl(bitCount = 3))
                                        OverviewHeader(title = strRecentTrans, $composer = $composer, $changed = 0)
                                        TransactionPreviewCard(appVM = appVM, $composer = $composer, $changed = #$stable)
                                        Spacer(modifier = Companion.height(height = 130.<get-dp>()), $composer = $composer, $changed = 6)
                                        // }
                                        sourceInformationMarkerEnd(composer = $composer)
                                      }
                                    }

                                    <no name provided>::<anonymous>
                                  }, $composer = $composer, $changed = 384, $default = 2)
                                  AnimatedSwipeIndicator(modifier = ($this$Box, Companion).align(alignment = Companion.<get-BottomCenter>()).offset(, y = -15.<get-dp>()), onClick = { // BLOCK
                                    { // BLOCK
                                      $composer.startReplaceGroup(key = 1703490060)
                                      sourceInformation(composer = $composer, sourceInformation = "CC(remember):HomeScreen.kt#9igjgp")
                                    }
                                    val tmp0_group: Function0<Unit> = $composer.cache<Function0<Unit>>(invalid = false, block = { // BLOCK
                                      local fun <anonymous>(): Function0<Unit> {
                                        return { // BLOCK
                                          local fun <anonymous>(): Unit? {
                                            <set-showBottomSheet>(<set-?> = true)
                                          }

                                          <jvm-indy-lambda-metafactory><Function0<Unit>>(samMethodType = &error("") /* ERROR: unsupported element type: IrRawFunctionReferenceImpl */
, implMethodReference = <no name provided>::<anonymous>, instantiatedMethodType = &error("") /* ERROR: unsupported element type: IrRawFunctionReferenceImpl */
, extraOverriddenMethodTypes = [], shouldBeSerializable = false)
                                        }
                                      }

                                      <no name provided>::<anonymous>
                                    })
                                    $composer.endReplaceGroup()
                                    tmp0_group
                                  }, $composer = $composer, $changed = 48)
                                  // }
                                  sourceInformationMarkerEnd(composer = $composer)
                                }
                              }

                              <no name provided>::<anonymous>
                            }, $composer = $composer, $changed = 0, $default = 6)
                            { // BLOCK
                              // COMPOSITE {
                              // }
                              when {
                                <get-showBottomSheet>() -> { // BLOCK
                                  ModalBottomSheet(onDismissRequest = { // BLOCK
                                    { // BLOCK
                                      $composer.startReplaceGroup(key = -459384434)
                                      sourceInformation(composer = $composer, sourceInformation = "CC(remember):HomeScreen.kt#9igjgp")
                                    }
                                    val tmp0_group: Function0<Unit> = $composer.cache<Function0<Unit>>(invalid = false, block = { // BLOCK
                                      local fun <anonymous>(): Function0<Unit> {
                                        return { // BLOCK
                                          local fun <anonymous>(): Unit? {
                                            <set-showBottomSheet>(<set-?> = false)
                                          }

                                          <jvm-indy-lambda-metafactory><Function0<Unit>>(samMethodType = &error("") /* ERROR: unsupported element type: IrRawFunctionReferenceImpl */
, implMethodReference = <no name provided>::<anonymous>, instantiatedMethodType = &error("") /* ERROR: unsupported element type: IrRawFunctionReferenceImpl */
, extraOverriddenMethodTypes = [], shouldBeSerializable = false)
                                        }
                                      }

                                      <no name provided>::<anonymous>
                                    })
                                    $composer.endReplaceGroup()
                                    tmp0_group
                                  }, modifier = // COMPOSITE {
                                  null
                                  // }, sheetState = sheetState, sheetMaxWidth = // COMPOSITE {
                                  <unsafe-coerce><Float, Dp>(v = 0.0F)
                                  // }, shape = // COMPOSITE {
                                  null
                                  // }, containerColor = Companion.<get-White>(), contentColor = // COMPOSITE {
                                  <unsafe-coerce><Long, Color>(v = 0L)
                                  // }, tonalElevation = // COMPOSITE {
                                  <unsafe-coerce><Float, Dp>(v = 0.0F)
                                  // }, scrimColor = // COMPOSITE {
                                  <unsafe-coerce><Long, Color>(v = 0L)
                                  // }, dragHandle = // COMPOSITE {
                                  null
                                  // }, contentWindowInsets = // COMPOSITE {
                                  null
                                  // }, properties = // COMPOSITE {
                                  null
                                  // }, content = rememberComposableLambda(key = -1242678658, tracked = true, block = { // BLOCK
                                    local class <no name provided> : Function3<ColumnScope, Composer, Int, Unit> {
                                      constructor() /* primary */ {
                                        super/*Any*/()
                                        /* <init>() */

                                      }

                                      @Composable
                                      @ComposableTarget(applier = "androidx.compose.ui.UiComposable")
                                      override fun invoke($this$ModalBottomSheet: ColumnScope, /* var */ $composer: Composer?, $changed: Int) {
                                        sourceInformation(composer = $composer, sourceInformation = "C211@8863L38:HomeScreen.kt#cxq2k")
                                        when {
                                          when {
                                            EQEQ(arg0 = $changed.and(other = 17), arg1 = 16).not() -> true
                                            else -> $composer.<get-skipping>().not()
                                          } -> { // BLOCK
                                            when {
                                              isTraceInProgress() -> traceEventStart(key = -1242678658, dirty1 = $changed, dirty2 = -1, info = "com.wnapp.trustmoney.ui.home.HomeScreen.<anonymous>.<anonymous>.<anonymous> (HomeScreen.kt:211)")
                                            }
                                            QuickActionsMenu(navController = navController, appVM = appVM, $composer = $composer, $changed = #$stable.shl(bitCount = 3))
                                            when {
                                              isTraceInProgress() -> traceEventEnd()
                                            }
                                          }
                                          else -> $composer.skipToGroupEnd()
                                        }
                                      }

                                    }

                                    <no name provided>()
                                  }, $composer = $composer, $changed = 54), $composer = $composer, $changed = 196614, $changed1 = 384, $default = 4058)
                                }
                              }
                              // COMPOSITE {
                              // }
                            }
                            when {
                              isTraceInProgress() -> traceEventEnd()
                            }
                          }
                          else -> $composer.skipToGroupEnd()
                        }
                      }

                    }

                    <no name provided>()
                  }, $composer = $composer, $changed = 54), $composer = $composer, $changed = 805331376, $default = 457)
                  when {
                    isTraceInProgress() -> traceEventEnd()
                  }
                }
                else -> $composer.skipToGroupEnd()
              }
            }

          }

          <no name provided>()
        }, $composer = $composer, $changed = 54), $composer = $composer, $changed = 196614, $default = 26)
        when {
          isTraceInProgress() -> traceEventEnd()
        }
      }
      else -> $composer.skipToGroupEnd()
    }
    { // BLOCK
      { // BLOCK
        val tmp10_safe_receiver: ScopeUpdateScope? = $composer.endRestartGroup()
        when {
          EQEQ(arg0 = tmp10_safe_receiver, arg1 = null) -> null
          else -> tmp10_safe_receiver.updateScope(block = { // BLOCK
            local fun <anonymous>($composer: Composer?, $force: Int): Unit? {
              return HomeScreen(navController = navController, $composer = $composer, $changed = updateChangedFlags(flags = $changed.or(other = 1)))
            }

            <jvm-indy-lambda-metafactory><Function2<Composer?, Int, Unit>>(samMethodType = &error("") /* ERROR: unsupported element type: IrRawFunctionReferenceImpl */
, implMethodReference = HomeScreenKt::<anonymous>, instantiatedMethodType = &error("") /* ERROR: unsupported element type: IrRawFunctionReferenceImpl */
, extraOverriddenMethodTypes = [], shouldBeSerializable = false)
          })
        }
      }
    }
  }

  @Composable
  @ComposableTarget(applier = "androidx.compose.ui.UiComposable")
  fun HomeBottomAppBar(onHomeClick: Function0<Unit>, onLocationClick: Function0<Unit>, onSwipeUp: Function0<Unit>, /* var */ $composer: Composer?, $changed: Int) {
    { // BLOCK
      $composer = $composer.startRestartGroup(key = 2027460593)
      sourceInformation(composer = $composer, sourceInformation = "C(HomeBottomAppBar)223@9245L133,228@9385L1037,219@9068L1354:HomeScreen.kt#cxq2k")
    }
    val $dirty: Int = $changed
    when {
      EQEQ(arg0 = $changed.and(other = 6), arg1 = 0) -> $dirty = $dirty.or(other = when {
        $composer.changedInstance(value = onHomeClick) -> 4
        else -> 2
      })
    }
    when {
      EQEQ(arg0 = $changed.and(other = 48), arg1 = 0) -> $dirty = $dirty.or(other = when {
        $composer.changedInstance(value = onLocationClick) -> 32
        else -> 16
      })
    }
    when {
      EQEQ(arg0 = $changed.and(other = 384), arg1 = 0) -> $dirty = $dirty.or(other = when {
        $composer.changedInstance(value = onSwipeUp) -> 256
        else -> 128
      })
    }
    when {
      when {
        EQEQ(arg0 = $dirty.and(other = 147), arg1 = 146).not() -> true
        else -> $composer.<get-skipping>().not()
      } -> { // BLOCK
        when {
          isTraceInProgress() -> traceEventStart(key = 2027460593, dirty1 = $dirty, dirty2 = -1, info = "com.wnapp.trustmoney.ui.home.HomeBottomAppBar (HomeScreen.kt:218)")
        }
        { // BLOCK
          val tmp0_containerColor: Color = Companion.<get-White>()
          val tmp1_tonalElevation: Dp = 15.<get-dp>()
          val tmp2_contentPadding: PaddingValues = PaddingValues(all = 0.<get-dp>())
          val tmp3_modifier: Modifier = Companion.pointerInput(key1 = Unit, block = { // BLOCK
            { // BLOCK
              $composer.startReplaceGroup(key = 1765759083)
              sourceInformation(composer = $composer, sourceInformation = "CC(remember):HomeScreen.kt#9igjgp")
            }
            val tmp0_group: PointerInputEventHandler = $composer.cache<PointerInputEventHandler>(invalid = EQEQ(arg0 = $dirty.and(other = 896), arg1 = 256), block = { // BLOCK
              local fun <anonymous>(): PointerInputEventHandler {
                return { // BLOCK
                  local class <no name provided> : @RawType PointerInputEventHandler {
                    constructor() /* primary */ {
                      super/*Any*/()
                      /* <init>() */

                    }

                    override suspend fun invoke($this$pointerInput: PointerInputScope) {
                      $this$pointerInput.detectVerticalDragGestures(, onVerticalDrag = { // BLOCK
                        local fun <anonymous>(<unused var>: PointerInputChange, dragAmount: Float): Unit? {
                          when {
                            less(arg0 = dragAmount, arg1 = -15.0F) -> onSwipeUp.invoke()
                          }
                        }

                        <jvm-indy-lambda-metafactory><Function2<PointerInputChange, Float, Unit>>(samMethodType = &error("") /* ERROR: unsupported element type: IrRawFunctionReferenceImpl */
, implMethodReference = <no name provided>::<anonymous>, instantiatedMethodType = &error("") /* ERROR: unsupported element type: IrRawFunctionReferenceImpl */
, extraOverriddenMethodTypes = [], shouldBeSerializable = false)
                      })
                    }

                    /* fake */ override operator fun equals(other: Any?): Boolean

                    /* fake */ override fun hashCode(): Int

                    /* fake */ override fun toString(): String

                  }

                  <no name provided>()
                }
              }

              HomeScreenKt::<anonymous>
            })
            $composer.endReplaceGroup()
            tmp0_group
          })
          BottomAppBar(modifier = tmp3_modifier, containerColor = tmp0_containerColor, contentColor = // COMPOSITE {
          <unsafe-coerce><Long, Color>(v = 0L)
          // }, tonalElevation = tmp1_tonalElevation, contentPadding = tmp2_contentPadding, windowInsets = // COMPOSITE {
          null
          // }, content = rememberComposableLambda(key = -1395605015, tracked = true, block = { // BLOCK
            local class <no name provided> : Function3<RowScope, Composer, Int, Unit> {
              constructor() /* primary */ {
                super/*Any*/()
                /* <init>() */

              }

              @Composable
              @ComposableTarget(applier = "androidx.compose.ui.UiComposable")
              override fun invoke($this$BottomAppBar: RowScope, /* var */ $composer: Composer?, $changed: Int) {
                sourceInformation(composer = $composer, sourceInformation = "C229@9395L1021:HomeScreen.kt#cxq2k")
                when {
                  when {
                    EQEQ(arg0 = $changed.and(other = 17), arg1 = 16).not() -> true
                    else -> $composer.<get-skipping>().not()
                  } -> { // BLOCK
                    when {
                      isTraceInProgress() -> traceEventStart(key = -1395605015, dirty1 = $changed, dirty2 = -1, info = "com.wnapp.trustmoney.ui.home.HomeBottomAppBar.<anonymous> (HomeScreen.kt:229)")
                    }
                    Row(modifier = Companion.fillMaxWidth(), horizontalArrangement = Arrangement.<get-SpaceAround>(), verticalAlignment = Companion.<get-CenterVertically>(), content = { // BLOCK
                      @Composable
                      @ComposableTarget(applier = "androidx.compose.ui.UiComposable")
                      local fun RowScope.<anonymous>(/* var */ $composer: Composer?, $changed: Int) {
                        { // BLOCK
                          sourceInformationMarkerStart(composer = $composer, key = -420664239, sourceInformation = "C236@9725L17,234@9592L378,241@9983L38,244@10167L21,242@10034L372:HomeScreen.kt#cxq2k")
                          // COMPOSITE {
                          { // BLOCK
                            val tmp0_horizontalAlignment: Horizontal = Companion.<get-CenterHorizontally>()
                            val tmp1_modifier: Modifier = ($this$Row, Companion).weight(weight = 1.0F).clickable(, onClick = { // BLOCK
                              { // BLOCK
                                $composer.startReplaceGroup(key = 263528309)
                                sourceInformation(composer = $composer, sourceInformation = "CC(remember):HomeScreen.kt#9igjgp")
                              }
                              val tmp0_group: Function0<Unit> = $composer.cache<Function0<Unit>>(invalid = $composer.changed(value = onHomeClick), block = { // BLOCK
                                local fun <anonymous>(): Function0<Unit> {
                                  return { // BLOCK
                                    local fun <anonymous>(): Unit? {
                                      onHomeClick.invoke()
                                    }

                                    <jvm-indy-lambda-metafactory><Function0<Unit>>(samMethodType = &error("") /* ERROR: unsupported element type: IrRawFunctionReferenceImpl */
, implMethodReference = <no name provided>::<anonymous>, instantiatedMethodType = &error("") /* ERROR: unsupported element type: IrRawFunctionReferenceImpl */
, extraOverriddenMethodTypes = [], shouldBeSerializable = false)
                                  }
                                }

                                <no name provided>::<anonymous>
                              })
                              $composer.endReplaceGroup()
                              tmp0_group
                            }).padding(, top = 8.<get-dp>(), bottom = 4.<get-dp>())
                            Column(modifier = tmp1_modifier, verticalArrangement = // COMPOSITE {
                            null
                            // }, horizontalAlignment = tmp0_horizontalAlignment, content = { // BLOCK
                              @Composable
                              @ComposableTarget(applier = "androidx.compose.ui.UiComposable")
                              local fun ColumnScope.<anonymous>(/* var */ $composer: Composer?, $changed: Int) {
                                { // BLOCK
                                  sourceInformationMarkerStart(composer = $composer, key = -2117866482, sourceInformation = "C238@9810L49,239@9876L80:HomeScreen.kt#cxq2k")
                                  // COMPOSITE {
                                  Icon(imageVector = Icons.<get-Default>().<get-Home>(), contentDescription = null, modifier = // COMPOSITE {
                                  null
                                  // }, tint = <get-BrandGreen>(), $composer = $composer, $changed = 48, $default = 4)
                                  Text(text = "Home", modifier = // COMPOSITE {
                                  null
                                  // }, color = <get-BrandGreen>(), fontSize = 11.<get-sp>(), fontStyle = // COMPOSITE {
                                  null
                                  // }, fontWeight = Companion.<get-Bold>(), fontFamily = // COMPOSITE {
                                  null
                                  // }, letterSpacing = // COMPOSITE {
                                  <unsafe-coerce><Long, TextUnit>(v = 0L)
                                  // }, textDecoration = // COMPOSITE {
                                  null
                                  // }, textAlign = // COMPOSITE {
                                  null
                                  // }, lineHeight = // COMPOSITE {
                                  <unsafe-coerce><Long, TextUnit>(v = 0L)
                                  // }, overflow = // COMPOSITE {
                                  <unsafe-coerce><Int, TextOverflow>(v = 0)
                                  // }, softWrap = // COMPOSITE {
                                  false
                                  // }, maxLines = // COMPOSITE {
                                  0
                                  // }, minLines = // COMPOSITE {
                                  0
                                  // }, onTextLayout = // COMPOSITE {
                                  null
                                  // }, style = // COMPOSITE {
                                  null
                                  // }, $composer = $composer, $changed = 199686, $changed1 = 0, $default = 131026)
                                  // }
                                  sourceInformationMarkerEnd(composer = $composer)
                                }
                              }

                              <no name provided>::<anonymous>
                            }, $composer = $composer, $changed = 384, $default = 2)
                          }
                          Spacer(modifier = ($this$Row, Companion).weight(weight = 1.0F), $composer = $composer, $changed = 0)
                          { // BLOCK
                            val tmp2_horizontalAlignment: Horizontal = Companion.<get-CenterHorizontally>()
                            val tmp3_modifier: Modifier = ($this$Row, Companion).weight(weight = 1.0F).clickable(, onClick = { // BLOCK
                              { // BLOCK
                                $composer.startReplaceGroup(key = 263542457)
                                sourceInformation(composer = $composer, sourceInformation = "CC(remember):HomeScreen.kt#9igjgp")
                              }
                              val tmp1_group: Function0<Unit> = $composer.cache<Function0<Unit>>(invalid = $composer.changed(value = onLocationClick), block = { // BLOCK
                                local fun <anonymous>(): Function0<Unit> {
                                  return { // BLOCK
                                    local fun <anonymous>(): Unit? {
                                      onLocationClick.invoke()
                                    }

                                    <jvm-indy-lambda-metafactory><Function0<Unit>>(samMethodType = &error("") /* ERROR: unsupported element type: IrRawFunctionReferenceImpl */
, implMethodReference = <no name provided>::<anonymous>, instantiatedMethodType = &error("") /* ERROR: unsupported element type: IrRawFunctionReferenceImpl */
, extraOverriddenMethodTypes = [], shouldBeSerializable = false)
                                  }
                                }

                                <no name provided>::<anonymous>
                              })
                              $composer.endReplaceGroup()
                              tmp1_group
                            }).padding(, top = 8.<get-dp>(), bottom = 4.<get-dp>())
                            Column(modifier = tmp3_modifier, verticalArrangement = // COMPOSITE {
                            null
                            // }, horizontalAlignment = tmp2_horizontalAlignment, content = { // BLOCK
                              @Composable
                              @ComposableTarget(applier = "androidx.compose.ui.UiComposable")
                              local fun ColumnScope.<anonymous>(/* var */ $composer: Composer?, $changed: Int) {
                                { // BLOCK
                                  sourceInformationMarkerStart(composer = $composer, key = -2117424360, sourceInformation = "C246@10256L60,247@10333L59:HomeScreen.kt#cxq2k")
                                  // COMPOSITE {
                                  Icon(imageVector = Icons.<get-Default>().<get-LocationOn>(), contentDescription = null, modifier = // COMPOSITE {
                                  null
                                  // }, tint = Companion.<get-LightGray>(), $composer = $composer, $changed = 3120, $default = 4)
                                  Text(text = "Location", modifier = // COMPOSITE {
                                  null
                                  // }, color = Companion.<get-LightGray>(), fontSize = 11.<get-sp>(), fontStyle = // COMPOSITE {
                                  null
                                  // }, fontWeight = // COMPOSITE {
                                  null
                                  // }, fontFamily = // COMPOSITE {
                                  null
                                  // }, letterSpacing = // COMPOSITE {
                                  <unsafe-coerce><Long, TextUnit>(v = 0L)
                                  // }, textDecoration = // COMPOSITE {
                                  null
                                  // }, textAlign = // COMPOSITE {
                                  null
                                  // }, lineHeight = // COMPOSITE {
                                  <unsafe-coerce><Long, TextUnit>(v = 0L)
                                  // }, overflow = // COMPOSITE {
                                  <unsafe-coerce><Int, TextOverflow>(v = 0)
                                  // }, softWrap = // COMPOSITE {
                                  false
                                  // }, maxLines = // COMPOSITE {
                                  0
                                  // }, minLines = // COMPOSITE {
                                  0
                                  // }, onTextLayout = // COMPOSITE {
                                  null
                                  // }, style = // COMPOSITE {
                                  null
                                  // }, $composer = $composer, $changed = 3462, $changed1 = 0, $default = 131058)
                                  // }
                                  sourceInformationMarkerEnd(composer = $composer)
                                }
                              }

                              <no name provided>::<anonymous>
                            }, $composer = $composer, $changed = 384, $default = 2)
                          }
                          // }
                          sourceInformationMarkerEnd(composer = $composer)
                        }
                      }

                      <no name provided>::<anonymous>
                    }, $composer = $composer, $changed = 438, $default = 0)
                    when {
                      isTraceInProgress() -> traceEventEnd()
                    }
                  }
                  else -> $composer.skipToGroupEnd()
                }
              }

            }

            <no name provided>()
          }, $composer = $composer, $changed = 54), $composer = $composer, $changed = 1600560, $default = 36)
        }
        when {
          isTraceInProgress() -> traceEventEnd()
        }
      }
      else -> $composer.skipToGroupEnd()
    }
    { // BLOCK
      { // BLOCK
        val tmp1_safe_receiver: ScopeUpdateScope? = $composer.endRestartGroup()
        when {
          EQEQ(arg0 = tmp1_safe_receiver, arg1 = null) -> null
          else -> tmp1_safe_receiver.updateScope(block = { // BLOCK
            local fun <anonymous>($composer: Composer?, $force: Int): Unit? {
              return HomeBottomAppBar(onHomeClick = onHomeClick, onLocationClick = onLocationClick, onSwipeUp = onSwipeUp, $composer = $composer, $changed = updateChangedFlags(flags = $changed.or(other = 1)))
            }

            <jvm-indy-lambda-metafactory><Function2<Composer?, Int, Unit>>(samMethodType = &error("") /* ERROR: unsupported element type: IrRawFunctionReferenceImpl */
, implMethodReference = HomeScreenKt::<anonymous>, instantiatedMethodType = &error("") /* ERROR: unsupported element type: IrRawFunctionReferenceImpl */
, extraOverriddenMethodTypes = [], shouldBeSerializable = false)
          })
        }
      }
    }
  }

  @Composable
  @ComposableTarget(applier = "androidx.compose.ui.UiComposable")
  fun AnimatedSwipeIndicator(modifier: Modifier, onClick: Function0<Unit>, /* var */ $composer: Composer?, $changed: Int) {
    { // BLOCK
      $composer = $composer.startRestartGroup(key = 149459678)
      sourceInformation(composer = $composer, sourceInformation = "C(AnimatedSwipeIndicator)255@10537L45,258@10692L385,272@11170L13,269@11083L486:HomeScreen.kt#cxq2k")
    }
    val $dirty: Int = $changed
    when {
      EQEQ(arg0 = $changed.and(other = 6), arg1 = 0) -> $dirty = $dirty.or(other = when {
        $composer.changed(value = modifier) -> 4
        else -> 2
      })
    }
    when {
      EQEQ(arg0 = $changed.and(other = 48), arg1 = 0) -> $dirty = $dirty.or(other = when {
        $composer.changedInstance(value = onClick) -> 32
        else -> 16
      })
    }
    when {
      when {
        EQEQ(arg0 = $dirty.and(other = 19), arg1 = 18).not() -> true
        else -> $composer.<get-skipping>().not()
      } -> { // BLOCK
        when {
          isTraceInProgress() -> traceEventStart(key = 149459678, dirty1 = $dirty, dirty2 = -1, info = "com.wnapp.trustmoney.ui.home.AnimatedSwipeIndicator (HomeScreen.kt:254)")
        }
        val infiniteTransition: InfiniteTransition = rememberInfiniteTransition(label = "SwipeUp", $composer = $composer, $changed = 6, $default = 0)
        val offsetY: Dp
          val offsetY$delegate: State<Dp> = infiniteTransition.animateValue<Dp, AnimationVector1D>(initialValue = 0.<get-dp>(), targetValue = -8.<get-dp>(), typeConverter = Companion.<get-VectorConverter>(), animationSpec = infiniteRepeatable<Dp>(animation = tween<Dp>(durationMillis = 1000, easing = <get-FastOutSlowInEasing>()), repeatMode = RepeatMode.Reverse), label = "IconOffset", $composer = $composer, $changed = 197040.or(other = #$stable).or(other = #$stable.shl(bitCount = 12)), $default = 0)
          local get(): Dp {
            return offsetY$delegate.getValue<Dp>(thisObj = null, property = null)
          }

        Column(modifier = modifier.fillMaxWidth().clickable(, onClick = { // BLOCK
          { // BLOCK
            $composer.startReplaceGroup(key = -1151434801)
            sourceInformation(composer = $composer, sourceInformation = "CC(remember):HomeScreen.kt#9igjgp")
          }
          val tmp0_group: Function0<Unit> = $composer.cache<Function0<Unit>>(invalid = EQEQ(arg0 = $dirty.and(other = 112), arg1 = 32), block = { // BLOCK
            local fun <anonymous>(): Function0<Unit> {
              return { // BLOCK
                local fun <anonymous>(): Unit? {
                  onClick.invoke()
                }

                <jvm-indy-lambda-metafactory><Function0<Unit>>(samMethodType = &error("") /* ERROR: unsupported element type: IrRawFunctionReferenceImpl */
, implMethodReference = HomeScreenKt::<anonymous>, instantiatedMethodType = &error("") /* ERROR: unsupported element type: IrRawFunctionReferenceImpl */
, extraOverriddenMethodTypes = [], shouldBeSerializable = false)
              }
            }

            HomeScreenKt::<anonymous>
          })
          $composer.endReplaceGroup()
          tmp0_group
        }), verticalArrangement = // COMPOSITE {
        null
        // }, horizontalAlignment = Companion.<get-CenterHorizontally>(), content = { // BLOCK
          @Composable
          @ComposableTarget(applier = "androidx.compose.ui.UiComposable")
          local fun ColumnScope.<anonymous>(/* var */ $composer: Composer?, $changed: Int) {
            { // BLOCK
              sourceInformationMarkerStart(composer = $composer, key = -814036269, sourceInformation = "C275@11260L83,276@11352L211:HomeScreen.kt#cxq2k")
              // COMPOSITE {
              Text(text = "Swipe up for Quick Actions", modifier = // COMPOSITE {
              null
              // }, color = Companion.<get-Gray>().copy(alpha = 0.8F), fontSize = 10.<get-sp>(), fontStyle = // COMPOSITE {
              null
              // }, fontWeight = // COMPOSITE {
              null
              // }, fontFamily = // COMPOSITE {
              null
              // }, letterSpacing = // COMPOSITE {
              <unsafe-coerce><Long, TextUnit>(v = 0L)
              // }, textDecoration = // COMPOSITE {
              null
              // }, textAlign = // COMPOSITE {
              null
              // }, lineHeight = // COMPOSITE {
              <unsafe-coerce><Long, TextUnit>(v = 0L)
              // }, overflow = // COMPOSITE {
              <unsafe-coerce><Int, TextOverflow>(v = 0)
              // }, softWrap = // COMPOSITE {
              false
              // }, maxLines = // COMPOSITE {
              0
              // }, minLines = // COMPOSITE {
              0
              // }, onTextLayout = // COMPOSITE {
              null
              // }, style = // COMPOSITE {
              null
              // }, $composer = $composer, $changed = 3462, $changed1 = 0, $default = 131058)
              { // BLOCK
                val tmp0_imageVector: ImageVector = Icons.<get-Default>().<get-KeyboardDoubleArrowUp>()
                val tmp1_tint: Color = <get-BrandGreen>()
                val tmp2_modifier: Modifier = Companion.size(size = 40.<get-dp>()).offset(, y = <get-offsetY>())
                Icon(imageVector = tmp0_imageVector, contentDescription = null, modifier = tmp2_modifier, tint = tmp1_tint, $composer = $composer, $changed = 48, $default = 0)
              }
              // }
              sourceInformationMarkerEnd(composer = $composer)
            }
          }

          HomeScreenKt::<anonymous>
        }, $composer = $composer, $changed = 384, $default = 2)
        when {
          isTraceInProgress() -> traceEventEnd()
        }
      }
      else -> $composer.skipToGroupEnd()
    }
    { // BLOCK
      { // BLOCK
        val tmp1_safe_receiver: ScopeUpdateScope? = $composer.endRestartGroup()
        when {
          EQEQ(arg0 = tmp1_safe_receiver, arg1 = null) -> null
          else -> tmp1_safe_receiver.updateScope(block = { // BLOCK
            local fun <anonymous>($composer: Composer?, $force: Int): Unit? {
              return AnimatedSwipeIndicator(modifier = modifier, onClick = onClick, $composer = $composer, $changed = updateChangedFlags(flags = $changed.or(other = 1)))
            }

            <jvm-indy-lambda-metafactory><Function2<Composer?, Int, Unit>>(samMethodType = &error("") /* ERROR: unsupported element type: IrRawFunctionReferenceImpl */
, implMethodReference = HomeScreenKt::<anonymous>, instantiatedMethodType = &error("") /* ERROR: unsupported element type: IrRawFunctionReferenceImpl */
, extraOverriddenMethodTypes = [], shouldBeSerializable = false)
          })
        }
      }
    }
  }

  @Composable
  @ComposableTarget(applier = "androidx.compose.ui.UiComposable")
  fun CentralQrButton(onClick: Function0<Unit>, /* var */ $composer: Composer?, $changed: Int) {
    { // BLOCK
      $composer = $composer.startRestartGroup(key = 2033848473)
      sourceInformation(composer = $composer, sourceInformation = "C(CentralQrButton)291@11685L37,293@11728L1035:HomeScreen.kt#cxq2k")
    }
    val $dirty: Int = $changed
    when {
      EQEQ(arg0 = $changed.and(other = 6), arg1 = 0) -> $dirty = $dirty.or(other = when {
        $composer.changedInstance(value = onClick) -> 4
        else -> 2
      })
    }
    when {
      when {
        EQEQ(arg0 = $dirty.and(other = 3), arg1 = 2).not() -> true
        else -> $composer.<get-skipping>().not()
      } -> { // BLOCK
        when {
          isTraceInProgress() -> traceEventStart(key = 2033848473, dirty1 = $dirty, dirty2 = -1, info = "com.wnapp.trustmoney.ui.home.CentralQrButton (HomeScreen.kt:289)")
        }
        val strScanQr: String = stringResource(id = super<string>.#scan_qr, $composer = $composer, $changed = 0)
        { // BLOCK
          val tmp0_horizontalAlignment: Horizontal = Companion.<get-CenterHorizontally>()
          val tmp1_modifier: Modifier = Companion.offset(, y = 85.<get-dp>())
          Column(modifier = tmp1_modifier, verticalArrangement = // COMPOSITE {
          null
          // }, horizontalAlignment = tmp0_horizontalAlignment, content = { // BLOCK
            @Composable
            @ComposableTarget(applier = "androidx.compose.ui.UiComposable")
            local fun ColumnScope.<anonymous>(/* var */ $composer: Composer?, $changed: Int) {
              { // BLOCK
                sourceInformationMarkerStart(composer = $composer, key = -1560450959, sourceInformation = "C306@12298L248,297@11904L642,313@12555L40,314@12604L153:HomeScreen.kt#cxq2k")
                // COMPOSITE {
                { // BLOCK
                  val tmp0_shape: RoundedCornerShape = <get-CircleShape>()
                  val tmp1_containerColor: Color = <get-BrandGreen>()
                  val tmp2_contentColor: Color = Companion.<get-White>()
                  val tmp3_modifier: Modifier = Companion.size(size = 65.<get-dp>()).border(width = 4.<get-dp>(), color = Companion.<get-White>(), shape = <get-CircleShape>()).shadow(elevation = 8.<get-dp>(), shape = <get-CircleShape>())
                  FloatingActionButton(onClick = onClick, modifier = tmp3_modifier, shape = tmp0_shape, containerColor = tmp1_containerColor, contentColor = tmp2_contentColor, elevation = // COMPOSITE {
                  null
                  // }, interactionSource = // COMPOSITE {
                  null
                  // }, content = rememberComposableLambda(key = -1364821343, tracked = true, block = { // BLOCK
                    local class <no name provided> : Function2<Composer, Int, Unit> {
                      constructor() /* primary */ {
                        super/*Any*/()
                        /* <init>() */

                      }

                      @Composable
                      @ComposableTarget(applier = "androidx.compose.ui.UiComposable")
                      override fun invoke(/* var */ $composer: Composer?, $changed: Int) {
                        sourceInformation(composer = $composer, sourceInformation = "C307@12312L224:HomeScreen.kt#cxq2k")
                        when {
                          when {
                            EQEQ(arg0 = $changed.and(other = 3), arg1 = 2).not() -> true
                            else -> $composer.<get-skipping>().not()
                          } -> { // BLOCK
                            when {
                              isTraceInProgress() -> traceEventStart(key = -1364821343, dirty1 = $changed, dirty2 = -1, info = "com.wnapp.trustmoney.ui.home.CentralQrButton.<anonymous>.<anonymous> (HomeScreen.kt:307)")
                            }
                            Icon(imageVector = Icons.<get-Default>().<get-QrCodeScanner>(), contentDescription = strScanQr, modifier = Companion.size(size = 32.<get-dp>()), tint = // COMPOSITE {
                            <unsafe-coerce><Long, Color>(v = 0L)
                            // }, $composer = $composer, $changed = 384, $default = 8)
                            when {
                              isTraceInProgress() -> traceEventEnd()
                            }
                          }
                          else -> $composer.skipToGroupEnd()
                        }
                      }

                    }

                    <no name provided>()
                  }, $composer = $composer, $changed = 54), $composer = $composer, $changed = 12607488.or(other = 14.and(other = $dirty)), $default = 96)
                }
                Spacer(modifier = Companion.height(height = 4.<get-dp>()), $composer = $composer, $changed = 6)
                Text(text = strScanQr, modifier = // COMPOSITE {
                null
                // }, color = <get-BrandGreen>(), fontSize = 11.<get-sp>(), fontStyle = // COMPOSITE {
                null
                // }, fontWeight = Companion.<get-ExtraBold>(), fontFamily = // COMPOSITE {
                null
                // }, letterSpacing = // COMPOSITE {
                <unsafe-coerce><Long, TextUnit>(v = 0L)
                // }, textDecoration = // COMPOSITE {
                null
                // }, textAlign = // COMPOSITE {
                null
                // }, lineHeight = // COMPOSITE {
                <unsafe-coerce><Long, TextUnit>(v = 0L)
                // }, overflow = // COMPOSITE {
                <unsafe-coerce><Int, TextOverflow>(v = 0)
                // }, softWrap = // COMPOSITE {
                false
                // }, maxLines = // COMPOSITE {
                0
                // }, minLines = // COMPOSITE {
                0
                // }, onTextLayout = // COMPOSITE {
                null
                // }, style = // COMPOSITE {
                null
                // }, $composer = $composer, $changed = 199680, $changed1 = 0, $default = 131026)
                // }
                sourceInformationMarkerEnd(composer = $composer)
              }
            }

            HomeScreenKt::<anonymous>
          }, $composer = $composer, $changed = 390, $default = 2)
        }
        when {
          isTraceInProgress() -> traceEventEnd()
        }
      }
      else -> $composer.skipToGroupEnd()
    }
    { // BLOCK
      { // BLOCK
        val tmp0_safe_receiver: ScopeUpdateScope? = $composer.endRestartGroup()
        when {
          EQEQ(arg0 = tmp0_safe_receiver, arg1 = null) -> null
          else -> tmp0_safe_receiver.updateScope(block = { // BLOCK
            local fun <anonymous>($composer: Composer?, $force: Int): Unit? {
              return CentralQrButton(onClick = onClick, $composer = $composer, $changed = updateChangedFlags(flags = $changed.or(other = 1)))
            }

            <jvm-indy-lambda-metafactory><Function2<Composer?, Int, Unit>>(samMethodType = &error("") /* ERROR: unsupported element type: IrRawFunctionReferenceImpl */
, implMethodReference = HomeScreenKt::<anonymous>, instantiatedMethodType = &error("") /* ERROR: unsupported element type: IrRawFunctionReferenceImpl */
, extraOverriddenMethodTypes = [], shouldBeSerializable = false)
          })
        }
      }
    }
  }

  @Composable
  @ComposableTarget(applier = "androidx.compose.ui.UiComposable")
  fun ProfileSection(userName: String, context: Context, appVM: AppViewModel, /* var */ $composer: Composer?, $changed: Int) {
    { // BLOCK
      $composer = $composer.startRestartGroup(key = -2104310970)
      sourceInformation(composer = $composer, sourceInformation = "C(ProfileSection)P(2,1)326@12918L206,334@13154L34,339@13381L4017:HomeScreen.kt#cxq2k")
    }
    val $dirty: Int = $changed
    when {
      EQEQ(arg0 = $changed.and(other = 6), arg1 = 0) -> $dirty = $dirty.or(other = when {
        $composer.changed(value = userName) -> 4
        else -> 2
      })
    }
    when {
      EQEQ(arg0 = $changed.and(other = 48), arg1 = 0) -> $dirty = $dirty.or(other = when {
        $composer.changedInstance(value = context) -> 32
        else -> 16
      })
    }
    when {
      EQEQ(arg0 = $changed.and(other = 384), arg1 = 0) -> $dirty = $dirty.or(other = when {
        when {
          EQEQ(arg0 = $changed.and(other = 512), arg1 = 0) -> $composer.changed(value = appVM)
          else -> $composer.changedInstance(value = appVM)
        } -> 256
        else -> 128
      })
    }
    when {
      when {
        EQEQ(arg0 = $dirty.and(other = 147), arg1 = 146).not() -> true
        else -> $composer.<get-skipping>().not()
      } -> { // BLOCK
        when {
          isTraceInProgress() -> traceEventStart(key = -2104310970, dirty1 = $dirty, dirty2 = -1, info = "com.wnapp.trustmoney.ui.home.ProfileSection (HomeScreen.kt:324)")
        }
        val profilePictureUri: Uri?
          val profilePictureUri$delegate: MutableState<Uri?> = { // BLOCK
            { // BLOCK
              $composer.startReplaceGroup(key = 1137837204)
              sourceInformation(composer = $composer, sourceInformation = "CC(remember):HomeScreen.kt#9igjgp")
            }
            val tmp0_group: MutableState<Uri?> = $composer.cache<MutableState<Uri?>>(invalid = false, block = { // BLOCK
              local fun <anonymous>(): MutableState<Uri?> {
                return mutableStateOf<Uri?>(value = File(p0 = context.getFilesDir(), p1 = "profile_picture.jpg").let<File, Uri?>(block = { // BLOCK
                  local fun <anonymous>(file: File): Uri? {
                    return when {
                      file.exists() -> fromFile(p0 = file)
                      else -> null
                    }
                  }

                  HomeScreenKt::<anonymous>
                }))
              }

              HomeScreenKt::<anonymous>
            })
            $composer.endReplaceGroup()
            tmp0_group
          }
          local get(): Uri? {
            return profilePictureUri$delegate.getValue<Uri?>(thisObj = null, property = null)
          }

        var isBalanceVisible: Boolean
          val isBalanceVisible$delegate: MutableState<Boolean> = { // BLOCK
            { // BLOCK
              $composer.startReplaceGroup(key = 1137844584)
              sourceInformation(composer = $composer, sourceInformation = "CC(remember):HomeScreen.kt#9igjgp")
            }
            val tmp1_group: MutableState<Boolean> = $composer.cache<MutableState<Boolean>>(invalid = false, block = { // BLOCK
              local fun <anonymous>(): MutableState<Boolean> {
                return mutableStateOf<Boolean>(value = false)
              }

              HomeScreenKt::<anonymous>
            })
            $composer.endReplaceGroup()
            tmp1_group
          }
          local get(): Boolean {
            return isBalanceVisible$delegate.getValue<Boolean>(thisObj = null, property = null)
          }
          local set(<set-?>: Boolean) {
            return isBalanceVisible$delegate.setValue<Boolean>(thisObj = null, property = null, value = <set-?>)
          }

        val balance: String = { // BLOCK
          val tmp1_elvis_lhs: String? = { // BLOCK
            val tmp0_safe_receiver: WalletModel? = appVM.<get-wallet>()
            when {
              EQEQ(arg0 = tmp0_safe_receiver, arg1 = null) -> null
              else -> tmp0_safe_receiver.<get-balance>()
            }
          }
          when {
            EQEQ(arg0 = tmp1_elvis_lhs, arg1 = null) -> "0.00"
            else -> tmp1_elvis_lhs
          }
        }
        val currency: String? = MyCurrency(context = context).getCurrencyName()
        Box(modifier = Companion.fillMaxWidth().height(height = 260.<get-dp>()), contentAlignment = // COMPOSITE {
        null
        // }, propagateMinConstraints = // COMPOSITE {
        false
        // }, content = { // BLOCK
          @Composable
          @ComposableTarget(applier = "androidx.compose.ui.UiComposable")
          local fun BoxScope.<anonymous>(/* var */ $composer: Composer?, $changed: Int) {
            { // BLOCK
              sourceInformationMarkerStart(composer = $composer, key = -253544601, sourceInformation = "C346@13590L42,345@13561L483,355@14091L3301:HomeScreen.kt#cxq2k")
              // COMPOSITE {
              Image(painter = painterResource(id = super<drawable>.#bg_screen, $composer = $composer, $changed = 0), contentDescription = null, modifier = Companion.fillMaxSize(), alignment = // COMPOSITE {
              null
              // }, contentScale = Companion.<get-FillBounds>(), alpha = // COMPOSITE {
              0.0F
              // }, colorFilter = Companion.tint(color = <get-BrandGreen>().copy(alpha = 0.95F), blendMode = Companion.<get-SrcOver>()), $composer = $composer, $changed = 25008.or(other = #$stable), $default = 40)
              { // BLOCK
                val tmp0_modifier: Modifier = Companion.fillMaxSize().padding(, top = 20.<get-dp>(), bottom = 40.<get-dp>())
                val tmp1_horizontalAlignment: Horizontal = Companion.<get-CenterHorizontally>()
                val tmp2_verticalArrangement: HorizontalOrVertical = Arrangement.<get-Center>()
                Column(modifier = tmp0_modifier, verticalArrangement = tmp2_verticalArrangement, horizontalAlignment = tmp1_horizontalAlignment, content = { // BLOCK
                  @Composable
                  @ComposableTarget(applier = "androidx.compose.ui.UiComposable")
                  local fun ColumnScope.<anonymous>(/* var */ $composer: Composer?, $changed: Int) {
                    { // BLOCK
                      sourceInformationMarkerStart(composer = $composer, key = -1704960428, sourceInformation = "C370@14694L740,363@14395L1039,390@15448L41,393@15541L88,394@15642L83,396@15739L41,400@15859L231,409@16320L1062,399@15824L1558:HomeScreen.kt#cxq2k")
                      // COMPOSITE {
                      { // BLOCK
                        val tmp0_shape: RoundedCornerShape = <get-CircleShape>()
                        val tmp1_color: Color = Companion.<get-White>().copy(alpha = 0.2F)
                        val tmp2_modifier: Modifier = Companion.size(size = 85.<get-dp>()).border(width = 2.<get-dp>(), color = Companion.<get-White>().copy(alpha = 0.5F), shape = <get-CircleShape>()).padding(all = 4.<get-dp>())
                        Surface(modifier = tmp2_modifier, shape = tmp0_shape, color = tmp1_color, contentColor = // COMPOSITE {
                        <unsafe-coerce><Long, Color>(v = 0L)
                        // }, tonalElevation = // COMPOSITE {
                        <unsafe-coerce><Float, Dp>(v = 0.0F)
                        // }, shadowElevation = // COMPOSITE {
                        <unsafe-coerce><Float, Dp>(v = 0.0F)
                        // }, border = // COMPOSITE {
                        null
                        // }, content = rememberComposableLambda(key = 788509021, tracked = true, block = { // BLOCK
                          local class <no name provided> : Function2<Composer, Int, Unit> {
                            constructor() /* primary */ {
                              super/*Any*/()
                              /* <init>() */

                            }

                            @Composable
                            @ComposableTarget(applier = "androidx.compose.ui.UiComposable")
                            override fun invoke(/* var */ $composer: Composer?, $changed: Int) {
                              sourceInformation(composer = $composer, sourceInformation = "C:HomeScreen.kt#cxq2k")
                              when {
                                when {
                                  EQEQ(arg0 = $changed.and(other = 3), arg1 = 2).not() -> true
                                  else -> $composer.<get-skipping>().not()
                                } -> { // BLOCK
                                  when {
                                    isTraceInProgress() -> traceEventStart(key = 788509021, dirty1 = $changed, dirty2 = -1, info = "com.wnapp.trustmoney.ui.home.ProfileSection.<anonymous>.<anonymous>.<anonymous> (HomeScreen.kt:371)")
                                  }
                                  when {
                                    EQEQ(arg0 = <get-profilePictureUri>(), arg1 = null).not() -> { // BLOCK
                                      { // BLOCK
                                        $composer.startReplaceGroup(key = 1216302571)
                                        sourceInformation(composer = $composer, sourceInformation = "373@14806L44,372@14765L364")
                                      }
                                      { // BLOCK
                                        Image(painter = rememberAsyncImagePainter(model = <get-profilePictureUri>(), transform = // COMPOSITE {
                                        null
                                        // }, onState = // COMPOSITE {
                                        null
                                        // }, contentScale = // COMPOSITE {
                                        null
                                        // }, filterQuality = // COMPOSITE {
                                        <unsafe-coerce><Int, FilterQuality>(v = 0)
                                        // }, modelEqualityDelegate = // COMPOSITE {
                                        null
                                        // }, $composer = $composer, $changed = 0, $default = 62), contentDescription = "Profile Picture", modifier = Companion.fillMaxSize().clip(shape = <get-CircleShape>()), alignment = // COMPOSITE {
                                        null
                                        // }, contentScale = Companion.<get-Crop>(), alpha = // COMPOSITE {
                                        0.0F
                                        // }, colorFilter = // COMPOSITE {
                                        null
                                        // }, $composer = $composer, $changed = 24624, $default = 104)
                                      }
                                      $composer.endReplaceGroup()
                                    }
                                    else -> { // BLOCK
                                      { // BLOCK
                                        $composer.startReplaceGroup(key = 1216705044)
                                        sourceInformation(composer = $composer, sourceInformation = "381@15175L227")
                                      }
                                      { // BLOCK
                                        Icon(imageVector = Icons.<get-Default>().<get-Person>(), contentDescription = null, modifier = Companion.padding(all = 15.<get-dp>()), tint = Companion.<get-White>(), $composer = $composer, $changed = 3504, $default = 0)
                                      }
                                      $composer.endReplaceGroup()
                                    }
                                  }
                                  when {
                                    isTraceInProgress() -> traceEventEnd()
                                  }
                                }
                                else -> $composer.skipToGroupEnd()
                              }
                            }

                          }

                          <no name provided>()
                        }, $composer = $composer, $changed = 54), $composer = $composer, $changed = 12583296, $default = 120)
                      }
                      Spacer(modifier = Companion.height(height = 12.<get-dp>()), $composer = $composer, $changed = 6)
                      Text(text = "Welcome to Trust Money", modifier = // COMPOSITE {
                      null
                      // }, color = Companion.<get-White>().copy(alpha = 0.8F), fontSize = 13.<get-sp>(), fontStyle = // COMPOSITE {
                      null
                      // }, fontWeight = // COMPOSITE {
                      null
                      // }, fontFamily = // COMPOSITE {
                      null
                      // }, letterSpacing = // COMPOSITE {
                      <unsafe-coerce><Long, TextUnit>(v = 0L)
                      // }, textDecoration = // COMPOSITE {
                      null
                      // }, textAlign = // COMPOSITE {
                      null
                      // }, lineHeight = // COMPOSITE {
                      <unsafe-coerce><Long, TextUnit>(v = 0L)
                      // }, overflow = // COMPOSITE {
                      <unsafe-coerce><Int, TextOverflow>(v = 0)
                      // }, softWrap = // COMPOSITE {
                      false
                      // }, maxLines = // COMPOSITE {
                      0
                      // }, minLines = // COMPOSITE {
                      0
                      // }, onTextLayout = // COMPOSITE {
                      null
                      // }, style = // COMPOSITE {
                      null
                      // }, $composer = $composer, $changed = 3462, $changed1 = 0, $default = 131058)
                      Text(text = userName, modifier = // COMPOSITE {
                      null
                      // }, color = Companion.<get-White>(), fontSize = 20.<get-sp>(), fontStyle = // COMPOSITE {
                      null
                      // }, fontWeight = Companion.<get-Bold>(), fontFamily = // COMPOSITE {
                      null
                      // }, letterSpacing = // COMPOSITE {
                      <unsafe-coerce><Long, TextUnit>(v = 0L)
                      // }, textDecoration = // COMPOSITE {
                      null
                      // }, textAlign = // COMPOSITE {
                      null
                      // }, lineHeight = // COMPOSITE {
                      <unsafe-coerce><Long, TextUnit>(v = 0L)
                      // }, overflow = // COMPOSITE {
                      <unsafe-coerce><Int, TextOverflow>(v = 0)
                      // }, softWrap = // COMPOSITE {
                      false
                      // }, maxLines = // COMPOSITE {
                      0
                      // }, minLines = // COMPOSITE {
                      0
                      // }, onTextLayout = // COMPOSITE {
                      null
                      // }, style = // COMPOSITE {
                      null
                      // }, $composer = $composer, $changed = 200064.or(other = 14.and(other = $dirty)), $changed1 = 0, $default = 131026)
                      Spacer(modifier = Companion.height(height = 16.<get-dp>()), $composer = $composer, $changed = 6)
                      { // BLOCK
                        val tmp3_shape: RoundedCornerShape = RoundedCornerShape(size = 50.<get-dp>())
                        val tmp4_color: Color = Companion.<get-White>().copy(alpha = 0.2F)
                        val tmp5_modifier: Modifier = Companion.height(height = 42.<get-dp>())
                        Surface(onClick = { // BLOCK
                          { // BLOCK
                            $composer.startReplaceGroup(key = -1578975285)
                            sourceInformation(composer = $composer, sourceInformation = "CC(remember):HomeScreen.kt#9igjgp")
                          }
                          val tmp0_group: Function0<Unit> = $composer.cache<Function0<Unit>>(invalid = when {
                            EQEQ(arg0 = $dirty.and(other = 896), arg1 = 256) -> true
                            else -> when {
                              EQEQ(arg0 = $dirty.and(other = 512), arg1 = 0).not() -> $composer.changedInstance(value = appVM)
                              else -> false
                            }
                          }.or(other = $composer.changedInstance(value = context)), block = { // BLOCK
                            local fun <anonymous>(): Function0<Unit> {
                              return { // BLOCK
                                local fun <anonymous>(): Unit? {
                                  when {
                                    <get-isBalanceVisible>().not() -> { // BLOCK
                                      appVM.fetchWallet(userId = SessionManager(context = context).getUserId())
                                    }
                                  }
                                  <set-isBalanceVisible>(<set-?> = <get-isBalanceVisible>().not())
                                }

                                <jvm-indy-lambda-metafactory><Function0<Unit>>(samMethodType = &error("") /* ERROR: unsupported element type: IrRawFunctionReferenceImpl */
, implMethodReference = HomeScreenKt::<anonymous>, instantiatedMethodType = &error("") /* ERROR: unsupported element type: IrRawFunctionReferenceImpl */
, extraOverriddenMethodTypes = [], shouldBeSerializable = false)
                              }
                            }

                            HomeScreenKt::<anonymous>
                          })
                          $composer.endReplaceGroup()
                          tmp0_group
                        }, modifier = tmp5_modifier, enabled = // COMPOSITE {
                        false
                        // }, shape = tmp3_shape, color = tmp4_color, contentColor = // COMPOSITE {
                        <unsafe-coerce><Long, Color>(v = 0L)
                        // }, tonalElevation = // COMPOSITE {
                        <unsafe-coerce><Float, Dp>(v = 0.0F)
                        // }, shadowElevation = // COMPOSITE {
                        <unsafe-coerce><Float, Dp>(v = 0.0F)
                        // }, border = // COMPOSITE {
                        null
                        // }, interactionSource = // COMPOSITE {
                        null
                        // }, content = rememberComposableLambda(key = -38715644, tracked = true, block = { // BLOCK
                          local class <no name provided> : Function2<Composer, Int, Unit> {
                            constructor() /* primary */ {
                              super/*Any*/()
                              /* <init>() */

                            }

                            @Composable
                            @ComposableTarget(applier = "androidx.compose.ui.UiComposable")
                            override fun invoke(/* var */ $composer: Composer?, $changed: Int) {
                              sourceInformation(composer = $composer, sourceInformation = "C410@16338L1030:HomeScreen.kt#cxq2k")
                              when {
                                when {
                                  EQEQ(arg0 = $changed.and(other = 3), arg1 = 2).not() -> true
                                  else -> $composer.<get-skipping>().not()
                                } -> { // BLOCK
                                  when {
                                    isTraceInProgress() -> traceEventStart(key = -38715644, dirty1 = $changed, dirty2 = -1, info = "com.wnapp.trustmoney.ui.home.ProfileSection.<anonymous>.<anonymous>.<anonymous> (HomeScreen.kt:410)")
                                  }
                                  { // BLOCK
                                    val tmp0_verticalAlignment: Vertical = Companion.<get-CenterVertically>()
                                    val tmp1_modifier: Modifier = Companion.padding(horizontal = 18.<get-dp>(), vertical = 4.<get-dp>())
                                    Row(modifier = tmp1_modifier, horizontalArrangement = // COMPOSITE {
                                    null
                                    // }, verticalAlignment = tmp0_verticalAlignment, content = { // BLOCK
                                      @Composable
                                      @ComposableTarget(applier = "androidx.compose.ui.UiComposable")
                                      local fun RowScope.<anonymous>(/* var */ $composer: Composer?, $changed: Int) {
                                        { // BLOCK
                                          sourceInformationMarkerStart(composer = $composer, key = 1872870867, sourceInformation = "C414@16536L252,421@16810L40,426@17015L335,423@16872L478:HomeScreen.kt#cxq2k")
                                          // COMPOSITE {
                                          { // BLOCK
                                            val tmp0_imageVector: ImageVector = Icons.<get-Default>().<get-AccountBalanceWallet>()
                                            val tmp1_tint: Color = Companion.<get-White>()
                                            val tmp2_modifier: Modifier = Companion.size(size = 18.<get-dp>())
                                            Icon(imageVector = tmp0_imageVector, contentDescription = null, modifier = tmp2_modifier, tint = tmp1_tint, $composer = $composer, $changed = 3504, $default = 0)
                                          }
                                          Spacer(modifier = Companion.width(width = 10.<get-dp>()), $composer = $composer, $changed = 6)
                                          AnimatedContent<Boolean>(targetState = <get-isBalanceVisible>(), modifier = // COMPOSITE {
                                          null
                                          // }, transitionSpec = // COMPOSITE {
                                          null
                                          // }, contentAlignment = // COMPOSITE {
                                          null
                                          // }, label = "BalanceToggle", contentKey = // COMPOSITE {
                                          null
                                          // }, content = rememberComposableLambda(key = 1391733483, tracked = true, block = { // BLOCK
                                            local class <no name provided> : Function4<AnimatedContentScope, Boolean, Composer, Int, Unit> {
                                              constructor() /* primary */ {
                                                super/*Any*/()
                                                /* <init>() */

                                              }

                                              @Composable
                                              @ComposableTarget(applier = "androidx.compose.ui.UiComposable")
                                              override fun invoke($this$AnimatedContent: AnimatedContentScope, visible: Boolean, /* var */ $composer: Composer?, $changed: Int) {
                                                sourceInformation(composer = $composer, sourceInformation = "C427@17052L276:HomeScreen.kt#cxq2k")
                                                // COMPOSITE {
                                                when {
                                                  isTraceInProgress() -> traceEventStart(key = 1391733483, dirty1 = $changed, dirty2 = -1, info = "com.wnapp.trustmoney.ui.home.ProfileSection.<anonymous>.<anonymous>.<anonymous>.<anonymous>.<anonymous> (HomeScreen.kt:427)")
                                                }
                                                Text(text = when {
                                                  visible -> balance + " " + currency
                                                  else -> "Tap for Balance"
                                                }, modifier = // COMPOSITE {
                                                null
                                                // }, color = Companion.<get-White>(), fontSize = 15.<get-sp>(), fontStyle = // COMPOSITE {
                                                null
                                                // }, fontWeight = Companion.<get-Bold>(), fontFamily = // COMPOSITE {
                                                null
                                                // }, letterSpacing = // COMPOSITE {
                                                <unsafe-coerce><Long, TextUnit>(v = 0L)
                                                // }, textDecoration = // COMPOSITE {
                                                null
                                                // }, textAlign = // COMPOSITE {
                                                null
                                                // }, lineHeight = // COMPOSITE {
                                                <unsafe-coerce><Long, TextUnit>(v = 0L)
                                                // }, overflow = // COMPOSITE {
                                                <unsafe-coerce><Int, TextOverflow>(v = 0)
                                                // }, softWrap = // COMPOSITE {
                                                false
                                                // }, maxLines = // COMPOSITE {
                                                0
                                                // }, minLines = // COMPOSITE {
                                                0
                                                // }, onTextLayout = // COMPOSITE {
                                                null
                                                // }, style = // COMPOSITE {
                                                null
                                                // }, $composer = $composer, $changed = 200064, $changed1 = 0, $default = 131026)
                                                when {
                                                  isTraceInProgress() -> traceEventEnd()
                                                }
                                                // }
                                              }

                                            }

                                            <no name provided>()
                                          }, $composer = $composer, $changed = 54), $composer = $composer, $changed = 1597440, $default = 46)
                                          // }
                                          sourceInformationMarkerEnd(composer = $composer)
                                        }
                                      }

                                      <no name provided>::<anonymous>
                                    }, $composer = $composer, $changed = 390, $default = 2)
                                  }
                                  when {
                                    isTraceInProgress() -> traceEventEnd()
                                  }
                                }
                                else -> $composer.skipToGroupEnd()
                              }
                            }

                          }

                          <no name provided>()
                        }, $composer = $composer, $changed = 54), $composer = $composer, $changed = 24624, $changed1 = 6, $default = 996)
                      }
                      // }
                      sourceInformationMarkerEnd(composer = $composer)
                    }
                  }

                  HomeScreenKt::<anonymous>
                }, $composer = $composer, $changed = 438, $default = 0)
              }
              // }
              sourceInformationMarkerEnd(composer = $composer)
            }
          }

          HomeScreenKt::<anonymous>
        }, $composer = $composer, $changed = 6, $default = 6)
        when {
          isTraceInProgress() -> traceEventEnd()
        }
      }
      else -> $composer.skipToGroupEnd()
    }
    { // BLOCK
      { // BLOCK
        val tmp2_safe_receiver: ScopeUpdateScope? = $composer.endRestartGroup()
        when {
          EQEQ(arg0 = tmp2_safe_receiver, arg1 = null) -> null
          else -> tmp2_safe_receiver.updateScope(block = { // BLOCK
            local fun <anonymous>($composer: Composer?, $force: Int): Unit? {
              return ProfileSection(userName = userName, context = context, appVM = appVM, $composer = $composer, $changed = updateChangedFlags(flags = $changed.or(other = 1)))
            }

            <jvm-indy-lambda-metafactory><Function2<Composer?, Int, Unit>>(samMethodType = &error("") /* ERROR: unsupported element type: IrRawFunctionReferenceImpl */
, implMethodReference = HomeScreenKt::<anonymous>, instantiatedMethodType = &error("") /* ERROR: unsupported element type: IrRawFunctionReferenceImpl */
, extraOverriddenMethodTypes = [], shouldBeSerializable = false)
          })
        }
      }
    }
  }

  @Composable
  @ComposableTarget(applier = "androidx.compose.ui.UiComposable")
  fun CategoryTabs(selectedTab: Int, onTabSelected: Function1<Int, Unit>, /* var */ $composer: Composer?, $changed: Int) {
    { // BLOCK
      $composer = $composer.startRestartGroup(key = -1393157307)
      sourceInformation(composer = $composer, sourceInformation = "C(CategoryTabs)P(1)442@17485L654:HomeScreen.kt#cxq2k")
    }
    val $dirty: Int = $changed
    when {
      EQEQ(arg0 = $changed.and(other = 6), arg1 = 0) -> $dirty = $dirty.or(other = when {
        $composer.changed(value = selectedTab) -> 4
        else -> 2
      })
    }
    when {
      EQEQ(arg0 = $changed.and(other = 48), arg1 = 0) -> $dirty = $dirty.or(other = when {
        $composer.changedInstance(value = onTabSelected) -> 32
        else -> 16
      })
    }
    when {
      when {
        EQEQ(arg0 = $dirty.and(other = 19), arg1 = 18).not() -> true
        else -> $composer.<get-skipping>().not()
      } -> { // BLOCK
        when {
          isTraceInProgress() -> traceEventStart(key = -1393157307, dirty1 = $dirty, dirty2 = -1, info = "com.wnapp.trustmoney.ui.home.CategoryTabs (HomeScreen.kt:441)")
        }
        Row(modifier = Companion.fillMaxWidth().padding(horizontal = 20.<get-dp>()).shadow(elevation = 10.<get-dp>(), shape = RoundedCornerShape(size = 16.<get-dp>())).background(color = Companion.<get-White>(), shape = RoundedCornerShape(size = 16.<get-dp>())).padding(, vertical = 12.<get-dp>()), horizontalArrangement = Arrangement.<get-SpaceEvenly>(), verticalAlignment = // COMPOSITE {
        null
        // }, content = { // BLOCK
          @Composable
          @ComposableTarget(applier = "androidx.compose.ui.UiComposable")
          local fun RowScope.<anonymous>(/* var */ $composer: Composer?, $changed: Int) {
            { // BLOCK
              sourceInformationMarkerStart(composer = $composer, key = -1544582133, sourceInformation = "C:HomeScreen.kt#cxq2k")
              // COMPOSITE {
              val categories: List<CategoryItemData> = listOf<CategoryItemData>(elements = { // BLOCK
                val tmp0: Array<out CategoryItemData> = arrayOfNulls<CategoryItemData>(size = 4)
                tmp0.set(index = 0, value = CategoryItemData(label = "Accounts", icon = Icons.<get-Default>().<get-AccountBalance>()))
                tmp0.set(index = 1, value = CategoryItemData(label = "Cards", icon = Icons.<get-Default>().<get-CreditCard>()))
                tmp0.set(index = 2, value = CategoryItemData(label = "Loans", icon = Icons.<get-Default>().<get-AccountBalanceWallet>()))
                tmp0.set(index = 3, value = CategoryItemData(label = "Schemes", icon = Icons.<get-Default>().<get-Layers>()))
                tmp0
              })
              { // BLOCK
                // COMPOSITE {
                { // BLOCK
                  $composer.startReplaceGroup(key = -1989479510)
                  sourceInformation(composer = $composer, sourceInformation = "*444@18106L24,444@18032L99")
                }
                // }
                categories.forEachIndexed<CategoryItemData>(action = { // BLOCK
                  local fun <anonymous>(index: Int, item: CategoryItemData) {
                    CategoryTabItem(data = item, isSelected = EQEQ(arg0 = selectedTab, arg1 = index), onClick = { // BLOCK
                      { // BLOCK
                        $composer.startReplaceGroup(key = 1632547580)
                        sourceInformation(composer = $composer, sourceInformation = "CC(remember):HomeScreen.kt#9igjgp")
                      }
                      val tmp0_group: Function0<Unit> = $composer.cache<Function0<Unit>>(invalid = EQEQ(arg0 = $dirty.and(other = 112), arg1 = 32).or(other = $composer.changed(value = index)), block = { // BLOCK
                        local fun <anonymous>(): Function0<Unit> {
                          return { // BLOCK
                            local fun <anonymous>(): Unit? {
                              onTabSelected.invoke(p1 = index)
                            }

                            <jvm-indy-lambda-metafactory><Function0<Unit>>(samMethodType = &error("") /* ERROR: unsupported element type: IrRawFunctionReferenceImpl */
, implMethodReference = HomeScreenKt::<anonymous>, instantiatedMethodType = &error("") /* ERROR: unsupported element type: IrRawFunctionReferenceImpl */
, extraOverriddenMethodTypes = [], shouldBeSerializable = false)
                          }
                        }

                        HomeScreenKt::<anonymous>
                      })
                      $composer.endReplaceGroup()
                      tmp0_group
                    }, $composer = $composer, $changed = 0)
                  }

                  HomeScreenKt::<anonymous>
                })
                // COMPOSITE {
                $composer.endReplaceGroup()
                // }
              }
              // }
              sourceInformationMarkerEnd(composer = $composer)
            }
          }

          HomeScreenKt::<anonymous>
        }, $composer = $composer, $changed = 48, $default = 4)
        when {
          isTraceInProgress() -> traceEventEnd()
        }
      }
      else -> $composer.skipToGroupEnd()
    }
    { // BLOCK
      { // BLOCK
        val tmp0_safe_receiver: ScopeUpdateScope? = $composer.endRestartGroup()
        when {
          EQEQ(arg0 = tmp0_safe_receiver, arg1 = null) -> null
          else -> tmp0_safe_receiver.updateScope(block = { // BLOCK
            local fun <anonymous>($composer: Composer?, $force: Int): Unit? {
              return CategoryTabs(selectedTab = selectedTab, onTabSelected = onTabSelected, $composer = $composer, $changed = updateChangedFlags(flags = $changed.or(other = 1)))
            }

            <jvm-indy-lambda-metafactory><Function2<Composer?, Int, Unit>>(samMethodType = &error("") /* ERROR: unsupported element type: IrRawFunctionReferenceImpl */
, implMethodReference = HomeScreenKt::<anonymous>, instantiatedMethodType = &error("") /* ERROR: unsupported element type: IrRawFunctionReferenceImpl */
, extraOverriddenMethodTypes = [], shouldBeSerializable = false)
          })
        }
      }
    }
  }

  @Composable
  @ComposableTarget(applier = "androidx.compose.ui.UiComposable")
  fun TabContentCard(selectedTab: Int, navController: NavController, appVM: AppViewModel, /* var */ $composer: Composer?, $changed: Int) {
    { // BLOCK
      $composer = $composer.startRestartGroup(key = 277917616)
      sourceInformation(composer = $composer, sourceInformation = "C(TabContentCard)P(2,1):HomeScreen.kt#cxq2k")
    }
    val $dirty: Int = $changed
    when {
      EQEQ(arg0 = $changed.and(other = 6), arg1 = 0) -> $dirty = $dirty.or(other = when {
        $composer.changed(value = selectedTab) -> 4
        else -> 2
      })
    }
    when {
      EQEQ(arg0 = $changed.and(other = 48), arg1 = 0) -> $dirty = $dirty.or(other = when {
        $composer.changedInstance(value = navController) -> 32
        else -> 16
      })
    }
    when {
      EQEQ(arg0 = $changed.and(other = 384), arg1 = 0) -> $dirty = $dirty.or(other = when {
        when {
          EQEQ(arg0 = $changed.and(other = 512), arg1 = 0) -> $composer.changed(value = appVM)
          else -> $composer.changedInstance(value = appVM)
        } -> 256
        else -> 128
      })
    }
    when {
      when {
        EQEQ(arg0 = $dirty.and(other = 147), arg1 = 146).not() -> true
        else -> $composer.<get-skipping>().not()
      } -> { // BLOCK
        when {
          isTraceInProgress() -> traceEventStart(key = 277917616, dirty1 = $dirty, dirty2 = -1, info = "com.wnapp.trustmoney.ui.home.TabContentCard (HomeScreen.kt:449)")
        }
        { // BLOCK
          val tmp0_subject: Int = selectedTab
          when {
            EQEQ(arg0 = tmp0_subject, arg1 = 0) -> { // BLOCK
              { // BLOCK
                $composer.startReplaceGroup(key = -1995450924)
                sourceInformation(composer = $composer, sourceInformation = "451@18284L46")
              }
              { // BLOCK
                CardOne(navController = navController, appVM = appVM, $composer = $composer, $changed = 14.and(other = $dirty.shr(bitCount = 3)).or(other = #$stable.shl(bitCount = 3)).or(other = 112.and(other = $dirty.shr(bitCount = 3))))
              }
              $composer.endReplaceGroup()
            }
            EQEQ(arg0 = tmp0_subject, arg1 = 1) -> { // BLOCK
              { // BLOCK
                $composer.startReplaceGroup(key = -1995389668)
                sourceInformation(composer = $composer, sourceInformation = "452@18346L38")
              }
              { // BLOCK
                CardTwo(navController = navController, $composer = $composer, $changed = 14.and(other = $dirty.shr(bitCount = 3)))
              }
              $composer.endReplaceGroup()
            }
            EQEQ(arg0 = tmp0_subject, arg1 = 2) -> { // BLOCK
              { // BLOCK
                $composer.startReplaceGroup(key = -1995336038)
                sourceInformation(composer = $composer, sourceInformation = "453@18400L40")
              }
              { // BLOCK
                CardThree(navController = navController, $composer = $composer, $changed = 14.and(other = $dirty.shr(bitCount = 3)))
              }
              $composer.endReplaceGroup()
            }
            EQEQ(arg0 = tmp0_subject, arg1 = 3) -> { // BLOCK
              { // BLOCK
                $composer.startReplaceGroup(key = -1995280517)
                sourceInformation(composer = $composer, sourceInformation = "454@18456L39")
              }
              { // BLOCK
                CardFour(navController = navController, $composer = $composer, $changed = 14.and(other = $dirty.shr(bitCount = 3)))
              }
              $composer.endReplaceGroup()
            }
            else -> { // BLOCK
              $composer.startReplaceGroup(key = -1995235164)
              $composer.endReplaceGroup()
              { // BLOCK
              }
            }
          }
        }
        when {
          isTraceInProgress() -> traceEventEnd()
        }
      }
      else -> $composer.skipToGroupEnd()
    }
    { // BLOCK
      { // BLOCK
        val tmp0_safe_receiver: ScopeUpdateScope? = $composer.endRestartGroup()
        when {
          EQEQ(arg0 = tmp0_safe_receiver, arg1 = null) -> null
          else -> tmp0_safe_receiver.updateScope(block = { // BLOCK
            local fun <anonymous>($composer: Composer?, $force: Int): Unit? {
              return TabContentCard(selectedTab = selectedTab, navController = navController, appVM = appVM, $composer = $composer, $changed = updateChangedFlags(flags = $changed.or(other = 1)))
            }

            <jvm-indy-lambda-metafactory><Function2<Composer?, Int, Unit>>(samMethodType = &error("") /* ERROR: unsupported element type: IrRawFunctionReferenceImpl */
, implMethodReference = HomeScreenKt::<anonymous>, instantiatedMethodType = &error("") /* ERROR: unsupported element type: IrRawFunctionReferenceImpl */
, extraOverriddenMethodTypes = [], shouldBeSerializable = false)
          })
        }
      }
    }
  }

  @Composable
  @ComposableTarget(applier = "androidx.compose.ui.UiComposable")
  fun CardOne(navController: NavController, appVM: AppViewModel, /* var */ $composer: Composer?, $changed: Int) {
    { // BLOCK
      $composer = $composer.startRestartGroup(key = -2075734189)
      sourceInformation(composer = $composer, sourceInformation = "C(CardOne)P(1)460@18614L7,478@19218L20,479@19245L2645,472@18993L2897:HomeScreen.kt#cxq2k")
    }
    when {
      when {
        EQEQ(arg0 = $changed.and(other = 1), arg1 = 0).not() -> true
        else -> $composer.<get-skipping>().not()
      } -> { // BLOCK
        when {
          isTraceInProgress() -> traceEventStart(key = -2075734189, dirty1 = $changed, dirty2 = -1, info = "com.wnapp.trustmoney.ui.home.CardOne (HomeScreen.kt:459)")
        }
        val context: Context = <get-LocalContext>().<get-current>($composer = $composer, $changed = 0)
        val fullName: String = { // BLOCK
          val tmp0_elvis_lhs: String = SessionManager(context = context).getFullName()
          when {
            EQEQ(arg0 = tmp0_elvis_lhs, arg1 = null) -> "CARD HOLDER"
            else -> tmp0_elvis_lhs
          }
        }
        val rawCardNumber: String = "5896486474445712"
        val formattedCardNumber: String = rawCardNumber.chunked(size = 4).joinToString<String>(separator = "  ")
        val issueDate: String = "05/24"
        val expiryDate: String = "05/29"
        val embossedGold: Color = Color(color = 4294956800L)
        val shadowColor: Color = Companion.<get-Black>().copy(alpha = 0.6F)
        Card(modifier = Companion.fillMaxWidth().height(height = 220.<get-dp>()).padding(horizontal = 16.<get-dp>(), vertical = 8.<get-dp>()), shape = RoundedCornerShape(size = 16.<get-dp>()), colors = // COMPOSITE {
        null
        // }, elevation = CardDefaults.cardElevation(defaultElevation = 12.<get-dp>(), pressedElevation = // COMPOSITE {
        <unsafe-coerce><Float, Dp>(v = 0.0F)
        // }, focusedElevation = // COMPOSITE {
        <unsafe-coerce><Float, Dp>(v = 0.0F)
        // }, hoveredElevation = // COMPOSITE {
        <unsafe-coerce><Float, Dp>(v = 0.0F)
        // }, draggedElevation = // COMPOSITE {
        <unsafe-coerce><Float, Dp>(v = 0.0F)
        // }, disabledElevation = // COMPOSITE {
        <unsafe-coerce><Float, Dp>(v = 0.0F)
        // }, $composer = $composer, $changed = 6.or(other = #$stable.shl(bitCount = 18)), $default = 62), border = // COMPOSITE {
        null
        // }, content = rememberComposableLambda(key = -1644739259, tracked = true, block = { // BLOCK
          local class <no name provided> : Function3<ColumnScope, Composer, Int, Unit> {
            constructor() /* primary */ {
              super/*Any*/()
              /* <init>() */

            }

            @Composable
            @ComposableTarget(applier = "androidx.compose.ui.UiComposable")
            override fun invoke($this$Card: ColumnScope, /* var */ $composer: Composer?, $changed: Int) {
              sourceInformation(composer = $composer, sourceInformation = "C480@19255L2629:HomeScreen.kt#cxq2k")
              when {
                when {
                  EQEQ(arg0 = $changed.and(other = 17), arg1 = 16).not() -> true
                  else -> $composer.<get-skipping>().not()
                } -> { // BLOCK
                  when {
                    isTraceInProgress() -> traceEventStart(key = -1644739259, dirty1 = $changed, dirty2 = -1, info = "com.wnapp.trustmoney.ui.home.CardOne.<anonymous> (HomeScreen.kt:480)")
                  }
                  Box(modifier = Companion.fillMaxSize(), contentAlignment = // COMPOSITE {
                  null
                  // }, propagateMinConstraints = // COMPOSITE {
                  false
                  // }, content = { // BLOCK
                    @Composable
                    @ComposableTarget(applier = "androidx.compose.ui.UiComposable")
                    local fun BoxScope.<anonymous>(/* var */ $composer: Composer?, $changed: Int) {
                      { // BLOCK
                        sourceInformationMarkerStart(composer = $composer, key = -1613823819, sourceInformation = "C483@19375L43,482@19342L240,490@19635L2239:HomeScreen.kt#cxq2k")
                        // COMPOSITE {
                        Image(painter = painterResource(id = super<drawable>.#green_card, $composer = $composer, $changed = 0), contentDescription = null, modifier = Companion.fillMaxSize(), alignment = // COMPOSITE {
                        null
                        // }, contentScale = Companion.<get-FillBounds>(), alpha = // COMPOSITE {
                        0.0F
                        // }, colorFilter = // COMPOSITE {
                        null
                        // }, $composer = $composer, $changed = 25008.or(other = #$stable), $default = 104)
                        Column(modifier = Companion.fillMaxSize().padding(all = 24.<get-dp>()), verticalArrangement = Arrangement.<get-SpaceBetween>(), horizontalAlignment = // COMPOSITE {
                        null
                        // }, content = { // BLOCK
                          @Composable
                          @ComposableTarget(applier = "androidx.compose.ui.UiComposable")
                          local fun ColumnScope.<anonymous>(/* var */ $composer: Composer?, $changed: Int) {
                            { // BLOCK
                              sourceInformationMarkerStart(composer = $composer, key = 944453786, sourceInformation = "C497@19908L101,502@20072L564,516@20701L1159:HomeScreen.kt#cxq2k")
                              // COMPOSITE {
                              Row(modifier = Companion.fillMaxWidth(), horizontalArrangement = Arrangement.<get-End>(), verticalAlignment = // COMPOSITE {
                              null
                              // }, content = { // BLOCK
                                @Composable
                                @ComposableTarget(applier = "androidx.compose.ui.UiComposable")
                                local fun RowScope.<anonymous>(/* var */ $composer: Composer?, $changed: Int) {
                                  { // BLOCK
                                    sourceInformationMarkerStart(composer = $composer, key = 661025563, sourceInformation = "C:HomeScreen.kt#cxq2k")
                                    // COMPOSITE {
                                    Unit
                                    // }
                                    sourceInformationMarkerEnd(composer = $composer)
                                  }
                                }

                                <no name provided>::<anonymous>
                              }, $composer = $composer, $changed = 54, $default = 4)
                              { // BLOCK
                                val tmp0_style: TextStyle = TextStyle(color = embossedGold, fontSize = 16.<get-sp>(), fontWeight = Companion.<get-W500>(), fontFamily = Companion.<get-Monospace>(), letterSpacing = 2.<get-sp>(), shadow = Shadow(color = shadowColor, offset = Offset(x = 2.0F, y = 4.0F), blurRadius = 2.0F))
                                val tmp1_modifier: Modifier = Companion.fillMaxWidth().padding(, vertical = 10.<get-dp>())
                                Text(text = formattedCardNumber, modifier = tmp1_modifier, color = // COMPOSITE {
                                <unsafe-coerce><Long, Color>(v = 0L)
                                // }, fontSize = // COMPOSITE {
                                <unsafe-coerce><Long, TextUnit>(v = 0L)
                                // }, fontStyle = // COMPOSITE {
                                null
                                // }, fontWeight = // COMPOSITE {
                                null
                                // }, fontFamily = // COMPOSITE {
                                null
                                // }, letterSpacing = // COMPOSITE {
                                <unsafe-coerce><Long, TextUnit>(v = 0L)
                                // }, textDecoration = // COMPOSITE {
                                null
                                // }, textAlign = // COMPOSITE {
                                null
                                // }, lineHeight = // COMPOSITE {
                                <unsafe-coerce><Long, TextUnit>(v = 0L)
                                // }, overflow = // COMPOSITE {
                                <unsafe-coerce><Int, TextOverflow>(v = 0)
                                // }, softWrap = // COMPOSITE {
                                false
                                // }, maxLines = // COMPOSITE {
                                0
                                // }, minLines = // COMPOSITE {
                                0
                                // }, onTextLayout = // COMPOSITE {
                                null
                                // }, style = tmp0_style, $composer = $composer, $changed = 48, $changed1 = 0, $default = 65532)
                              }
                              Column(modifier = // COMPOSITE {
                              null
                              // }, verticalArrangement = // COMPOSITE {
                              null
                              // }, horizontalAlignment = // COMPOSITE {
                              null
                              // }, content = { // BLOCK
                                @Composable
                                @ComposableTarget(applier = "androidx.compose.ui.UiComposable")
                                local fun ColumnScope.<anonymous>(/* var */ $composer: Composer?, $changed: Int) {
                                  { // BLOCK
                                    sourceInformationMarkerStart(composer = $composer, key = 661776259, sourceInformation = "C517@20730L542,528@21294L41,531@21398L444:HomeScreen.kt#cxq2k")
                                    // COMPOSITE {
                                    Row(modifier = Companion.fillMaxWidth(), horizontalArrangement = Arrangement.<get-Start>(), verticalAlignment = // COMPOSITE {
                                    null
                                    // }, content = { // BLOCK
                                      @Composable
                                      @ComposableTarget(applier = "androidx.compose.ui.UiComposable")
                                      local fun RowScope.<anonymous>(/* var */ $composer: Composer?, $changed: Int) {
                                        { // BLOCK
                                          sourceInformationMarkerStart(composer = $composer, key = 207120461, sourceInformation = "C522@20947L86,523@21058L40,525@21162L88:HomeScreen.kt#cxq2k")
                                          // COMPOSITE {
                                          DateItem(label = "ISSUE", date = issueDate, gold = embossedGold, shadow = shadowColor, $composer = $composer, $changed = 3510)
                                          Spacer(modifier = Companion.width(width = 30.<get-dp>()), $composer = $composer, $changed = 6)
                                          DateItem(label = "EXPIRY", date = expiryDate, gold = embossedGold, shadow = shadowColor, $composer = $composer, $changed = 3510)
                                          // }
                                          sourceInformationMarkerEnd(composer = $composer)
                                        }
                                      }

                                      <no name provided>::<anonymous>
                                    }, $composer = $composer, $changed = 54, $default = 4)
                                    Spacer(modifier = Companion.height(height = 12.<get-dp>()), $composer = $composer, $changed = 6)
                                    Text(text = fullName.uppercase(), modifier = // COMPOSITE {
                                    null
                                    // }, color = // COMPOSITE {
                                    <unsafe-coerce><Long, Color>(v = 0L)
                                    // }, fontSize = // COMPOSITE {
                                    <unsafe-coerce><Long, TextUnit>(v = 0L)
                                    // }, fontStyle = // COMPOSITE {
                                    null
                                    // }, fontWeight = // COMPOSITE {
                                    null
                                    // }, fontFamily = // COMPOSITE {
                                    null
                                    // }, letterSpacing = // COMPOSITE {
                                    <unsafe-coerce><Long, TextUnit>(v = 0L)
                                    // }, textDecoration = // COMPOSITE {
                                    null
                                    // }, textAlign = // COMPOSITE {
                                    null
                                    // }, lineHeight = // COMPOSITE {
                                    <unsafe-coerce><Long, TextUnit>(v = 0L)
                                    // }, overflow = // COMPOSITE {
                                    <unsafe-coerce><Int, TextOverflow>(v = 0)
                                    // }, softWrap = // COMPOSITE {
                                    false
                                    // }, maxLines = // COMPOSITE {
                                    0
                                    // }, minLines = // COMPOSITE {
                                    0
                                    // }, onTextLayout = // COMPOSITE {
                                    null
                                    // }, style = TextStyle(color = Companion.<get-White>(), fontSize = 16.<get-sp>(), fontWeight = Companion.<get-Bold>(), letterSpacing = 1.5.<get-sp>(), shadow = Shadow(color = shadowColor, offset = Offset(x = 2.0F, y = 2.0F))), $composer = $composer, $changed = 0, $changed1 = 1572864, $default = 65534)
                                    // }
                                    sourceInformationMarkerEnd(composer = $composer)
                                  }
                                }

                                <no name provided>::<anonymous>
                              }, $composer = $composer, $changed = 0, $default = 7)
                              // }
                              sourceInformationMarkerEnd(composer = $composer)
                            }
                          }

                          <no name provided>::<anonymous>
                        }, $composer = $composer, $changed = 54, $default = 4)
                        // }
                        sourceInformationMarkerEnd(composer = $composer)
                      }
                    }

                    <no name provided>::<anonymous>
                  }, $composer = $composer, $changed = 6, $default = 6)
                  when {
                    isTraceInProgress() -> traceEventEnd()
                  }
                }
                else -> $composer.skipToGroupEnd()
              }
            }

          }

          <no name provided>()
        }, $composer = $composer, $changed = 54), $composer = $composer, $changed = 196614, $default = 20)
        when {
          isTraceInProgress() -> traceEventEnd()
        }
      }
      else -> $composer.skipToGroupEnd()
    }
    { // BLOCK
      { // BLOCK
        val tmp0_safe_receiver: ScopeUpdateScope? = $composer.endRestartGroup()
        when {
          EQEQ(arg0 = tmp0_safe_receiver, arg1 = null) -> null
          else -> tmp0_safe_receiver.updateScope(block = { // BLOCK
            local fun <anonymous>($composer: Composer?, $force: Int): Unit? {
              return CardOne(navController = navController, appVM = appVM, $composer = $composer, $changed = updateChangedFlags(flags = $changed.or(other = 1)))
            }

            <jvm-indy-lambda-metafactory><Function2<Composer?, Int, Unit>>(samMethodType = &error("") /* ERROR: unsupported element type: IrRawFunctionReferenceImpl */
, implMethodReference = HomeScreenKt::<anonymous>, instantiatedMethodType = &error("") /* ERROR: unsupported element type: IrRawFunctionReferenceImpl */
, extraOverriddenMethodTypes = [], shouldBeSerializable = false)
          })
        }
      }
    }
  }

  @Composable
  @ComposableTarget(applier = "androidx.compose.ui.UiComposable")
  fun DateItem(label: String, date: String, gold: Color, shadow: Color, /* var */ $composer: Composer?, $changed: Int) {
    { // BLOCK
      $composer = $composer.startRestartGroup(key = -484177854)
      sourceInformation(composer = $composer, sourceInformation = "C(DateItem)P(2!1,1:c#ui.graphics.Color,3:c#ui.graphics.Color)549@21982L533:HomeScreen.kt#cxq2k")
    }
    val $dirty: Int = $changed
    when {
      EQEQ(arg0 = $changed.and(other = 6), arg1 = 0) -> $dirty = $dirty.or(other = when {
        $composer.changed(value = label) -> 4
        else -> 2
      })
    }
    when {
      EQEQ(arg0 = $changed.and(other = 48), arg1 = 0) -> $dirty = $dirty.or(other = when {
        $composer.changed(value = date) -> 32
        else -> 16
      })
    }
    when {
      EQEQ(arg0 = $changed.and(other = 384), arg1 = 0) -> $dirty = $dirty.or(other = when {
        $composer.changed(value = <unsafe-coerce><Color, Long>(v = gold)) -> 256
        else -> 128
      })
    }
    when {
      EQEQ(arg0 = $changed.and(other = 3072), arg1 = 0) -> $dirty = $dirty.or(other = when {
        $composer.changed(value = <unsafe-coerce><Color, Long>(v = shadow)) -> 2048
        else -> 1024
      })
    }
    when {
      when {
        EQEQ(arg0 = $dirty.and(other = 1171), arg1 = 1170).not() -> true
        else -> $composer.<get-skipping>().not()
      } -> { // BLOCK
        when {
          isTraceInProgress() -> traceEventStart(key = -484177854, dirty1 = $dirty, dirty2 = -1, info = "com.wnapp.trustmoney.ui.home.DateItem (HomeScreen.kt:548)")
        }
        Column(modifier = // COMPOSITE {
        null
        // }, verticalArrangement = // COMPOSITE {
        null
        // }, horizontalAlignment = // COMPOSITE {
        null
        // }, content = { // BLOCK
          @Composable
          @ComposableTarget(applier = "androidx.compose.ui.UiComposable")
          local fun ColumnScope.<anonymous>(/* var */ $composer: Composer?, $changed: Int) {
            { // BLOCK
              sourceInformationMarkerStart(composer = $composer, key = -1504580229, sourceInformation = "C550@21999L163,556@22171L338:HomeScreen.kt#cxq2k")
              // COMPOSITE {
              Text(text = label, modifier = // COMPOSITE {
              null
              // }, color = Companion.<get-White>().copy(alpha = 0.7F), fontSize = 8.<get-sp>(), fontStyle = // COMPOSITE {
              null
              // }, fontWeight = Companion.<get-Bold>(), fontFamily = // COMPOSITE {
              null
              // }, letterSpacing = // COMPOSITE {
              <unsafe-coerce><Long, TextUnit>(v = 0L)
              // }, textDecoration = // COMPOSITE {
              null
              // }, textAlign = // COMPOSITE {
              null
              // }, lineHeight = // COMPOSITE {
              <unsafe-coerce><Long, TextUnit>(v = 0L)
              // }, overflow = // COMPOSITE {
              <unsafe-coerce><Int, TextOverflow>(v = 0)
              // }, softWrap = // COMPOSITE {
              false
              // }, maxLines = // COMPOSITE {
              0
              // }, minLines = // COMPOSITE {
              0
              // }, onTextLayout = // COMPOSITE {
              null
              // }, style = // COMPOSITE {
              null
              // }, $composer = $composer, $changed = 200064.or(other = 14.and(other = $dirty)), $changed1 = 0, $default = 131026)
              Text(text = date, modifier = // COMPOSITE {
              null
              // }, color = // COMPOSITE {
              <unsafe-coerce><Long, Color>(v = 0L)
              // }, fontSize = // COMPOSITE {
              <unsafe-coerce><Long, TextUnit>(v = 0L)
              // }, fontStyle = // COMPOSITE {
              null
              // }, fontWeight = // COMPOSITE {
              null
              // }, fontFamily = // COMPOSITE {
              null
              // }, letterSpacing = // COMPOSITE {
              <unsafe-coerce><Long, TextUnit>(v = 0L)
              // }, textDecoration = // COMPOSITE {
              null
              // }, textAlign = // COMPOSITE {
              null
              // }, lineHeight = // COMPOSITE {
              <unsafe-coerce><Long, TextUnit>(v = 0L)
              // }, overflow = // COMPOSITE {
              <unsafe-coerce><Int, TextOverflow>(v = 0)
              // }, softWrap = // COMPOSITE {
              false
              // }, maxLines = // COMPOSITE {
              0
              // }, minLines = // COMPOSITE {
              0
              // }, onTextLayout = // COMPOSITE {
              null
              // }, style = TextStyle(color = gold.copy(alpha = 0.9F), fontSize = 14.<get-sp>(), fontWeight = Companion.<get-Bold>(), fontFamily = Companion.<get-Monospace>(), shadow = Shadow(color = shadow, offset = Offset(x = 1.0F, y = 2.0F))), $composer = $composer, $changed = 14.and(other = $dirty.shr(bitCount = 3)), $changed1 = 0, $default = 65534)
              // }
              sourceInformationMarkerEnd(composer = $composer)
            }
          }

          HomeScreenKt::<anonymous>
        }, $composer = $composer, $changed = 0, $default = 7)
        when {
          isTraceInProgress() -> traceEventEnd()
        }
      }
      else -> $composer.skipToGroupEnd()
    }
    { // BLOCK
      { // BLOCK
        val tmp0_safe_receiver: ScopeUpdateScope? = $composer.endRestartGroup()
        when {
          EQEQ(arg0 = tmp0_safe_receiver, arg1 = null) -> null
          else -> tmp0_safe_receiver.updateScope(block = { // BLOCK
            local fun <anonymous>($composer: Composer?, $force: Int): Unit? {
              return DateItem(label = label, date = date, gold = gold, shadow = shadow, $composer = $composer, $changed = updateChangedFlags(flags = $changed.or(other = 1)))
            }

            <jvm-indy-lambda-metafactory><Function2<Composer?, Int, Unit>>(samMethodType = &error("") /* ERROR: unsupported element type: IrRawFunctionReferenceImpl */
, implMethodReference = HomeScreenKt::<anonymous>, instantiatedMethodType = &error("") /* ERROR: unsupported element type: IrRawFunctionReferenceImpl */
, extraOverriddenMethodTypes = [], shouldBeSerializable = false)
          })
        }
      }
    }
  }

  @SuppressLint(value = ["RememberReturnType"])
  @Composable
  @ComposableTarget(applier = "androidx.compose.ui.UiComposable")
  fun _CardOne(navController: NavController, appVM: AppViewModel, /* var */ $composer: Composer?, $changed: Int) {
    { // BLOCK
      $composer = $composer.startRestartGroup(key = 719212656)
      sourceInformation(composer = $composer, sourceInformation = "C(_CardOne)P(1)576@22668L7,596@23055L19,598@23082L1066,584@22824L1324:HomeScreen.kt#cxq2k")
    }
    when {
      when {
        EQEQ(arg0 = $changed.and(other = 1), arg1 = 0).not() -> true
        else -> $composer.<get-skipping>().not()
      } -> { // BLOCK
        when {
          isTraceInProgress() -> traceEventStart(key = 719212656, dirty1 = $changed, dirty2 = -1, info = "com.wnapp.trustmoney.ui.home._CardOne (HomeScreen.kt:574)")
        }
        val context: Context = <get-LocalContext>().<get-current>($composer = $composer, $changed = 0)
        val fullName: String = SessionManager(context = context).getFullName()
        val strAccountNumber: String = "0023 1245 6789"
        Card(modifier = Companion.fillMaxWidth().padding(horizontal = 16.<get-dp>(), vertical = 8.<get-dp>()).height(height = 200.<get-dp>()), shape = RoundedCornerShape(size = 20.<get-dp>()), colors = // COMPOSITE {
        null
        // }, elevation = CardDefaults.cardElevation(defaultElevation = 8.<get-dp>(), pressedElevation = // COMPOSITE {
        <unsafe-coerce><Float, Dp>(v = 0.0F)
        // }, focusedElevation = // COMPOSITE {
        <unsafe-coerce><Float, Dp>(v = 0.0F)
        // }, hoveredElevation = // COMPOSITE {
        <unsafe-coerce><Float, Dp>(v = 0.0F)
        // }, draggedElevation = // COMPOSITE {
        <unsafe-coerce><Float, Dp>(v = 0.0F)
        // }, disabledElevation = // COMPOSITE {
        <unsafe-coerce><Float, Dp>(v = 0.0F)
        // }, $composer = $composer, $changed = 6.or(other = #$stable.shl(bitCount = 18)), $default = 62), border = // COMPOSITE {
        null
        // }, content = rememberComposableLambda(key = 1195153598, tracked = true, block = { // BLOCK
          local class <no name provided> : Function3<ColumnScope, Composer, Int, Unit> {
            constructor() /* primary */ {
              super/*Any*/()
              /* <init>() */

            }

            @Composable
            @ComposableTarget(applier = "androidx.compose.ui.UiComposable")
            override fun invoke($this$Card: ColumnScope, /* var */ $composer: Composer?, $changed: Int) {
              sourceInformation(composer = $composer, sourceInformation = "C600@23093L1048:HomeScreen.kt#cxq2k")
              when {
                when {
                  EQEQ(arg0 = $changed.and(other = 17), arg1 = 16).not() -> true
                  else -> $composer.<get-skipping>().not()
                } -> { // BLOCK
                  when {
                    isTraceInProgress() -> traceEventStart(key = 1195153598, dirty1 = $changed, dirty2 = -1, info = "com.wnapp.trustmoney.ui.home._CardOne.<anonymous> (HomeScreen.kt:600)")
                  }
                  Box(modifier = Companion.fillMaxSize(), contentAlignment = // COMPOSITE {
                  null
                  // }, propagateMinConstraints = // COMPOSITE {
                  false
                  // }, content = { // BLOCK
                    @Composable
                    @ComposableTarget(applier = "androidx.compose.ui.UiComposable")
                    local fun BoxScope.<anonymous>(/* var */ $composer: Composer?, $changed: Int) {
                      { // BLOCK
                        sourceInformationMarkerStart(composer = $composer, key = 995742885, sourceInformation = "C606@23205L43,604@23171L245,620@23453L677:HomeScreen.kt#cxq2k")
                        // COMPOSITE {
                        Image(painter = painterResource(id = super<drawable>.#green_card, $composer = $composer, $changed = 0), contentDescription = null, modifier = Companion.fillMaxSize(), alignment = // COMPOSITE {
                        null
                        // }, contentScale = Companion.<get-FillBounds>(), alpha = // COMPOSITE {
                        0.0F
                        // }, colorFilter = // COMPOSITE {
                        null
                        // }, $composer = $composer, $changed = 25008.or(other = #$stable), $default = 104)
                        Column(modifier = Companion.fillMaxSize().padding(all = 24.<get-dp>()), verticalArrangement = Arrangement.<get-Bottom>(), horizontalAlignment = // COMPOSITE {
                        null
                        // }, content = { // BLOCK
                          @Composable
                          @ComposableTarget(applier = "androidx.compose.ui.UiComposable")
                          local fun ColumnScope.<anonymous>(/* var */ $composer: Composer?, $changed: Int) {
                            { // BLOCK
                              sourceInformationMarkerStart(composer = $composer, key = -51119755, sourceInformation = "C637@23747L40,643@23865L250:HomeScreen.kt#cxq2k")
                              // COMPOSITE {
                              Spacer(modifier = Companion.height(height = 4.<get-dp>()), $composer = $composer, $changed = 6)
                              Text(text = fullName.uppercase(), modifier = // COMPOSITE {
                              null
                              // }, color = Companion.<get-White>(), fontSize = 16.<get-sp>(), fontStyle = // COMPOSITE {
                              null
                              // }, fontWeight = Companion.<get-Bold>(), fontFamily = // COMPOSITE {
                              null
                              // }, letterSpacing = 1.5.<get-sp>(), textDecoration = // COMPOSITE {
                              null
                              // }, textAlign = // COMPOSITE {
                              null
                              // }, lineHeight = // COMPOSITE {
                              <unsafe-coerce><Long, TextUnit>(v = 0L)
                              // }, overflow = // COMPOSITE {
                              <unsafe-coerce><Int, TextOverflow>(v = 0)
                              // }, softWrap = // COMPOSITE {
                              false
                              // }, maxLines = // COMPOSITE {
                              0
                              // }, minLines = // COMPOSITE {
                              0
                              // }, onTextLayout = // COMPOSITE {
                              null
                              // }, style = // COMPOSITE {
                              null
                              // }, $composer = $composer, $changed = 12782976, $changed1 = 0, $default = 130898)
                              // }
                              sourceInformationMarkerEnd(composer = $composer)
                            }
                          }

                          <no name provided>::<anonymous>
                        }, $composer = $composer, $changed = 54, $default = 4)
                        // }
                        sourceInformationMarkerEnd(composer = $composer)
                      }
                    }

                    <no name provided>::<anonymous>
                  }, $composer = $composer, $changed = 6, $default = 6)
                  when {
                    isTraceInProgress() -> traceEventEnd()
                  }
                }
                else -> $composer.skipToGroupEnd()
              }
            }

          }

          <no name provided>()
        }, $composer = $composer, $changed = 54), $composer = $composer, $changed = 196614, $default = 20)
        when {
          isTraceInProgress() -> traceEventEnd()
        }
      }
      else -> $composer.skipToGroupEnd()
    }
    { // BLOCK
      { // BLOCK
        val tmp0_safe_receiver: ScopeUpdateScope? = $composer.endRestartGroup()
        when {
          EQEQ(arg0 = tmp0_safe_receiver, arg1 = null) -> null
          else -> tmp0_safe_receiver.updateScope(block = { // BLOCK
            local fun <anonymous>($composer: Composer?, $force: Int): Unit? {
              return _CardOne(navController = navController, appVM = appVM, $composer = $composer, $changed = updateChangedFlags(flags = $changed.or(other = 1)))
            }

            <jvm-indy-lambda-metafactory><Function2<Composer?, Int, Unit>>(samMethodType = &error("") /* ERROR: unsupported element type: IrRawFunctionReferenceImpl */
, implMethodReference = HomeScreenKt::<anonymous>, instantiatedMethodType = &error("") /* ERROR: unsupported element type: IrRawFunctionReferenceImpl */
, extraOverriddenMethodTypes = [], shouldBeSerializable = false)
          })
        }
      }
    }
  }

  @Composable
  @ComposableTarget(applier = "androidx.compose.ui.UiComposable")
  fun CardTwo(navController: NavController, /* var */ $composer: Composer?, $changed: Int) {
    { // BLOCK
      $composer = $composer.startRestartGroup(key = -1566415522)
      sourceInformation(composer = $composer, sourceInformation = "C(CardTwo)667@24240L7,671@24364L39,672@24426L46:HomeScreen.kt#cxq2k")
    }
    val $dirty: Int = $changed
    when {
      EQEQ(arg0 = $changed.and(other = 6), arg1 = 0) -> $dirty = $dirty.or(other = when {
        $composer.changedInstance(value = navController) -> 4
        else -> 2
      })
    }
    when {
      when {
        EQEQ(arg0 = $dirty.and(other = 3), arg1 = 2).not() -> true
        else -> $composer.<get-skipping>().not()
      } -> { // BLOCK
        when {
          isTraceInProgress() -> traceEventStart(key = -1566415522, dirty1 = $dirty, dirty2 = -1, info = "com.wnapp.trustmoney.ui.home.CardTwo (HomeScreen.kt:666)")
        }
        val context: Context = <get-LocalContext>().<get-current>($composer = $composer, $changed = 0)
        val status: String? = SessionManager(context = context).getUserStatus()
        val strAddCards: String = stringResource(id = super<string>.#add_cards, $composer = $composer, $changed = 0)
        val strTapToAdd: String = stringResource(id = super<string>.#tap_to_add_cards, $composer = $composer, $changed = 0)
        when {
          EQEQ(arg0 = status, arg1 = "agent") -> { // BLOCK
            { // BLOCK
              $composer.startReplaceGroup(key = 952814710)
              sourceInformation(composer = $composer, sourceInformation = "675@24511L10")
            }
            { // BLOCK
              DuelCard($composer = $composer, $changed = 0)
            }
            $composer.endReplaceGroup()
          }
          else -> { // BLOCK
            { // BLOCK
              $composer.startReplaceGroup(key = 952850112)
              sourceInformation(composer = $composer, sourceInformation = "677@24543L128")
            }
            { // BLOCK
              EmptyCard(text1 = strAddCards, text2 = strTapToAdd, navController = navController, $composer = $composer, $changed = 896.and(other = $dirty.shl(bitCount = 6)))
            }
            $composer.endReplaceGroup()
          }
        }
        when {
          isTraceInProgress() -> traceEventEnd()
        }
      }
      else -> $composer.skipToGroupEnd()
    }
    { // BLOCK
      { // BLOCK
        val tmp0_safe_receiver: ScopeUpdateScope? = $composer.endRestartGroup()
        when {
          EQEQ(arg0 = tmp0_safe_receiver, arg1 = null) -> null
          else -> tmp0_safe_receiver.updateScope(block = { // BLOCK
            local fun <anonymous>($composer: Composer?, $force: Int): Unit? {
              return CardTwo(navController = navController, $composer = $composer, $changed = updateChangedFlags(flags = $changed.or(other = 1)))
            }

            <jvm-indy-lambda-metafactory><Function2<Composer?, Int, Unit>>(samMethodType = &error("") /* ERROR: unsupported element type: IrRawFunctionReferenceImpl */
, implMethodReference = HomeScreenKt::<anonymous>, instantiatedMethodType = &error("") /* ERROR: unsupported element type: IrRawFunctionReferenceImpl */
, extraOverriddenMethodTypes = [], shouldBeSerializable = false)
          })
        }
      }
    }
  }

  @Composable
  @ComposableTarget(applier = "androidx.compose.ui.UiComposable")
  fun CardThree(navController: NavController, /* var */ $composer: Composer?, $changed: Int) {
    { // BLOCK
      $composer = $composer.startRestartGroup(key = 184169036)
      sourceInformation(composer = $composer, sourceInformation = "C(CardThree)687@24797L44,689@24847L104:HomeScreen.kt#cxq2k")
    }
    val $dirty: Int = $changed
    when {
      EQEQ(arg0 = $changed.and(other = 6), arg1 = 0) -> $dirty = $dirty.or(other = when {
        $composer.changedInstance(value = navController) -> 4
        else -> 2
      })
    }
    when {
      when {
        EQEQ(arg0 = $dirty.and(other = 3), arg1 = 2).not() -> true
        else -> $composer.<get-skipping>().not()
      } -> { // BLOCK
        when {
          isTraceInProgress() -> traceEventStart(key = 184169036, dirty1 = $dirty, dirty2 = -1, info = "com.wnapp.trustmoney.ui.home.CardThree (HomeScreen.kt:685)")
        }
        val strApplyLoan: String = stringResource(id = super<string>.#apply_for_loan, $composer = $composer, $changed = 0)
        EmptyCard(text1 = strApplyLoan, text2 = "", navController = navController, $composer = $composer, $changed = 48.or(other = 896.and(other = $dirty.shl(bitCount = 6))))
        when {
          isTraceInProgress() -> traceEventEnd()
        }
      }
      else -> $composer.skipToGroupEnd()
    }
    { // BLOCK
      { // BLOCK
        val tmp0_safe_receiver: ScopeUpdateScope? = $composer.endRestartGroup()
        when {
          EQEQ(arg0 = tmp0_safe_receiver, arg1 = null) -> null
          else -> tmp0_safe_receiver.updateScope(block = { // BLOCK
            local fun <anonymous>($composer: Composer?, $force: Int): Unit? {
              return CardThree(navController = navController, $composer = $composer, $changed = updateChangedFlags(flags = $changed.or(other = 1)))
            }

            <jvm-indy-lambda-metafactory><Function2<Composer?, Int, Unit>>(samMethodType = &error("") /* ERROR: unsupported element type: IrRawFunctionReferenceImpl */
, implMethodReference = HomeScreenKt::<anonymous>, instantiatedMethodType = &error("") /* ERROR: unsupported element type: IrRawFunctionReferenceImpl */
, extraOverriddenMethodTypes = [], shouldBeSerializable = false)
          })
        }
      }
    }
  }

  @Composable
  @ComposableTarget(applier = "androidx.compose.ui.UiComposable")
  fun CardFour(navController: NavController, /* var */ $composer: Composer?, $changed: Int) {
    { // BLOCK
      $composer = $composer.startRestartGroup(key = 1286122056)
      sourceInformation(composer = $composer, sourceInformation = "C(CardFour)699@25073L46,701@25125L106:HomeScreen.kt#cxq2k")
    }
    val $dirty: Int = $changed
    when {
      EQEQ(arg0 = $changed.and(other = 6), arg1 = 0) -> $dirty = $dirty.or(other = when {
        $composer.changedInstance(value = navController) -> 4
        else -> 2
      })
    }
    when {
      when {
        EQEQ(arg0 = $dirty.and(other = 3), arg1 = 2).not() -> true
        else -> $composer.<get-skipping>().not()
      } -> { // BLOCK
        when {
          isTraceInProgress() -> traceEventStart(key = 1286122056, dirty1 = $dirty, dirty2 = -1, info = "com.wnapp.trustmoney.ui.home.CardFour (HomeScreen.kt:697)")
        }
        val strApplyScheme: String = stringResource(id = super<string>.#apply_for_scheme, $composer = $composer, $changed = 0)
        EmptyCard(text1 = strApplyScheme, text2 = "", navController = navController, $composer = $composer, $changed = 48.or(other = 896.and(other = $dirty.shl(bitCount = 6))))
        when {
          isTraceInProgress() -> traceEventEnd()
        }
      }
      else -> $composer.skipToGroupEnd()
    }
    { // BLOCK
      { // BLOCK
        val tmp0_safe_receiver: ScopeUpdateScope? = $composer.endRestartGroup()
        when {
          EQEQ(arg0 = tmp0_safe_receiver, arg1 = null) -> null
          else -> tmp0_safe_receiver.updateScope(block = { // BLOCK
            local fun <anonymous>($composer: Composer?, $force: Int): Unit? {
              return CardFour(navController = navController, $composer = $composer, $changed = updateChangedFlags(flags = $changed.or(other = 1)))
            }

            <jvm-indy-lambda-metafactory><Function2<Composer?, Int, Unit>>(samMethodType = &error("") /* ERROR: unsupported element type: IrRawFunctionReferenceImpl */
, implMethodReference = HomeScreenKt::<anonymous>, instantiatedMethodType = &error("") /* ERROR: unsupported element type: IrRawFunctionReferenceImpl */
, extraOverriddenMethodTypes = [], shouldBeSerializable = false)
          })
        }
      }
    }
  }

  @Composable
  @ComposableTarget(applier = "androidx.compose.ui.UiComposable")
  fun EmptyCard(text1: String, text2: String, navController: NavController, /* var */ $composer: Composer?, $changed: Int) {
    { // BLOCK
      $composer = $composer.startRestartGroup(key = -1560238659)
      sourceInformation(composer = $composer, sourceInformation = "C(EmptyCard)P(1,2)716@25549L40,717@25624L19,718@25650L1694,710@25327L2017:HomeScreen.kt#cxq2k")
    }
    val $dirty: Int = $changed
    when {
      EQEQ(arg0 = $changed.and(other = 6), arg1 = 0) -> $dirty = $dirty.or(other = when {
        $composer.changed(value = text1) -> 4
        else -> 2
      })
    }
    when {
      EQEQ(arg0 = $changed.and(other = 48), arg1 = 0) -> $dirty = $dirty.or(other = when {
        $composer.changed(value = text2) -> 32
        else -> 16
      })
    }
    when {
      EQEQ(arg0 = $changed.and(other = 384), arg1 = 0) -> $dirty = $dirty.or(other = when {
        $composer.changedInstance(value = navController) -> 256
        else -> 128
      })
    }
    when {
      when {
        EQEQ(arg0 = $dirty.and(other = 147), arg1 = 146).not() -> true
        else -> $composer.<get-skipping>().not()
      } -> { // BLOCK
        when {
          isTraceInProgress() -> traceEventStart(key = -1560238659, dirty1 = $dirty, dirty2 = -1, info = "com.wnapp.trustmoney.ui.home.EmptyCard (HomeScreen.kt:709)")
        }
        Card(modifier = Companion.fillMaxWidth().padding(horizontal = 16.<get-dp>(), vertical = 8.<get-dp>()).height(height = 180.<get-dp>()), shape = RoundedCornerShape(size = 20.<get-dp>()), colors = CardDefaults.cardColors(containerColor = Companion.<get-White>(), contentColor = // COMPOSITE {
        <unsafe-coerce><Long, Color>(v = 0L)
        // }, disabledContainerColor = // COMPOSITE {
        <unsafe-coerce><Long, Color>(v = 0L)
        // }, disabledContentColor = // COMPOSITE {
        <unsafe-coerce><Long, Color>(v = 0L)
        // }, $composer = $composer, $changed = 6.or(other = #$stable.shl(bitCount = 12)), $default = 14), elevation = CardDefaults.cardElevation(defaultElevation = 4.<get-dp>(), pressedElevation = // COMPOSITE {
        <unsafe-coerce><Float, Dp>(v = 0.0F)
        // }, focusedElevation = // COMPOSITE {
        <unsafe-coerce><Float, Dp>(v = 0.0F)
        // }, hoveredElevation = // COMPOSITE {
        <unsafe-coerce><Float, Dp>(v = 0.0F)
        // }, draggedElevation = // COMPOSITE {
        <unsafe-coerce><Float, Dp>(v = 0.0F)
        // }, disabledElevation = // COMPOSITE {
        <unsafe-coerce><Float, Dp>(v = 0.0F)
        // }, $composer = $composer, $changed = 6.or(other = #$stable.shl(bitCount = 18)), $default = 62), border = // COMPOSITE {
        null
        // }, content = rememberComposableLambda(key = 552473227, tracked = true, block = { // BLOCK
          local class <no name provided> : Function3<ColumnScope, Composer, Int, Unit> {
            constructor() /* primary */ {
              super/*Any*/()
              /* <init>() */

            }

            @Composable
            @ComposableTarget(applier = "androidx.compose.ui.UiComposable")
            override fun invoke($this$Card: ColumnScope, /* var */ $composer: Composer?, $changed: Int) {
              sourceInformation(composer = $composer, sourceInformation = "C719@25660L1678:HomeScreen.kt#cxq2k")
              when {
                when {
                  EQEQ(arg0 = $changed.and(other = 17), arg1 = 16).not() -> true
                  else -> $composer.<get-skipping>().not()
                } -> { // BLOCK
                  when {
                    isTraceInProgress() -> traceEventStart(key = 552473227, dirty1 = $changed, dirty2 = -1, info = "com.wnapp.trustmoney.ui.home.EmptyCard.<anonymous> (HomeScreen.kt:719)")
                  }
                  Box(modifier = Companion.fillMaxSize(), contentAlignment = Companion.<get-Center>(), propagateMinConstraints = // COMPOSITE {
                  false
                  // }, content = { // BLOCK
                    @Composable
                    @ComposableTarget(applier = "androidx.compose.ui.UiComposable")
                    local fun BoxScope.<anonymous>(/* var */ $composer: Composer?, $changed: Int) {
                      { // BLOCK
                        sourceInformationMarkerStart(composer = $composer, key = -1186142072, sourceInformation = "C720@25792L421,720@25750L463,732@26226L1102:HomeScreen.kt#cxq2k")
                        // COMPOSITE {
                        Canvas(modifier = Companion.fillMaxSize(), onDraw = { // BLOCK
                          { // BLOCK
                            $composer.startReplaceGroup(key = -1562283114)
                            sourceInformation(composer = $composer, sourceInformation = "CC(remember):HomeScreen.kt#9igjgp")
                          }
                          val tmp0_group: @ExtensionFunctionType Function1<DrawScope, Unit> = $composer.cache<@ExtensionFunctionType Function1<DrawScope, Unit>>(invalid = false, block = { // BLOCK
                            local fun <anonymous>(): @ExtensionFunctionType Function1<DrawScope, Unit> {
                              return { // BLOCK
                                local fun <anonymous>($this$Canvas: DrawScope): Unit? {
                                  $this$Canvas.drawCircle(color = Color(color = 4293980400L), radius = 150.0F, center = Offset(x = $this$Canvas.<get-size>().<get-width>().times(other = 0.9F), y = $this$Canvas.<get-size>().<get-height>().times(other = 0.2F)))
                                  $this$Canvas.drawCircle(color = Color(color = 4294309365L), radius = 200.0F, center = Offset(x = $this$Canvas.<get-size>().<get-width>().times(other = 0.1F), y = $this$Canvas.<get-size>().<get-height>().times(other = 0.8F)))
                                }

                                <jvm-indy-lambda-metafactory><@ExtensionFunctionType Function1<DrawScope, Unit>>(samMethodType = &error("") /* ERROR: unsupported element type: IrRawFunctionReferenceImpl */
, implMethodReference = <no name provided>::<anonymous>, instantiatedMethodType = &error("") /* ERROR: unsupported element type: IrRawFunctionReferenceImpl */
, extraOverriddenMethodTypes = [], shouldBeSerializable = false)
                              }
                            }

                            <no name provided>::<anonymous>
                          })
                          $composer.endReplaceGroup()
                          tmp0_group
                        }, $composer = $composer, $changed = 54)
                        { // BLOCK
                          val tmp0_horizontalAlignment: Horizontal = Companion.<get-CenterHorizontally>()
                          val tmp1_verticalArrangement: HorizontalOrVertical = Arrangement.<get-Center>()
                          Column(modifier = // COMPOSITE {
                          null
                          // }, verticalArrangement = tmp1_verticalArrangement, horizontalAlignment = tmp0_horizontalAlignment, content = { // BLOCK
                            @Composable
                            @ComposableTarget(applier = "androidx.compose.ui.UiComposable")
                            local fun ColumnScope.<anonymous>(/* var */ $composer: Composer?, $changed: Int) {
                              { // BLOCK
                                sourceInformationMarkerStart(composer = $composer, key = -1876067208, sourceInformation = "C741@26593L54,736@26391L658,752@27066L41,754@27125L86,755@27228L86:HomeScreen.kt#cxq2k")
                                // COMPOSITE {
                                { // BLOCK
                                  val tmp0_shape: RoundedCornerShape = <get-CircleShape>()
                                  val tmp1_color: Color = <get-BrandGreen>()
                                  val tmp2_modifier: Modifier = Companion.size(size = 56.<get-dp>()).clickable(, onClick = { // BLOCK
                                    { // BLOCK
                                      $composer.startReplaceGroup(key = 78034630)
                                      sourceInformation(composer = $composer, sourceInformation = "CC(remember):HomeScreen.kt#9igjgp")
                                    }
                                    val tmp0_group: Function0<Unit> = $composer.cache<Function0<Unit>>(invalid = $composer.changedInstance(value = navController), block = { // BLOCK
                                      local fun <anonymous>(): Function0<Unit> {
                                        return { // BLOCK
                                          local fun <anonymous>(): Unit? {
                                            navController.navigate(route = PackageScreen.<get-route>())
                                          }

                                          <jvm-indy-lambda-metafactory><Function0<Unit>>(samMethodType = &error("") /* ERROR: unsupported element type: IrRawFunctionReferenceImpl */
, implMethodReference = <no name provided>::<anonymous>, instantiatedMethodType = &error("") /* ERROR: unsupported element type: IrRawFunctionReferenceImpl */
, extraOverriddenMethodTypes = [], shouldBeSerializable = false)
                                        }
                                      }

                                      <no name provided>::<anonymous>
                                    })
                                    $composer.endReplaceGroup()
                                    tmp0_group
                                  })
                                  Surface(modifier = tmp2_modifier, shape = tmp0_shape, color = tmp1_color, contentColor = // COMPOSITE {
                                  <unsafe-coerce><Long, Color>(v = 0L)
                                  // }, tonalElevation = // COMPOSITE {
                                  <unsafe-coerce><Float, Dp>(v = 0.0F)
                                  // }, shadowElevation = // COMPOSITE {
                                  <unsafe-coerce><Float, Dp>(v = 0.0F)
                                  // }, border = // COMPOSITE {
                                  null
                                  // }, content = ComposableSingletons$HomeScreenKt.<get-lambda-1>(), $composer = $composer, $changed = 12582912, $default = 120)
                                }
                                Spacer(modifier = Companion.height(height = 12.<get-dp>()), $composer = $composer, $changed = 6)
                                Text(text = text1, modifier = // COMPOSITE {
                                null
                                // }, color = <get-BrandGreen>(), fontSize = 18.<get-sp>(), fontStyle = // COMPOSITE {
                                null
                                // }, fontWeight = Companion.<get-Bold>(), fontFamily = // COMPOSITE {
                                null
                                // }, letterSpacing = // COMPOSITE {
                                <unsafe-coerce><Long, TextUnit>(v = 0L)
                                // }, textDecoration = // COMPOSITE {
                                null
                                // }, textAlign = // COMPOSITE {
                                null
                                // }, lineHeight = // COMPOSITE {
                                <unsafe-coerce><Long, TextUnit>(v = 0L)
                                // }, overflow = // COMPOSITE {
                                <unsafe-coerce><Int, TextOverflow>(v = 0)
                                // }, softWrap = // COMPOSITE {
                                false
                                // }, maxLines = // COMPOSITE {
                                0
                                // }, minLines = // COMPOSITE {
                                0
                                // }, onTextLayout = // COMPOSITE {
                                null
                                // }, style = // COMPOSITE {
                                null
                                // }, $composer = $composer, $changed = 199680, $changed1 = 0, $default = 131026)
                                Text(text = text2, modifier = // COMPOSITE {
                                null
                                // }, color = <get-BrandGreen>(), fontSize = 10.<get-sp>(), fontStyle = // COMPOSITE {
                                null
                                // }, fontWeight = Companion.<get-Bold>(), fontFamily = // COMPOSITE {
                                null
                                // }, letterSpacing = // COMPOSITE {
                                <unsafe-coerce><Long, TextUnit>(v = 0L)
                                // }, textDecoration = // COMPOSITE {
                                null
                                // }, textAlign = // COMPOSITE {
                                null
                                // }, lineHeight = // COMPOSITE {
                                <unsafe-coerce><Long, TextUnit>(v = 0L)
                                // }, overflow = // COMPOSITE {
                                <unsafe-coerce><Int, TextOverflow>(v = 0)
                                // }, softWrap = // COMPOSITE {
                                false
                                // }, maxLines = // COMPOSITE {
                                0
                                // }, minLines = // COMPOSITE {
                                0
                                // }, onTextLayout = // COMPOSITE {
                                null
                                // }, style = // COMPOSITE {
                                null
                                // }, $composer = $composer, $changed = 199680, $changed1 = 0, $default = 131026)
                                // }
                                sourceInformationMarkerEnd(composer = $composer)
                              }
                            }

                            <no name provided>::<anonymous>
                          }, $composer = $composer, $changed = 432, $default = 1)
                        }
                        // }
                        sourceInformationMarkerEnd(composer = $composer)
                      }
                    }

                    <no name provided>::<anonymous>
                  }, $composer = $composer, $changed = 54, $default = 4)
                  when {
                    isTraceInProgress() -> traceEventEnd()
                  }
                }
                else -> $composer.skipToGroupEnd()
              }
            }

          }

          <no name provided>()
        }, $composer = $composer, $changed = 54), $composer = $composer, $changed = 196614, $default = 16)
        when {
          isTraceInProgress() -> traceEventEnd()
        }
      }
      else -> $composer.skipToGroupEnd()
    }
    { // BLOCK
      { // BLOCK
        val tmp0_safe_receiver: ScopeUpdateScope? = $composer.endRestartGroup()
        when {
          EQEQ(arg0 = tmp0_safe_receiver, arg1 = null) -> null
          else -> tmp0_safe_receiver.updateScope(block = { // BLOCK
            local fun <anonymous>($composer: Composer?, $force: Int): Unit? {
              return EmptyCard(text1 = text1, text2 = text2, navController = navController, $composer = $composer, $changed = updateChangedFlags(flags = $changed.or(other = 1)))
            }

            <jvm-indy-lambda-metafactory><Function2<Composer?, Int, Unit>>(samMethodType = &error("") /* ERROR: unsupported element type: IrRawFunctionReferenceImpl */
, implMethodReference = HomeScreenKt::<anonymous>, instantiatedMethodType = &error("") /* ERROR: unsupported element type: IrRawFunctionReferenceImpl */
, extraOverriddenMethodTypes = [], shouldBeSerializable = false)
          })
        }
      }
    }
  }

  @Composable
  @ComposableTarget(applier = "androidx.compose.ui.UiComposable")
  fun DuelCard(/* var */ $composer: Composer?, $changed: Int) {
    { // BLOCK
      $composer = $composer.startRestartGroup(key = -1768977423)
      sourceInformation(composer = $composer, sourceInformation = "C(DuelCard)763@27430L7,770@27719L19,771@27745L634,764@27494L885:HomeScreen.kt#cxq2k")
    }
    when {
      when {
        EQEQ(arg0 = $changed, arg1 = 0).not() -> true
        else -> $composer.<get-skipping>().not()
      } -> { // BLOCK
        when {
          isTraceInProgress() -> traceEventStart(key = -1768977423, dirty1 = $changed, dirty2 = -1, info = "com.wnapp.trustmoney.ui.home.DuelCard (HomeScreen.kt:762)")
        }
        val cardHolderName: String = SessionManager(context = <get-LocalContext>().<get-current>($composer = $composer, $changed = 0)).getFullName()
        Card(modifier = Companion.fillMaxWidth().padding(horizontal = 16.<get-dp>(), vertical = 8.<get-dp>()).height(height = 210.<get-dp>()), shape = RoundedCornerShape(size = 16.<get-dp>()), colors = // COMPOSITE {
        null
        // }, elevation = CardDefaults.cardElevation(defaultElevation = 8.<get-dp>(), pressedElevation = // COMPOSITE {
        <unsafe-coerce><Float, Dp>(v = 0.0F)
        // }, focusedElevation = // COMPOSITE {
        <unsafe-coerce><Float, Dp>(v = 0.0F)
        // }, hoveredElevation = // COMPOSITE {
        <unsafe-coerce><Float, Dp>(v = 0.0F)
        // }, draggedElevation = // COMPOSITE {
        <unsafe-coerce><Float, Dp>(v = 0.0F)
        // }, disabledElevation = // COMPOSITE {
        <unsafe-coerce><Float, Dp>(v = 0.0F)
        // }, $composer = $composer, $changed = 6.or(other = #$stable.shl(bitCount = 18)), $default = 62), border = // COMPOSITE {
        null
        // }, content = rememberComposableLambda(key = 2132318655, tracked = true, block = { // BLOCK
          local class <no name provided> : Function3<ColumnScope, Composer, Int, Unit> {
            constructor() /* primary */ {
              super/*Any*/()
              /* <init>() */

            }

            @Composable
            @ComposableTarget(applier = "androidx.compose.ui.UiComposable")
            override fun invoke($this$Card: ColumnScope, /* var */ $composer: Composer?, $changed: Int) {
              sourceInformation(composer = $composer, sourceInformation = "C772@27755L618:HomeScreen.kt#cxq2k")
              when {
                when {
                  EQEQ(arg0 = $changed.and(other = 17), arg1 = 16).not() -> true
                  else -> $composer.<get-skipping>().not()
                } -> { // BLOCK
                  when {
                    isTraceInProgress() -> traceEventStart(key = 2132318655, dirty1 = $changed, dirty2 = -1, info = "com.wnapp.trustmoney.ui.home.DuelCard.<anonymous> (HomeScreen.kt:772)")
                  }
                  Box(modifier = Companion.fillMaxSize(), contentAlignment = // COMPOSITE {
                  null
                  // }, propagateMinConstraints = // COMPOSITE {
                  false
                  // }, content = { // BLOCK
                    @Composable
                    @ComposableTarget(applier = "androidx.compose.ui.UiComposable")
                    local fun BoxScope.<anonymous>(/* var */ $composer: Composer?, $changed: Int) {
                      { // BLOCK
                        sourceInformationMarkerStart(composer = $composer, key = 667297032, sourceInformation = "C774@27841L45,773@27808L242,780@28064L299:HomeScreen.kt#cxq2k")
                        // COMPOSITE {
                        Image(painter = painterResource(id = super<drawable>.#visa_card_bg, $composer = $composer, $changed = 0), contentDescription = null, modifier = Companion.fillMaxSize(), alignment = // COMPOSITE {
                        null
                        // }, contentScale = Companion.<get-FillBounds>(), alpha = // COMPOSITE {
                        0.0F
                        // }, colorFilter = // COMPOSITE {
                        null
                        // }, $composer = $composer, $changed = 25008.or(other = #$stable), $default = 104)
                        { // BLOCK
                          val tmp0_color: Color = Companion.<get-White>()
                          val tmp1_fontSize: TextUnit = 16.<get-sp>()
                          val tmp2_fontWeight: FontWeight = Companion.<get-Normal>()
                          val tmp3_modifier: Modifier = ($this$Box, Companion).align(alignment = Companion.<get-BottomStart>()).padding(all = 32.<get-dp>())
                          Text(text = cardHolderName, modifier = tmp3_modifier, color = tmp0_color, fontSize = tmp1_fontSize, fontStyle = // COMPOSITE {
                          null
                          // }, fontWeight = tmp2_fontWeight, fontFamily = // COMPOSITE {
                          null
                          // }, letterSpacing = // COMPOSITE {
                          <unsafe-coerce><Long, TextUnit>(v = 0L)
                          // }, textDecoration = // COMPOSITE {
                          null
                          // }, textAlign = // COMPOSITE {
                          null
                          // }, lineHeight = // COMPOSITE {
                          <unsafe-coerce><Long, TextUnit>(v = 0L)
                          // }, overflow = // COMPOSITE {
                          <unsafe-coerce><Int, TextOverflow>(v = 0)
                          // }, softWrap = // COMPOSITE {
                          false
                          // }, maxLines = // COMPOSITE {
                          0
                          // }, minLines = // COMPOSITE {
                          0
                          // }, onTextLayout = // COMPOSITE {
                          null
                          // }, style = // COMPOSITE {
                          null
                          // }, $composer = $composer, $changed = 200064, $changed1 = 0, $default = 131024)
                        }
                        // }
                        sourceInformationMarkerEnd(composer = $composer)
                      }
                    }

                    <no name provided>::<anonymous>
                  }, $composer = $composer, $changed = 6, $default = 6)
                  when {
                    isTraceInProgress() -> traceEventEnd()
                  }
                }
                else -> $composer.skipToGroupEnd()
              }
            }

          }

          <no name provided>()
        }, $composer = $composer, $changed = 54), $composer = $composer, $changed = 196614, $default = 20)
        when {
          isTraceInProgress() -> traceEventEnd()
        }
      }
      else -> $composer.skipToGroupEnd()
    }
    { // BLOCK
      { // BLOCK
        val tmp0_safe_receiver: ScopeUpdateScope? = $composer.endRestartGroup()
        when {
          EQEQ(arg0 = tmp0_safe_receiver, arg1 = null) -> null
          else -> tmp0_safe_receiver.updateScope(block = { // BLOCK
            local fun <anonymous>($composer: Composer?, $force: Int): Unit? {
              return DuelCard($composer = $composer, $changed = updateChangedFlags(flags = $changed.or(other = 1)))
            }

            <jvm-indy-lambda-metafactory><Function2<Composer?, Int, Unit>>(samMethodType = &error("") /* ERROR: unsupported element type: IrRawFunctionReferenceImpl */
, implMethodReference = HomeScreenKt::<anonymous>, instantiatedMethodType = &error("") /* ERROR: unsupported element type: IrRawFunctionReferenceImpl */
, extraOverriddenMethodTypes = [], shouldBeSerializable = false)
          })
        }
      }
    }
  }

  @Composable
  @ComposableTarget(applier = "androidx.compose.ui.UiComposable")
  fun SendMoneySection(navController: NavController, appVM: AppViewModel, /* var */ $composer: Composer?, $changed: Int) {
    { // BLOCK
      $composer = $composer.startRestartGroup(key = 1723676006)
      sourceInformation(composer = $composer, sourceInformation = "C(SendMoneySection)P(1)804@28758L762:HomeScreen.kt#cxq2k")
    }
    val $dirty: Int = $changed
    when {
      EQEQ(arg0 = $changed.and(other = 6), arg1 = 0) -> $dirty = $dirty.or(other = when {
        $composer.changedInstance(value = navController) -> 4
        else -> 2
      })
    }
    when {
      when {
        EQEQ(arg0 = $dirty.and(other = 3), arg1 = 2).not() -> true
        else -> $composer.<get-skipping>().not()
      } -> { // BLOCK
        when {
          isTraceInProgress() -> traceEventStart(key = 1723676006, dirty1 = $dirty, dirty2 = -1, info = "com.wnapp.trustmoney.ui.home.SendMoneySection (HomeScreen.kt:795)")
        }
        val paymentMethods: List<Pair<String, Int>> = listOf<Pair<String, Int>>(elements = { // BLOCK
          val tmp0: Array<out Pair<String, Int>> = arrayOfNulls<Pair<String, Int>>(size = 4)
          tmp0.set(index = 0, value = Pair<String, Int>(first = "Bkash", second = super<drawable>.#ic_bkash))
          tmp0.set(index = 1, value = Pair<String, Int>(first = "Nagad", second = super<drawable>.#ic_nagad))
          tmp0.set(index = 2, value = Pair<String, Int>(first = "Upay", second = super<drawable>.#ic_upay))
          tmp0.set(index = 3, value = Pair<String, Int>(first = "Rocket", second = super<drawable>.#ic_rocket))
          tmp0
        })
        Column(modifier = Companion.fillMaxWidth().padding(horizontal = 16.<get-dp>(), vertical = 8.<get-dp>()), verticalArrangement = // COMPOSITE {
        null
        // }, horizontalAlignment = // COMPOSITE {
        null
        // }, content = { // BLOCK
          @Composable
          @ComposableTarget(applier = "androidx.compose.ui.UiComposable")
          local fun ColumnScope.<anonymous>(/* var */ $composer: Composer?, $changed: Int) {
            { // BLOCK
              sourceInformationMarkerStart(composer = $composer, key = -1490649923, sourceInformation = "C810@28922L44,812@28976L41,815@29046L468:HomeScreen.kt#cxq2k")
              // COMPOSITE {
              OverviewHeader(title = "Send Money with...", $composer = $composer, $changed = 6)
              Spacer(modifier = Companion.height(height = 12.<get-dp>()), $composer = $composer, $changed = 6)
              Row(modifier = Companion.fillMaxWidth(), horizontalArrangement = Arrangement.<get-SpaceBetween>(), verticalAlignment = // COMPOSITE {
              null
              // }, content = { // BLOCK
                @Composable
                @ComposableTarget(applier = "androidx.compose.ui.UiComposable")
                local fun RowScope.<anonymous>(/* var */ $composer: Composer?, $changed: Int) {
                  { // BLOCK
                    sourceInformationMarkerStart(composer = $composer, key = -1895353905, sourceInformation = "C:HomeScreen.kt#cxq2k")
                    // COMPOSITE {
                    { // BLOCK
                      // COMPOSITE {
                      { // BLOCK
                        $composer.startReplaceGroup(key = 631596677)
                        sourceInformation(composer = $composer, sourceInformation = "*823@29368L103,820@29235L254")
                      }
                      // }
                      paymentMethods.forEach<Pair<String, Int>>(action = { // BLOCK
                        local fun <anonymous>(method: Pair<String, Int>) {
                          PaymentIconCard(name = method.<get-first>(), iconRes = method.<get-second>(), onClick = { // BLOCK
                            { // BLOCK
                              $composer.startReplaceGroup(key = -858507941)
                              sourceInformation(composer = $composer, sourceInformation = "CC(remember):HomeScreen.kt#9igjgp")
                            }
                            val tmp0_group: Function0<Unit> = $composer.cache<Function0<Unit>>(invalid = $composer.changedInstance(value = navController), block = { // BLOCK
                              local fun <anonymous>(): Function0<Unit> {
                                return { // BLOCK
                                  local fun <anonymous>(): Unit? {
                                    navController.navigate(route = SendMoney.passAmount(amount = ""))
                                  }

                                  <jvm-indy-lambda-metafactory><Function0<Unit>>(samMethodType = &error("") /* ERROR: unsupported element type: IrRawFunctionReferenceImpl */
, implMethodReference = HomeScreenKt::<anonymous>, instantiatedMethodType = &error("") /* ERROR: unsupported element type: IrRawFunctionReferenceImpl */
, extraOverriddenMethodTypes = [], shouldBeSerializable = false)
                                }
                              }

                              HomeScreenKt::<anonymous>
                            })
                            $composer.endReplaceGroup()
                            tmp0_group
                          }, $composer = $composer, $changed = 0)
                        }

                        HomeScreenKt::<anonymous>
                      })
                      // COMPOSITE {
                      $composer.endReplaceGroup()
                      // }
                    }
                    // }
                    sourceInformationMarkerEnd(composer = $composer)
                  }
                }

                HomeScreenKt::<anonymous>
              }, $composer = $composer, $changed = 54, $default = 4)
              // }
              sourceInformationMarkerEnd(composer = $composer)
            }
          }

          HomeScreenKt::<anonymous>
        }, $composer = $composer, $changed = 6, $default = 6)
        when {
          isTraceInProgress() -> traceEventEnd()
        }
      }
      else -> $composer.skipToGroupEnd()
    }
    { // BLOCK
      { // BLOCK
        val tmp0_safe_receiver: ScopeUpdateScope? = $composer.endRestartGroup()
        when {
          EQEQ(arg0 = tmp0_safe_receiver, arg1 = null) -> null
          else -> tmp0_safe_receiver.updateScope(block = { // BLOCK
            local fun <anonymous>($composer: Composer?, $force: Int): Unit? {
              return SendMoneySection(navController = navController, appVM = appVM, $composer = $composer, $changed = updateChangedFlags(flags = $changed.or(other = 1)))
            }

            <jvm-indy-lambda-metafactory><Function2<Composer?, Int, Unit>>(samMethodType = &error("") /* ERROR: unsupported element type: IrRawFunctionReferenceImpl */
, implMethodReference = HomeScreenKt::<anonymous>, instantiatedMethodType = &error("") /* ERROR: unsupported element type: IrRawFunctionReferenceImpl */
, extraOverriddenMethodTypes = [], shouldBeSerializable = false)
          })
        }
      }
    }
  }

  @Composable
  @ComposableTarget(applier = "androidx.compose.ui.UiComposable")
  fun PaymentIconCard(name: String, iconRes: Int, onClick: Function0<Unit>, /* var */ $composer: Composer?, $changed: Int) {
    { // BLOCK
      $composer = $composer.startRestartGroup(key = -194118564)
      sourceInformation(composer = $composer, sourceInformation = "C(PaymentIconCard)P(1)838@29750L39,835@29611L1405:HomeScreen.kt#cxq2k")
    }
    val $dirty: Int = $changed
    when {
      EQEQ(arg0 = $changed.and(other = 6), arg1 = 0) -> $dirty = $dirty.or(other = when {
        $composer.changed(value = name) -> 4
        else -> 2
      })
    }
    when {
      EQEQ(arg0 = $changed.and(other = 48), arg1 = 0) -> $dirty = $dirty.or(other = when {
        $composer.changed(value = iconRes) -> 32
        else -> 16
      })
    }
    when {
      EQEQ(arg0 = $changed.and(other = 384), arg1 = 0) -> $dirty = $dirty.or(other = when {
        $composer.changedInstance(value = onClick) -> 256
        else -> 128
      })
    }
    when {
      when {
        EQEQ(arg0 = $dirty.and(other = 147), arg1 = 146).not() -> true
        else -> $composer.<get-skipping>().not()
      } -> { // BLOCK
        when {
          isTraceInProgress() -> traceEventStart(key = -194118564, dirty1 = $dirty, dirty2 = -1, info = "com.wnapp.trustmoney.ui.home.PaymentIconCard (HomeScreen.kt:834)")
        }
        { // BLOCK
          val tmp0_horizontalAlignment: Horizontal = Companion.<get-CenterHorizontally>()
          val tmp1_modifier: Modifier = Companion.clickable(interactionSource = { // BLOCK
            { // BLOCK
              $composer.startReplaceGroup(key = -1517203284)
              sourceInformation(composer = $composer, sourceInformation = "CC(remember):HomeScreen.kt#9igjgp")
            }
            val tmp0_group: MutableInteractionSource = $composer.cache<MutableInteractionSource>(invalid = false, block = { // BLOCK
              local fun <anonymous>(): MutableInteractionSource {
                return MutableInteractionSource()
              }

              HomeScreenKt::<anonymous>
            })
            $composer.endReplaceGroup()
            tmp0_group
          }, indication = ripple(bounded = false, radius = 32.<get-dp>(), color = Companion.<get-Gray>()), onClick = onClick)
          Column(modifier = tmp1_modifier, verticalArrangement = // COMPOSITE {
          null
          // }, horizontalAlignment = tmp0_horizontalAlignment, content = { // BLOCK
            @Composable
            @ComposableTarget(applier = "androidx.compose.ui.UiComposable")
            local fun ColumnScope.<anonymous>(/* var */ $composer: Composer?, $changed: Int) {
              { // BLOCK
                sourceInformationMarkerStart(composer = $composer, key = 700414095, sourceInformation = "C851@30262L40,852@30341L19,853@30371L432,848@30130L673,866@30812L40,867@30861L149:HomeScreen.kt#cxq2k")
                // COMPOSITE {
                Card(modifier = Companion.size(size = 65.<get-dp>()), shape = RoundedCornerShape(size = 16.<get-dp>()), colors = CardDefaults.cardColors(containerColor = Companion.<get-White>(), contentColor = // COMPOSITE {
                <unsafe-coerce><Long, Color>(v = 0L)
                // }, disabledContainerColor = // COMPOSITE {
                <unsafe-coerce><Long, Color>(v = 0L)
                // }, disabledContentColor = // COMPOSITE {
                <unsafe-coerce><Long, Color>(v = 0L)
                // }, $composer = $composer, $changed = 6.or(other = #$stable.shl(bitCount = 12)), $default = 14), elevation = CardDefaults.cardElevation(defaultElevation = 4.<get-dp>(), pressedElevation = // COMPOSITE {
                <unsafe-coerce><Float, Dp>(v = 0.0F)
                // }, focusedElevation = // COMPOSITE {
                <unsafe-coerce><Float, Dp>(v = 0.0F)
                // }, hoveredElevation = // COMPOSITE {
                <unsafe-coerce><Float, Dp>(v = 0.0F)
                // }, draggedElevation = // COMPOSITE {
                <unsafe-coerce><Float, Dp>(v = 0.0F)
                // }, disabledElevation = // COMPOSITE {
                <unsafe-coerce><Float, Dp>(v = 0.0F)
                // }, $composer = $composer, $changed = 6.or(other = #$stable.shl(bitCount = 18)), $default = 62), border = // COMPOSITE {
                null
                // }, content = rememberComposableLambda(key = -2018706364, tracked = true, block = { // BLOCK
                  local class <no name provided> : Function3<ColumnScope, Composer, Int, Unit> {
                    constructor() /* primary */ {
                      super/*Any*/()
                      /* <init>() */

                    }

                    @Composable
                    @ComposableTarget(applier = "androidx.compose.ui.UiComposable")
                    override fun invoke($this$Card: ColumnScope, /* var */ $composer: Composer?, $changed: Int) {
                      sourceInformation(composer = $composer, sourceInformation = "C854@30385L408:HomeScreen.kt#cxq2k")
                      when {
                        when {
                          EQEQ(arg0 = $changed.and(other = 17), arg1 = 16).not() -> true
                          else -> $composer.<get-skipping>().not()
                        } -> { // BLOCK
                          when {
                            isTraceInProgress() -> traceEventStart(key = -2018706364, dirty1 = $changed, dirty2 = -1, info = "com.wnapp.trustmoney.ui.home.PaymentIconCard.<anonymous>.<anonymous> (HomeScreen.kt:854)")
                          }
                          Box(modifier = Companion.fillMaxSize().padding(all = 12.<get-dp>()), contentAlignment = Companion.<get-Center>(), propagateMinConstraints = // COMPOSITE {
                          false
                          // }, content = { // BLOCK
                            @Composable
                            @ComposableTarget(applier = "androidx.compose.ui.UiComposable")
                            local fun BoxScope.<anonymous>(/* var */ $composer: Composer?, $changed: Int) {
                              { // BLOCK
                                sourceInformationMarkerStart(composer = $composer, key = -1896440334, sourceInformation = "C859@30577L29,858@30540L239:HomeScreen.kt#cxq2k")
                                // COMPOSITE {
                                Image(painter = painterResource(id = iconRes, $composer = $composer, $changed = 0), contentDescription = name, modifier = Companion.fillMaxSize(), alignment = // COMPOSITE {
                                null
                                // }, contentScale = Companion.<get-Fit>(), alpha = // COMPOSITE {
                                0.0F
                                // }, colorFilter = // COMPOSITE {
                                null
                                // }, $composer = $composer, $changed = 24960.or(other = #$stable), $default = 104)
                                // }
                                sourceInformationMarkerEnd(composer = $composer)
                              }
                            }

                            <no name provided>::<anonymous>
                          }, $composer = $composer, $changed = 54, $default = 4)
                          when {
                            isTraceInProgress() -> traceEventEnd()
                          }
                        }
                        else -> $composer.skipToGroupEnd()
                      }
                    }

                  }

                  <no name provided>()
                }, $composer = $composer, $changed = 54), $composer = $composer, $changed = 196614, $default = 16)
                Spacer(modifier = Companion.height(height = 8.<get-dp>()), $composer = $composer, $changed = 6)
                { // BLOCK
                  val tmp0_fontSize: TextUnit = 12.<get-sp>()
                  val tmp1_fontWeight: FontWeight = Companion.<get-Medium>()
                  val tmp2_color: Color = Companion.<get-DarkGray>()
                  Text(text = name, modifier = // COMPOSITE {
                  null
                  // }, color = tmp2_color, fontSize = tmp0_fontSize, fontStyle = // COMPOSITE {
                  null
                  // }, fontWeight = tmp1_fontWeight, fontFamily = // COMPOSITE {
                  null
                  // }, letterSpacing = // COMPOSITE {
                  <unsafe-coerce><Long, TextUnit>(v = 0L)
                  // }, textDecoration = // COMPOSITE {
                  null
                  // }, textAlign = // COMPOSITE {
                  null
                  // }, lineHeight = // COMPOSITE {
                  <unsafe-coerce><Long, TextUnit>(v = 0L)
                  // }, overflow = // COMPOSITE {
                  <unsafe-coerce><Int, TextOverflow>(v = 0)
                  // }, softWrap = // COMPOSITE {
                  false
                  // }, maxLines = // COMPOSITE {
                  0
                  // }, minLines = // COMPOSITE {
                  0
                  // }, onTextLayout = // COMPOSITE {
                  null
                  // }, style = // COMPOSITE {
                  null
                  // }, $composer = $composer, $changed = 200064.or(other = 14.and(other = $dirty)), $changed1 = 0, $default = 131026)
                }
                // }
                sourceInformationMarkerEnd(composer = $composer)
              }
            }

            HomeScreenKt::<anonymous>
          }, $composer = $composer, $changed = 384, $default = 2)
        }
        when {
          isTraceInProgress() -> traceEventEnd()
        }
      }
      else -> $composer.skipToGroupEnd()
    }
    { // BLOCK
      { // BLOCK
        val tmp1_safe_receiver: ScopeUpdateScope? = $composer.endRestartGroup()
        when {
          EQEQ(arg0 = tmp1_safe_receiver, arg1 = null) -> null
          else -> tmp1_safe_receiver.updateScope(block = { // BLOCK
            local fun <anonymous>($composer: Composer?, $force: Int): Unit? {
              return PaymentIconCard(name = name, iconRes = iconRes, onClick = onClick, $composer = $composer, $changed = updateChangedFlags(flags = $changed.or(other = 1)))
            }

            <jvm-indy-lambda-metafactory><Function2<Composer?, Int, Unit>>(samMethodType = &error("") /* ERROR: unsupported element type: IrRawFunctionReferenceImpl */
, implMethodReference = HomeScreenKt::<anonymous>, instantiatedMethodType = &error("") /* ERROR: unsupported element type: IrRawFunctionReferenceImpl */
, extraOverriddenMethodTypes = [], shouldBeSerializable = false)
          })
        }
      }
    }
  }

  @Composable
  @ComposableTarget(applier = "androidx.compose.ui.UiComposable")
  fun TransactionPreviewCard(appVM: AppViewModel, /* var */ $composer: Composer?, $changed: Int) {
    { // BLOCK
      $composer = $composer.startRestartGroup(key = 759628000)
      sourceInformation(composer = $composer, sourceInformation = "C(TransactionPreviewCard)883@31326L40,885@31416L994,879@31175L1235:HomeScreen.kt#cxq2k")
    }
    val $dirty: Int = $changed
    when {
      EQEQ(arg0 = $changed.and(other = 6), arg1 = 0) -> $dirty = $dirty.or(other = when {
        when {
          EQEQ(arg0 = $changed.and(other = 8), arg1 = 0) -> $composer.changed(value = appVM)
          else -> $composer.changedInstance(value = appVM)
        } -> 4
        else -> 2
      })
    }
    when {
      when {
        EQEQ(arg0 = $dirty.and(other = 3), arg1 = 2).not() -> true
        else -> $composer.<get-skipping>().not()
      } -> { // BLOCK
        when {
          isTraceInProgress() -> traceEventStart(key = 759628000, dirty1 = $dirty, dirty2 = -1, info = "com.wnapp.trustmoney.ui.home.TransactionPreviewCard (HomeScreen.kt:876)")
        }
        val transactions: List<TransactionModel> = appVM.<get-transactionList>()
        { // BLOCK
          val tmp0_modifier: Modifier = Companion.fillMaxWidth().padding(horizontal = 16.<get-dp>(), vertical = 4.<get-dp>())
          val tmp1_colors: CardColors = CardDefaults.cardColors(containerColor = Companion.<get-White>(), contentColor = // COMPOSITE {
          <unsafe-coerce><Long, Color>(v = 0L)
          // }, disabledContainerColor = // COMPOSITE {
          <unsafe-coerce><Long, Color>(v = 0L)
          // }, disabledContentColor = // COMPOSITE {
          <unsafe-coerce><Long, Color>(v = 0L)
          // }, $composer = $composer, $changed = 6.or(other = #$stable.shl(bitCount = 12)), $default = 14)
          val tmp2_shape: RoundedCornerShape = RoundedCornerShape(size = 12.<get-dp>())
          Card(modifier = tmp0_modifier, shape = tmp2_shape, colors = tmp1_colors, elevation = // COMPOSITE {
          null
          // }, border = // COMPOSITE {
          null
          // }, content = rememberComposableLambda(key = 1235568942, tracked = true, block = { // BLOCK
            local class <no name provided> : Function3<ColumnScope, Composer, Int, Unit> {
              constructor() /* primary */ {
                super/*Any*/()
                /* <init>() */

              }

              @Composable
              @ComposableTarget(applier = "androidx.compose.ui.UiComposable")
              override fun invoke($this$Card: ColumnScope, /* var */ $composer: Composer?, $changed: Int) {
                sourceInformation(composer = $composer, sourceInformation = "C:HomeScreen.kt#cxq2k")
                when {
                  when {
                    EQEQ(arg0 = $changed.and(other = 17), arg1 = 16).not() -> true
                    else -> $composer.<get-skipping>().not()
                  } -> { // BLOCK
                    when {
                      isTraceInProgress() -> traceEventStart(key = 1235568942, dirty1 = $changed, dirty2 = -1, info = "com.wnapp.trustmoney.ui.home.TransactionPreviewCard.<anonymous> (HomeScreen.kt:886)")
                    }
                    when {
                      transactions.isNotEmpty<TransactionModel>() -> { // BLOCK
                        { // BLOCK
                          $composer.startReplaceGroup(key = -1341517837)
                          sourceInformation(composer = $composer, sourceInformation = "887@31471L500")
                        }
                        { // BLOCK
                          Column(modifier = // COMPOSITE {
                          null
                          // }, verticalArrangement = // COMPOSITE {
                          null
                          // }, horizontalAlignment = // COMPOSITE {
                          null
                          // }, content = { // BLOCK
                            @Composable
                            @ComposableTarget(applier = "androidx.compose.ui.UiComposable")
                            local fun ColumnScope.<anonymous>(/* var */ $composer: Composer?, $changed: Int) {
                              { // BLOCK
                                sourceInformationMarkerStart(composer = $composer, key = 1852348884, sourceInformation = "C:HomeScreen.kt#cxq2k")
                                // COMPOSITE {
                                { // BLOCK
                                  // COMPOSITE {
                                  { // BLOCK
                                    $composer.startReplaceGroup(key = 1445226914)
                                    sourceInformation(composer = $composer, sourceInformation = "*889@31554L35")
                                  }
                                  // }
                                  transactions.forEach<TransactionModel>(action = { // BLOCK
                                    local fun <anonymous>(transaction: TransactionModel) {
                                      TransactionPreviewItem(transaction = transaction, $composer = $composer, $changed = 0)
                                      { // BLOCK
                                        // COMPOSITE {
                                        { // BLOCK
                                          $composer.startReplaceGroup(key = 1445230058)
                                          sourceInformation(composer = $composer, sourceInformation = "892@31677L240")
                                        }
                                        // }
                                        when {
                                          EQEQ(arg0 = transaction, arg1 = transactions.last<TransactionModel>()).not() -> { // BLOCK
                                            HorizontalDivider(modifier = Companion.padding(horizontal = 16.<get-dp>()), thickness = 0.5.<get-dp>(), color = Companion.<get-LightGray>().copy(alpha = 0.5F), $composer = $composer, $changed = 438, $default = 0)
                                          }
                                        }
                                        // COMPOSITE {
                                        $composer.endReplaceGroup()
                                        // }
                                      }
                                    }

                                    <no name provided>::<anonymous>
                                  })
                                  // COMPOSITE {
                                  $composer.endReplaceGroup()
                                  // }
                                }
                                // }
                                sourceInformationMarkerEnd(composer = $composer)
                              }
                            }

                            <no name provided>::<anonymous>
                          }, $composer = $composer, $changed = 0, $default = 7)
                        }
                        $composer.endReplaceGroup()
                      }
                      else -> { // BLOCK
                        { // BLOCK
                          $composer.startReplaceGroup(key = -1340995394)
                          sourceInformation(composer = $composer, sourceInformation = "901@32001L393")
                        }
                        { // BLOCK
                          Row(modifier = Companion.fillMaxWidth().padding(all = 16.<get-dp>()), horizontalArrangement = Arrangement.<get-Center>(), verticalAlignment = // COMPOSITE {
                          null
                          // }, content = { // BLOCK
                            @Composable
                            @ComposableTarget(applier = "androidx.compose.ui.UiComposable")
                            local fun RowScope.<anonymous>(/* var */ $composer: Composer?, $changed: Int) {
                              { // BLOCK
                                sourceInformationMarkerStart(composer = $composer, key = 1853044307, sourceInformation = "C908@32239L45,907@32206L174:HomeScreen.kt#cxq2k")
                                // COMPOSITE {
                                Text(text = stringResource(id = super<string>.#no_transactions, $composer = $composer, $changed = 0), modifier = // COMPOSITE {
                                null
                                // }, color = Companion.<get-Gray>(), fontSize = 14.<get-sp>(), fontStyle = // COMPOSITE {
                                null
                                // }, fontWeight = // COMPOSITE {
                                null
                                // }, fontFamily = // COMPOSITE {
                                null
                                // }, letterSpacing = // COMPOSITE {
                                <unsafe-coerce><Long, TextUnit>(v = 0L)
                                // }, textDecoration = // COMPOSITE {
                                null
                                // }, textAlign = // COMPOSITE {
                                null
                                // }, lineHeight = // COMPOSITE {
                                <unsafe-coerce><Long, TextUnit>(v = 0L)
                                // }, overflow = // COMPOSITE {
                                <unsafe-coerce><Int, TextOverflow>(v = 0)
                                // }, softWrap = // COMPOSITE {
                                false
                                // }, maxLines = // COMPOSITE {
                                0
                                // }, minLines = // COMPOSITE {
                                0
                                // }, onTextLayout = // COMPOSITE {
                                null
                                // }, style = // COMPOSITE {
                                null
                                // }, $composer = $composer, $changed = 3456, $changed1 = 0, $default = 131058)
                                // }
                                sourceInformationMarkerEnd(composer = $composer)
                              }
                            }

                            <no name provided>::<anonymous>
                          }, $composer = $composer, $changed = 54, $default = 4)
                        }
                        $composer.endReplaceGroup()
                      }
                    }
                    when {
                      isTraceInProgress() -> traceEventEnd()
                    }
                  }
                  else -> $composer.skipToGroupEnd()
                }
              }

            }

            <no name provided>()
          }, $composer = $composer, $changed = 54), $composer = $composer, $changed = 196614, $default = 24)
        }
        when {
          isTraceInProgress() -> traceEventEnd()
        }
      }
      else -> $composer.skipToGroupEnd()
    }
    { // BLOCK
      { // BLOCK
        val tmp0_safe_receiver: ScopeUpdateScope? = $composer.endRestartGroup()
        when {
          EQEQ(arg0 = tmp0_safe_receiver, arg1 = null) -> null
          else -> tmp0_safe_receiver.updateScope(block = { // BLOCK
            local fun <anonymous>($composer: Composer?, $force: Int): Unit? {
              return TransactionPreviewCard(appVM = appVM, $composer = $composer, $changed = updateChangedFlags(flags = $changed.or(other = 1)))
            }

            <jvm-indy-lambda-metafactory><Function2<Composer?, Int, Unit>>(samMethodType = &error("") /* ERROR: unsupported element type: IrRawFunctionReferenceImpl */
, implMethodReference = HomeScreenKt::<anonymous>, instantiatedMethodType = &error("") /* ERROR: unsupported element type: IrRawFunctionReferenceImpl */
, extraOverriddenMethodTypes = [], shouldBeSerializable = false)
          })
        }
      }
    }
  }

  @Composable
  @ComposableTarget(applier = "androidx.compose.ui.UiComposable")
  fun TransactionPreviewItem(transaction: TransactionModel, /* var */ $composer: Composer?, $changed: Int) {
    { // BLOCK
      $composer = $composer.startRestartGroup(key = 174363035)
      sourceInformation(composer = $composer, sourceInformation = "C(TransactionPreviewItem)918@32489L709:HomeScreen.kt#cxq2k")
    }
    val $dirty: Int = $changed
    when {
      EQEQ(arg0 = $changed.and(other = 6), arg1 = 0) -> $dirty = $dirty.or(other = when {
        $composer.changed(value = transaction) -> 4
        else -> 2
      })
    }
    when {
      when {
        EQEQ(arg0 = $dirty.and(other = 3), arg1 = 2).not() -> true
        else -> $composer.<get-skipping>().not()
      } -> { // BLOCK
        when {
          isTraceInProgress() -> traceEventStart(key = 174363035, dirty1 = $dirty, dirty2 = -1, info = "com.wnapp.trustmoney.ui.home.TransactionPreviewItem (HomeScreen.kt:917)")
        }
        Row(modifier = Companion.padding(all = 16.<get-dp>()), horizontalArrangement = // COMPOSITE {
        null
        // }, verticalAlignment = Companion.<get-CenterVertically>(), content = { // BLOCK
          @Composable
          @ComposableTarget(applier = "androidx.compose.ui.UiComposable")
          local fun RowScope.<anonymous>(/* var */ $composer: Composer?, $changed: Int) {
            { // BLOCK
              sourceInformationMarkerStart(composer = $composer, key = -294793696, sourceInformation = "C919@32587L204,922@32800L40,923@32849L230,927@33088L104:HomeScreen.kt#cxq2k")
              // COMPOSITE {
              { // BLOCK
                val tmp0_shape: RoundedCornerShape = <get-CircleShape>()
                val tmp1_color: Color = Color(color = 4293980400L)
                val tmp2_modifier: Modifier = Companion.size(size = 45.<get-dp>())
                Surface(modifier = tmp2_modifier, shape = tmp0_shape, color = tmp1_color, contentColor = // COMPOSITE {
                <unsafe-coerce><Long, Color>(v = 0L)
                // }, tonalElevation = // COMPOSITE {
                <unsafe-coerce><Float, Dp>(v = 0.0F)
                // }, shadowElevation = // COMPOSITE {
                <unsafe-coerce><Float, Dp>(v = 0.0F)
                // }, border = // COMPOSITE {
                null
                // }, content = ComposableSingletons$HomeScreenKt.<get-lambda-2>(), $composer = $composer, $changed = 12583302, $default = 120)
              }
              Spacer(modifier = Companion.width(width = 15.<get-dp>()), $composer = $composer, $changed = 6)
              Column(modifier = ($this$Row, Companion).weight(weight = 1.0F), verticalArrangement = // COMPOSITE {
              null
              // }, horizontalAlignment = // COMPOSITE {
              null
              // }, content = { // BLOCK
                @Composable
                @ComposableTarget(applier = "androidx.compose.ui.UiComposable")
                local fun ColumnScope.<anonymous>(/* var */ $composer: Composer?, $changed: Int) {
                  { // BLOCK
                    sourceInformationMarkerStart(composer = $composer, key = 1460524183, sourceInformation = "C925@33004L65:HomeScreen.kt#cxq2k")
                    // COMPOSITE {
                    { // BLOCK
                      val tmp0_safe_receiver: String? = transaction.<get-description>()
                      { // BLOCK
                        // COMPOSITE {
                        { // BLOCK
                          $composer.startReplaceGroup(key = 878398373)
                          sourceInformation(composer = $composer, sourceInformation = "*924@32933L56")
                        }
                        // }
                        val tmp0_group: Unit? = when {
                          EQEQ(arg0 = tmp0_safe_receiver, arg1 = null) -> null
                          else -> { // BLOCK
                            // COMPOSITE {
                            // }
                            tmp0_safe_receiver.let<String, Unit>(block = { // BLOCK
                              local fun <anonymous>(it: String) {
                                { // BLOCK
                                  val tmp0_fontWeight: FontWeight = Companion.<get-Bold>()
                                  val tmp1_fontSize: TextUnit = 14.<get-sp>()
                                  Text(text = it, modifier = // COMPOSITE {
                                  null
                                  // }, color = // COMPOSITE {
                                  <unsafe-coerce><Long, Color>(v = 0L)
                                  // }, fontSize = tmp1_fontSize, fontStyle = // COMPOSITE {
                                  null
                                  // }, fontWeight = tmp0_fontWeight, fontFamily = // COMPOSITE {
                                  null
                                  // }, letterSpacing = // COMPOSITE {
                                  <unsafe-coerce><Long, TextUnit>(v = 0L)
                                  // }, textDecoration = // COMPOSITE {
                                  null
                                  // }, textAlign = // COMPOSITE {
                                  null
                                  // }, lineHeight = // COMPOSITE {
                                  <unsafe-coerce><Long, TextUnit>(v = 0L)
                                  // }, overflow = // COMPOSITE {
                                  <unsafe-coerce><Int, TextOverflow>(v = 0)
                                  // }, softWrap = // COMPOSITE {
                                  false
                                  // }, maxLines = // COMPOSITE {
                                  0
                                  // }, minLines = // COMPOSITE {
                                  0
                                  // }, onTextLayout = // COMPOSITE {
                                  null
                                  // }, style = // COMPOSITE {
                                  null
                                  // }, $composer = $composer, $changed = 199680, $changed1 = 0, $default = 131030)
                                }
                              }

                              HomeScreenKt::<anonymous>
                            })
                            // COMPOSITE {
                            // }
                          }
                        }
                        // COMPOSITE {
                        $composer.endReplaceGroup()
                        // }
                        tmp0_group
                      }
                    } /*~> Unit */
                    Text(text = transaction.<get-createdAt>(), modifier = // COMPOSITE {
                    null
                    // }, color = Companion.<get-Gray>(), fontSize = 11.<get-sp>(), fontStyle = // COMPOSITE {
                    null
                    // }, fontWeight = // COMPOSITE {
                    null
                    // }, fontFamily = // COMPOSITE {
                    null
                    // }, letterSpacing = // COMPOSITE {
                    <unsafe-coerce><Long, TextUnit>(v = 0L)
                    // }, textDecoration = // COMPOSITE {
                    null
                    // }, textAlign = // COMPOSITE {
                    null
                    // }, lineHeight = // COMPOSITE {
                    <unsafe-coerce><Long, TextUnit>(v = 0L)
                    // }, overflow = // COMPOSITE {
                    <unsafe-coerce><Int, TextOverflow>(v = 0)
                    // }, softWrap = // COMPOSITE {
                    false
                    // }, maxLines = // COMPOSITE {
                    0
                    // }, minLines = // COMPOSITE {
                    0
                    // }, onTextLayout = // COMPOSITE {
                    null
                    // }, style = // COMPOSITE {
                    null
                    // }, $composer = $composer, $changed = 3456, $changed1 = 0, $default = 131058)
                    // }
                    sourceInformationMarkerEnd(composer = $composer)
                  }
                }

                HomeScreenKt::<anonymous>
              }, $composer = $composer, $changed = 0, $default = 6)
              { // BLOCK
                val tmp3_text: String = transaction.<get-amount>().toString()
                val tmp4_fontSize: TextUnit = 14.<get-sp>()
                val tmp5_fontWeight: FontWeight = Companion.<get-Bold>()
                val tmp6_color: Color = Companion.<get-Black>()
                Text(text = tmp3_text, modifier = // COMPOSITE {
                null
                // }, color = tmp6_color, fontSize = tmp4_fontSize, fontStyle = // COMPOSITE {
                null
                // }, fontWeight = tmp5_fontWeight, fontFamily = // COMPOSITE {
                null
                // }, letterSpacing = // COMPOSITE {
                <unsafe-coerce><Long, TextUnit>(v = 0L)
                // }, textDecoration = // COMPOSITE {
                null
                // }, textAlign = // COMPOSITE {
                null
                // }, lineHeight = // COMPOSITE {
                <unsafe-coerce><Long, TextUnit>(v = 0L)
                // }, overflow = // COMPOSITE {
                <unsafe-coerce><Int, TextOverflow>(v = 0)
                // }, softWrap = // COMPOSITE {
                false
                // }, maxLines = // COMPOSITE {
                0
                // }, minLines = // COMPOSITE {
                0
                // }, onTextLayout = // COMPOSITE {
                null
                // }, style = // COMPOSITE {
                null
                // }, $composer = $composer, $changed = 200064, $changed1 = 0, $default = 131026)
              }
              // }
              sourceInformationMarkerEnd(composer = $composer)
            }
          }

          HomeScreenKt::<anonymous>
        }, $composer = $composer, $changed = 390, $default = 2)
        when {
          isTraceInProgress() -> traceEventEnd()
        }
      }
      else -> $composer.skipToGroupEnd()
    }
    { // BLOCK
      { // BLOCK
        val tmp0_safe_receiver: ScopeUpdateScope? = $composer.endRestartGroup()
        when {
          EQEQ(arg0 = tmp0_safe_receiver, arg1 = null) -> null
          else -> tmp0_safe_receiver.updateScope(block = { // BLOCK
            local fun <anonymous>($composer: Composer?, $force: Int): Unit? {
              return TransactionPreviewItem(transaction = transaction, $composer = $composer, $changed = updateChangedFlags(flags = $changed.or(other = 1)))
            }

            <jvm-indy-lambda-metafactory><Function2<Composer?, Int, Unit>>(samMethodType = &error("") /* ERROR: unsupported element type: IrRawFunctionReferenceImpl */
, implMethodReference = HomeScreenKt::<anonymous>, instantiatedMethodType = &error("") /* ERROR: unsupported element type: IrRawFunctionReferenceImpl */
, extraOverriddenMethodTypes = [], shouldBeSerializable = false)
          })
        }
      }
    }
  }

  @Composable
  @ComposableTarget(applier = "androidx.compose.ui.UiComposable")
  fun CategoryTabItem(data: CategoryItemData, isSelected: Boolean, onClick: Function0<Unit>, /* var */ $composer: Composer?, $changed: Int) {
    { // BLOCK
      $composer = $composer.startRestartGroup(key = -1054444236)
      sourceInformation(composer = $composer, sourceInformation = "C(CategoryTabItem)932@33426L13,932@33305L672:HomeScreen.kt#cxq2k")
    }
    val $dirty: Int = $changed
    when {
      EQEQ(arg0 = $changed.and(other = 6), arg1 = 0) -> $dirty = $dirty.or(other = when {
        $composer.changed(value = data) -> 4
        else -> 2
      })
    }
    when {
      EQEQ(arg0 = $changed.and(other = 48), arg1 = 0) -> $dirty = $dirty.or(other = when {
        $composer.changed(value = isSelected) -> 32
        else -> 16
      })
    }
    when {
      EQEQ(arg0 = $changed.and(other = 384), arg1 = 0) -> $dirty = $dirty.or(other = when {
        $composer.changedInstance(value = onClick) -> 256
        else -> 128
      })
    }
    when {
      when {
        EQEQ(arg0 = $dirty.and(other = 147), arg1 = 146).not() -> true
        else -> $composer.<get-skipping>().not()
      } -> { // BLOCK
        when {
          isTraceInProgress() -> traceEventStart(key = -1054444236, dirty1 = $dirty, dirty2 = -1, info = "com.wnapp.trustmoney.ui.home.CategoryTabItem (HomeScreen.kt:931)")
        }
        { // BLOCK
          val tmp0_horizontalAlignment: Horizontal = Companion.<get-CenterHorizontally>()
          val tmp1_modifier: Modifier = Companion.clip(shape = RoundedCornerShape(size = 12.<get-dp>())).clickable(, onClick = { // BLOCK
            { // BLOCK
              $composer.startReplaceGroup(key = 2006206317)
              sourceInformation(composer = $composer, sourceInformation = "CC(remember):HomeScreen.kt#9igjgp")
            }
            val tmp0_group: Function0<Unit> = $composer.cache<Function0<Unit>>(invalid = EQEQ(arg0 = $dirty.and(other = 896), arg1 = 256), block = { // BLOCK
              local fun <anonymous>(): Function0<Unit> {
                return { // BLOCK
                  local fun <anonymous>(): Unit? {
                    onClick.invoke()
                  }

                  <jvm-indy-lambda-metafactory><Function0<Unit>>(samMethodType = &error("") /* ERROR: unsupported element type: IrRawFunctionReferenceImpl */
, implMethodReference = HomeScreenKt::<anonymous>, instantiatedMethodType = &error("") /* ERROR: unsupported element type: IrRawFunctionReferenceImpl */
, extraOverriddenMethodTypes = [], shouldBeSerializable = false)
                }
              }

              HomeScreenKt::<anonymous>
            })
            $composer.endReplaceGroup()
            tmp0_group
          }).padding(all = 4.<get-dp>())
          Column(modifier = tmp1_modifier, verticalArrangement = // COMPOSITE {
          null
          // }, horizontalAlignment = tmp0_horizontalAlignment, content = { // BLOCK
            @Composable
            @ComposableTarget(applier = "androidx.compose.ui.UiComposable")
            local fun ColumnScope.<anonymous>(/* var */ $composer: Composer?, $changed: Int) {
              { // BLOCK
                sourceInformationMarkerStart(composer = $composer, key = -331012374, sourceInformation = "C933@33465L289,936@33763L40,937@33812L159:HomeScreen.kt#cxq2k")
                // COMPOSITE {
                Box(modifier = Companion.size(size = 50.<get-dp>()).background(color = when {
                  isSelected -> <get-BrandGreen>().copy(alpha = 0.1F)
                  else -> Color(color = 4294506744L)
                }, shape = <get-CircleShape>()), contentAlignment = Companion.<get-Center>(), propagateMinConstraints = // COMPOSITE {
                false
                // }, content = { // BLOCK
                  @Composable
                  @ComposableTarget(applier = "androidx.compose.ui.UiComposable")
                  local fun BoxScope.<anonymous>(/* var */ $composer: Composer?, $changed: Int) {
                    { // BLOCK
                      sourceInformationMarkerStart(composer = $composer, key = 195329276, sourceInformation = "C934@33639L105:HomeScreen.kt#cxq2k")
                      // COMPOSITE {
                      { // BLOCK
                        val tmp0_imageVector: ImageVector = data.<get-icon>()
                        val tmp1_tint: Color = when {
                          isSelected -> <get-BrandGreen>()
                          else -> Companion.<get-Gray>()
                        }
                        val tmp2_modifier: Modifier = Companion.size(size = 26.<get-dp>())
                        Icon(imageVector = tmp0_imageVector, contentDescription = null, modifier = tmp2_modifier, tint = tmp1_tint, $composer = $composer, $changed = 432, $default = 0)
                      }
                      // }
                      sourceInformationMarkerEnd(composer = $composer)
                    }
                  }

                  HomeScreenKt::<anonymous>
                }, $composer = $composer, $changed = 48, $default = 4)
                Spacer(modifier = Companion.height(height = 6.<get-dp>()), $composer = $composer, $changed = 6)
                { // BLOCK
                  val tmp0_text: String = data.<get-label>()
                  val tmp1_fontSize: TextUnit = 11.<get-sp>()
                  val tmp2_fontWeight: FontWeight = when {
                    isSelected -> Companion.<get-Bold>()
                    else -> Companion.<get-Normal>()
                  }
                  val tmp3_color: Color = when {
                    isSelected -> <get-BrandGreen>()
                    else -> Companion.<get-DarkGray>()
                  }
                  Text(text = tmp0_text, modifier = // COMPOSITE {
                  null
                  // }, color = tmp3_color, fontSize = tmp1_fontSize, fontStyle = // COMPOSITE {
                  null
                  // }, fontWeight = tmp2_fontWeight, fontFamily = // COMPOSITE {
                  null
                  // }, letterSpacing = // COMPOSITE {
                  <unsafe-coerce><Long, TextUnit>(v = 0L)
                  // }, textDecoration = // COMPOSITE {
                  null
                  // }, textAlign = // COMPOSITE {
                  null
                  // }, lineHeight = // COMPOSITE {
                  <unsafe-coerce><Long, TextUnit>(v = 0L)
                  // }, overflow = // COMPOSITE {
                  <unsafe-coerce><Int, TextOverflow>(v = 0)
                  // }, softWrap = // COMPOSITE {
                  false
                  // }, maxLines = // COMPOSITE {
                  0
                  // }, minLines = // COMPOSITE {
                  0
                  // }, onTextLayout = // COMPOSITE {
                  null
                  // }, style = // COMPOSITE {
                  null
                  // }, $composer = $composer, $changed = 3072, $changed1 = 0, $default = 131026)
                }
                // }
                sourceInformationMarkerEnd(composer = $composer)
              }
            }

            HomeScreenKt::<anonymous>
          }, $composer = $composer, $changed = 384, $default = 2)
        }
        when {
          isTraceInProgress() -> traceEventEnd()
        }
      }
      else -> $composer.skipToGroupEnd()
    }
    { // BLOCK
      { // BLOCK
        val tmp1_safe_receiver: ScopeUpdateScope? = $composer.endRestartGroup()
        when {
          EQEQ(arg0 = tmp1_safe_receiver, arg1 = null) -> null
          else -> tmp1_safe_receiver.updateScope(block = { // BLOCK
            local fun <anonymous>($composer: Composer?, $force: Int): Unit? {
              return CategoryTabItem(data = data, isSelected = isSelected, onClick = onClick, $composer = $composer, $changed = updateChangedFlags(flags = $changed.or(other = 1)))
            }

            <jvm-indy-lambda-metafactory><Function2<Composer?, Int, Unit>>(samMethodType = &error("") /* ERROR: unsupported element type: IrRawFunctionReferenceImpl */
, implMethodReference = HomeScreenKt::<anonymous>, instantiatedMethodType = &error("") /* ERROR: unsupported element type: IrRawFunctionReferenceImpl */
, extraOverriddenMethodTypes = [], shouldBeSerializable = false)
          })
        }
      }
    }
  }

  @OptIn(markerClass = [ExperimentalMaterial3Api::class])
  @Composable
  @ComposableTarget(applier = "androidx.compose.ui.UiComposable")
  fun HomeTopBar(onMenuClick: Function0<Unit>, onSearch: Function0<Unit>, onNotification: Function0<Unit>, onLogout: Function0<Unit>, /* var */ $composer: Composer?, $changed: Int) {
    { // BLOCK
      $composer = $composer.startRestartGroup(key = 368895876)
      sourceInformation(composer = $composer, sourceInformation = "C(HomeTopBar)P(1,3,2)946@34363L92,947@34475L240,951@34752L57,944@34173L642:HomeScreen.kt#cxq2k")
    }
    val $dirty: Int = $changed
    when {
      EQEQ(arg0 = $changed.and(other = 6), arg1 = 0) -> $dirty = $dirty.or(other = when {
        $composer.changedInstance(value = onMenuClick) -> 4
        else -> 2
      })
    }
    when {
      EQEQ(arg0 = $changed.and(other = 384), arg1 = 0) -> $dirty = $dirty.or(other = when {
        $composer.changedInstance(value = onNotification) -> 256
        else -> 128
      })
    }
    when {
      EQEQ(arg0 = $changed.and(other = 3072), arg1 = 0) -> $dirty = $dirty.or(other = when {
        $composer.changedInstance(value = onLogout) -> 2048
        else -> 1024
      })
    }
    when {
      when {
        EQEQ(arg0 = $dirty.and(other = 1155), arg1 = 1154).not() -> true
        else -> $composer.<get-skipping>().not()
      } -> { // BLOCK
        when {
          isTraceInProgress() -> traceEventStart(key = 368895876, dirty1 = $dirty, dirty2 = -1, info = "com.wnapp.trustmoney.ui.home.HomeTopBar (HomeScreen.kt:943)")
        }
        CenterAlignedTopAppBar(title = ComposableSingletons$HomeScreenKt.<get-lambda-3>(), modifier = // COMPOSITE {
        null
        // }, navigationIcon = rememberComposableLambda(key = 667331947, tracked = true, block = { // BLOCK
          local class <no name provided> : Function2<Composer, Int, Unit> {
            constructor() /* primary */ {
              super/*Any*/()
              /* <init>() */

            }

            @Composable
            @ComposableTarget(applier = "androidx.compose.ui.UiComposable")
            override fun invoke(/* var */ $composer: Composer?, $changed: Int) {
              sourceInformation(composer = $composer, sourceInformation = "C946@34365L88:HomeScreen.kt#cxq2k")
              when {
                when {
                  EQEQ(arg0 = $changed.and(other = 3), arg1 = 2).not() -> true
                  else -> $composer.<get-skipping>().not()
                } -> { // BLOCK
                  when {
                    isTraceInProgress() -> traceEventStart(key = 667331947, dirty1 = $changed, dirty2 = -1, info = "com.wnapp.trustmoney.ui.home.HomeTopBar.<anonymous> (HomeScreen.kt:946)")
                  }
                  IconButton(onClick = onMenuClick, modifier = // COMPOSITE {
                  null
                  // }, enabled = // COMPOSITE {
                  false
                  // }, colors = // COMPOSITE {
                  null
                  // }, interactionSource = // COMPOSITE {
                  null
                  // }, content = ComposableSingletons$HomeScreenKt.<get-lambda-4>(), $composer = $composer, $changed = 196608, $default = 30)
                  when {
                    isTraceInProgress() -> traceEventEnd()
                  }
                }
                else -> $composer.skipToGroupEnd()
              }
            }

          }

          <no name provided>()
        }, $composer = $composer, $changed = 54), actions = rememberComposableLambda(key = 773464980, tracked = true, block = { // BLOCK
          local class <no name provided> : Function3<RowScope, Composer, Int, Unit> {
            constructor() /* primary */ {
              super/*Any*/()
              /* <init>() */

            }

            @Composable
            @ComposableTarget(applier = "androidx.compose.ui.UiComposable")
            override fun invoke($this$CenterAlignedTopAppBar: RowScope, /* var */ $composer: Composer?, $changed: Int) {
              sourceInformation(composer = $composer, sourceInformation = "C948@34489L104,949@34606L99:HomeScreen.kt#cxq2k")
              when {
                when {
                  EQEQ(arg0 = $changed.and(other = 17), arg1 = 16).not() -> true
                  else -> $composer.<get-skipping>().not()
                } -> { // BLOCK
                  when {
                    isTraceInProgress() -> traceEventStart(key = 773464980, dirty1 = $changed, dirty2 = -1, info = "com.wnapp.trustmoney.ui.home.HomeTopBar.<anonymous> (HomeScreen.kt:948)")
                  }
                  IconButton(onClick = onNotification, modifier = // COMPOSITE {
                  null
                  // }, enabled = // COMPOSITE {
                  false
                  // }, colors = // COMPOSITE {
                  null
                  // }, interactionSource = // COMPOSITE {
                  null
                  // }, content = ComposableSingletons$HomeScreenKt.<get-lambda-5>(), $composer = $composer, $changed = 196608, $default = 30)
                  IconButton(onClick = onLogout, modifier = // COMPOSITE {
                  null
                  // }, enabled = // COMPOSITE {
                  false
                  // }, colors = // COMPOSITE {
                  null
                  // }, interactionSource = // COMPOSITE {
                  null
                  // }, content = ComposableSingletons$HomeScreenKt.<get-lambda-6>(), $composer = $composer, $changed = 196608, $default = 30)
                  when {
                    isTraceInProgress() -> traceEventEnd()
                  }
                }
                else -> $composer.skipToGroupEnd()
              }
            }

          }

          <no name provided>()
        }, $composer = $composer, $changed = 54), expandedHeight = // COMPOSITE {
        <unsafe-coerce><Float, Dp>(v = 0.0F)
        // }, windowInsets = // COMPOSITE {
        null
        // }, colors = TopAppBarDefaults.centerAlignedTopAppBarColors(containerColor = <get-BrandGreen>(), scrolledContainerColor = // COMPOSITE {
        <unsafe-coerce><Long, Color>(v = 0L)
        // }, navigationIconContentColor = // COMPOSITE {
        <unsafe-coerce><Long, Color>(v = 0L)
        // }, titleContentColor = // COMPOSITE {
        <unsafe-coerce><Long, Color>(v = 0L)
        // }, actionIconContentColor = // COMPOSITE {
        <unsafe-coerce><Long, Color>(v = 0L)
        // }, $composer = $composer, $changed = #$stable.shl(bitCount = 15), $default = 30), scrollBehavior = // COMPOSITE {
        null
        // }, $composer = $composer, $changed = 3462, $default = 178)
        when {
          isTraceInProgress() -> traceEventEnd()
        }
      }
      else -> $composer.skipToGroupEnd()
    }
    { // BLOCK
      { // BLOCK
        val tmp0_safe_receiver: ScopeUpdateScope? = $composer.endRestartGroup()
        when {
          EQEQ(arg0 = tmp0_safe_receiver, arg1 = null) -> null
          else -> tmp0_safe_receiver.updateScope(block = { // BLOCK
            local fun <anonymous>($composer: Composer?, $force: Int): Unit? {
              return HomeTopBar(onMenuClick = onMenuClick, onSearch = onSearch, onNotification = onNotification, onLogout = onLogout, $composer = $composer, $changed = updateChangedFlags(flags = $changed.or(other = 1)))
            }

            <jvm-indy-lambda-metafactory><Function2<Composer?, Int, Unit>>(samMethodType = &error("") /* ERROR: unsupported element type: IrRawFunctionReferenceImpl */
, implMethodReference = HomeScreenKt::<anonymous>, instantiatedMethodType = &error("") /* ERROR: unsupported element type: IrRawFunctionReferenceImpl */
, extraOverriddenMethodTypes = [], shouldBeSerializable = false)
          })
        }
      }
    }
  }

  @Composable
  @ComposableTarget(applier = "androidx.compose.ui.UiComposable")
  fun OverviewHeader(title: String, /* var */ $composer: Composer?, $changed: Int) {
    { // BLOCK
      $composer = $composer.startRestartGroup(key = -1293043426)
      sourceInformation(composer = $composer, sourceInformation = "C(OverviewHeader)959@34898L439:HomeScreen.kt#cxq2k")
    }
    val $dirty: Int = $changed
    when {
      EQEQ(arg0 = $changed.and(other = 6), arg1 = 0) -> $dirty = $dirty.or(other = when {
        $composer.changed(value = title) -> 4
        else -> 2
      })
    }
    when {
      when {
        EQEQ(arg0 = $dirty.and(other = 3), arg1 = 2).not() -> true
        else -> $composer.<get-skipping>().not()
      } -> { // BLOCK
        when {
          isTraceInProgress() -> traceEventStart(key = -1293043426, dirty1 = $dirty, dirty2 = -1, info = "com.wnapp.trustmoney.ui.home.OverviewHeader (HomeScreen.kt:958)")
        }
        Row(modifier = Companion.fillMaxWidth().padding(horizontal = 20.<get-dp>(), vertical = 8.<get-dp>()), horizontalArrangement = Arrangement.<get-SpaceBetween>(), verticalAlignment = Companion.<get-CenterVertically>(), content = { // BLOCK
          @Composable
          @ComposableTarget(applier = "androidx.compose.ui.UiComposable")
          local fun RowScope.<anonymous>(/* var */ $composer: Composer?, $changed: Int) {
            { // BLOCK
              sourceInformationMarkerStart(composer = $composer, key = -1183557724, sourceInformation = "C960@35091L83,961@35188L37,961@35327L3,961@35183L148:HomeScreen.kt#cxq2k")
              // COMPOSITE {
              { // BLOCK
                val tmp0_fontWeight: FontWeight = Companion.<get-Bold>()
                val tmp1_color: Color = Companion.<get-DarkGray>()
                val tmp2_fontSize: TextUnit = 16.<get-sp>()
                Text(text = title, modifier = // COMPOSITE {
                null
                // }, color = tmp1_color, fontSize = tmp2_fontSize, fontStyle = // COMPOSITE {
                null
                // }, fontWeight = tmp0_fontWeight, fontFamily = // COMPOSITE {
                null
                // }, letterSpacing = // COMPOSITE {
                <unsafe-coerce><Long, TextUnit>(v = 0L)
                // }, textDecoration = // COMPOSITE {
                null
                // }, textAlign = // COMPOSITE {
                null
                // }, lineHeight = // COMPOSITE {
                <unsafe-coerce><Long, TextUnit>(v = 0L)
                // }, overflow = // COMPOSITE {
                <unsafe-coerce><Int, TextOverflow>(v = 0)
                // }, softWrap = // COMPOSITE {
                false
                // }, maxLines = // COMPOSITE {
                0
                // }, minLines = // COMPOSITE {
                0
                // }, onTextLayout = // COMPOSITE {
                null
                // }, style = // COMPOSITE {
                null
                // }, $composer = $composer, $changed = 200064.or(other = 14.and(other = $dirty)), $changed1 = 0, $default = 131026)
              }
              { // BLOCK
                val tmp3_text: String = stringResource(id = super<string>.#see_all, $composer = $composer, $changed = 0)
                val tmp4_color: Color = <get-BrandGreen>()
                val tmp5_fontSize: TextUnit = 12.<get-sp>()
                val tmp6_fontWeight: FontWeight = Companion.<get-Medium>()
                val tmp7_modifier: Modifier = Companion.clickable(, onClick = { // BLOCK
                  { // BLOCK
                    $composer.startReplaceGroup(key = 516017362)
                    sourceInformation(composer = $composer, sourceInformation = "CC(remember):HomeScreen.kt#9igjgp")
                  }
                  val tmp0_group: Function0<Unit> = $composer.cache<Function0<Unit>>(invalid = false, block = { // BLOCK
                    local fun <anonymous>(): Function0<Unit> {
                      return { // BLOCK
                        local fun <anonymous>(): Unit? {
                          return Unit
                        }

                        <jvm-indy-lambda-metafactory><Function0<Unit>>(samMethodType = &error("") /* ERROR: unsupported element type: IrRawFunctionReferenceImpl */
, implMethodReference = HomeScreenKt::<anonymous>, instantiatedMethodType = &error("") /* ERROR: unsupported element type: IrRawFunctionReferenceImpl */
, extraOverriddenMethodTypes = [], shouldBeSerializable = false)
                      }
                    }

                    HomeScreenKt::<anonymous>
                  })
                  $composer.endReplaceGroup()
                  tmp0_group
                })
                Text(text = tmp3_text, modifier = tmp7_modifier, color = tmp4_color, fontSize = tmp5_fontSize, fontStyle = // COMPOSITE {
                null
                // }, fontWeight = tmp6_fontWeight, fontFamily = // COMPOSITE {
                null
                // }, letterSpacing = // COMPOSITE {
                <unsafe-coerce><Long, TextUnit>(v = 0L)
                // }, textDecoration = // COMPOSITE {
                null
                // }, textAlign = // COMPOSITE {
                null
                // }, lineHeight = // COMPOSITE {
                <unsafe-coerce><Long, TextUnit>(v = 0L)
                // }, overflow = // COMPOSITE {
                <unsafe-coerce><Int, TextOverflow>(v = 0)
                // }, softWrap = // COMPOSITE {
                false
                // }, maxLines = // COMPOSITE {
                0
                // }, minLines = // COMPOSITE {
                0
                // }, onTextLayout = // COMPOSITE {
                null
                // }, style = // COMPOSITE {
                null
                // }, $composer = $composer, $changed = 199680, $changed1 = 0, $default = 131024)
              }
              // }
              sourceInformationMarkerEnd(composer = $composer)
            }
          }

          HomeScreenKt::<anonymous>
        }, $composer = $composer, $changed = 438, $default = 0)
        when {
          isTraceInProgress() -> traceEventEnd()
        }
      }
      else -> $composer.skipToGroupEnd()
    }
    { // BLOCK
      { // BLOCK
        val tmp0_safe_receiver: ScopeUpdateScope? = $composer.endRestartGroup()
        when {
          EQEQ(arg0 = tmp0_safe_receiver, arg1 = null) -> null
          else -> tmp0_safe_receiver.updateScope(block = { // BLOCK
            local fun <anonymous>($composer: Composer?, $force: Int): Unit? {
              return OverviewHeader(title = title, $composer = $composer, $changed = updateChangedFlags(flags = $changed.or(other = 1)))
            }

            <jvm-indy-lambda-metafactory><Function2<Composer?, Int, Unit>>(samMethodType = &error("") /* ERROR: unsupported element type: IrRawFunctionReferenceImpl */
, implMethodReference = HomeScreenKt::<anonymous>, instantiatedMethodType = &error("") /* ERROR: unsupported element type: IrRawFunctionReferenceImpl */
, extraOverriddenMethodTypes = [], shouldBeSerializable = false)
          })
        }
      }
    }
  }

  @Composable
  @ComposableTarget(applier = "androidx.compose.ui.UiComposable")
  fun DashboardDrawerContent(navController: NavController, context: Context, onClose: Function0<Unit>, /* var */ $composer: Composer?, $changed: Int) {
    { // BLOCK
      $composer = $composer.startRestartGroup(key = -498472005)
      sourceInformation(composer = $composer, sourceInformation = "C(DashboardDrawerContent)P(1)968@35515L206,976@35815L2691,976@35727L2779:HomeScreen.kt#cxq2k")
    }
    val $dirty: Int = $changed
    when {
      EQEQ(arg0 = $changed.and(other = 6), arg1 = 0) -> $dirty = $dirty.or(other = when {
        $composer.changedInstance(value = navController) -> 4
        else -> 2
      })
    }
    when {
      EQEQ(arg0 = $changed.and(other = 48), arg1 = 0) -> $dirty = $dirty.or(other = when {
        $composer.changedInstance(value = context) -> 32
        else -> 16
      })
    }
    when {
      EQEQ(arg0 = $changed.and(other = 384), arg1 = 0) -> $dirty = $dirty.or(other = when {
        $composer.changedInstance(value = onClose) -> 256
        else -> 128
      })
    }
    when {
      when {
        EQEQ(arg0 = $dirty.and(other = 147), arg1 = 146).not() -> true
        else -> $composer.<get-skipping>().not()
      } -> { // BLOCK
        when {
          isTraceInProgress() -> traceEventStart(key = -498472005, dirty1 = $dirty, dirty2 = -1, info = "com.wnapp.trustmoney.ui.home.DashboardDrawerContent (HomeScreen.kt:967)")
        }
        val profilePictureUri: Uri?
          val profilePictureUri$delegate: MutableState<Uri?> = { // BLOCK
            { // BLOCK
              $composer.startReplaceGroup(key = -1893197748)
              sourceInformation(composer = $composer, sourceInformation = "CC(remember):HomeScreen.kt#9igjgp")
            }
            val tmp0_group: MutableState<Uri?> = $composer.cache<MutableState<Uri?>>(invalid = false, block = { // BLOCK
              local fun <anonymous>(): MutableState<Uri?> {
                return mutableStateOf<Uri?>(value = File(p0 = context.getFilesDir(), p1 = "profile_picture.jpg").let<File, Uri?>(block = { // BLOCK
                  local fun <anonymous>(file: File): Uri? {
                    return when {
                      file.exists() -> fromFile(p0 = file)
                      else -> null
                    }
                  }

                  HomeScreenKt::<anonymous>
                }))
              }

              HomeScreenKt::<anonymous>
            })
            $composer.endReplaceGroup()
            tmp0_group
          }
          local get(): Uri? {
            return profilePictureUri$delegate.getValue<Uri?>(thisObj = null, property = null)
          }

        { // BLOCK
          val tmp0_drawerContainerColor: Color = Companion.<get-White>()
          val tmp1_modifier: Modifier = Companion.width(width = 400.<get-dp>())
          ModalDrawerSheet(modifier = tmp1_modifier, drawerShape = // COMPOSITE {
          null
          // }, drawerContainerColor = tmp0_drawerContainerColor, drawerContentColor = // COMPOSITE {
          <unsafe-coerce><Long, Color>(v = 0L)
          // }, drawerTonalElevation = // COMPOSITE {
          <unsafe-coerce><Float, Dp>(v = 0.0F)
          // }, windowInsets = // COMPOSITE {
          null
          // }, content = rememberComposableLambda(key = -1270309281, tracked = true, block = { // BLOCK
            local class <no name provided> : Function3<ColumnScope, Composer, Int, Unit> {
              constructor() /* primary */ {
                super/*Any*/()
                /* <init>() */

              }

              @Composable
              @ComposableTarget(applier = "androidx.compose.ui.UiComposable")
              override fun invoke($this$ModalDrawerSheet: ColumnScope, /* var */ $composer: Composer?, $changed: Int) {
                sourceInformation(composer = $composer, sourceInformation = "C977@35825L1466,1004@37300L41,1006@37390L46,1006@37438L97,1006@37351L184,1010@37582L39,1010@37623L107,1010@37544L186,1014@37780L37,1014@37819L90,1014@37739L170,1018@37980L97,1018@37918L159,1022@38120L40,1022@38162L91,1022@38086L167,1027@38263L53,1029@38375L36,1029@38413L87,1029@38326L174:HomeScreen.kt#cxq2k")
                val $dirty: Int = $changed
                when {
                  EQEQ(arg0 = $changed.and(other = 6), arg1 = 0) -> $dirty = $dirty.or(other = when {
                    $composer.changed(value = $this$ModalDrawerSheet) -> 4
                    else -> 2
                  })
                }
                when {
                  when {
                    EQEQ(arg0 = $dirty.and(other = 19), arg1 = 18).not() -> true
                    else -> $composer.<get-skipping>().not()
                  } -> { // BLOCK
                    when {
                      isTraceInProgress() -> traceEventStart(key = -1270309281, dirty1 = $dirty, dirty2 = -1, info = "com.wnapp.trustmoney.ui.home.DashboardDrawerContent.<anonymous> (HomeScreen.kt:977)")
                    }
                    Box(modifier = ($this$ModalDrawerSheet, Companion.fillMaxWidth().background(color = <get-BrandGreen>()).padding(all = 30.<get-dp>())).align(alignment = Companion.<get-CenterHorizontally>()), contentAlignment = // COMPOSITE {
                    null
                    // }, propagateMinConstraints = // COMPOSITE {
                    false
                    // }, content = { // BLOCK
                      @Composable
                      @ComposableTarget(applier = "androidx.compose.ui.UiComposable")
                      local fun BoxScope.<anonymous>(/* var */ $composer: Composer?, $changed: Int) {
                        { // BLOCK
                          sourceInformationMarkerStart(composer = $composer, key = -1918028893, sourceInformation = "C978@35965L1316:HomeScreen.kt#cxq2k")
                          // COMPOSITE {
                          Column(modifier = // COMPOSITE {
                          null
                          // }, verticalArrangement = // COMPOSITE {
                          null
                          // }, horizontalAlignment = // COMPOSITE {
                          null
                          // }, content = { // BLOCK
                            @Composable
                            @ComposableTarget(applier = "androidx.compose.ui.UiComposable")
                            local fun ColumnScope.<anonymous>(/* var */ $composer: Composer?, $changed: Int) {
                              { // BLOCK
                                sourceInformationMarkerStart(composer = $composer, key = 1842337707, sourceInformation = "C986@36317L587,979@35990L914,998@36921L41,999@36984L44,999@36979L119,1001@37163L53,1001@37158L109:HomeScreen.kt#cxq2k")
                                // COMPOSITE {
                                { // BLOCK
                                  val tmp0_shape: RoundedCornerShape = <get-CircleShape>()
                                  val tmp1_color: Color = Companion.<get-White>().copy(alpha = 0.2F)
                                  val tmp2_modifier: Modifier = Companion.size(size = 85.<get-dp>()).border(width = 2.<get-dp>(), color = Companion.<get-White>().copy(alpha = 0.5F), shape = <get-CircleShape>()).padding(all = 4.<get-dp>())
                                  Surface(modifier = tmp2_modifier, shape = tmp0_shape, color = tmp1_color, contentColor = // COMPOSITE {
                                  <unsafe-coerce><Long, Color>(v = 0L)
                                  // }, tonalElevation = // COMPOSITE {
                                  <unsafe-coerce><Float, Dp>(v = 0.0F)
                                  // }, shadowElevation = // COMPOSITE {
                                  <unsafe-coerce><Float, Dp>(v = 0.0F)
                                  // }, border = // COMPOSITE {
                                  null
                                  // }, content = rememberComposableLambda(key = -98966602, tracked = true, block = { // BLOCK
                                    local class <no name provided> : Function2<Composer, Int, Unit> {
                                      constructor() /* primary */ {
                                        super/*Any*/()
                                        /* <init>() */

                                      }

                                      @Composable
                                      @ComposableTarget(applier = "androidx.compose.ui.UiComposable")
                                      override fun invoke(/* var */ $composer: Composer?, $changed: Int) {
                                        sourceInformation(composer = $composer, sourceInformation = "C:HomeScreen.kt#cxq2k")
                                        when {
                                          when {
                                            EQEQ(arg0 = $changed.and(other = 3), arg1 = 2).not() -> true
                                            else -> $composer.<get-skipping>().not()
                                          } -> { // BLOCK
                                            when {
                                              isTraceInProgress() -> traceEventStart(key = -98966602, dirty1 = $changed, dirty2 = -1, info = "com.wnapp.trustmoney.ui.home.DashboardDrawerContent.<anonymous>.<anonymous>.<anonymous>.<anonymous> (HomeScreen.kt:987)")
                                            }
                                            when {
                                              EQEQ(arg0 = <get-profilePictureUri>(), arg1 = null).not() -> { // BLOCK
                                                { // BLOCK
                                                  $composer.startReplaceGroup(key = 586000690)
                                                  sourceInformation(composer = $composer, sourceInformation = "989@36441L44,988@36396L326")
                                                }
                                                { // BLOCK
                                                  Image(painter = rememberAsyncImagePainter(model = <get-profilePictureUri>(), transform = // COMPOSITE {
                                                  null
                                                  // }, onState = // COMPOSITE {
                                                  null
                                                  // }, contentScale = // COMPOSITE {
                                                  null
                                                  // }, filterQuality = // COMPOSITE {
                                                  <unsafe-coerce><Int, FilterQuality>(v = 0)
                                                  // }, modelEqualityDelegate = // COMPOSITE {
                                                  null
                                                  // }, $composer = $composer, $changed = 0, $default = 62), contentDescription = "Profile Picture", modifier = Companion.fillMaxSize().clip(shape = <get-CircleShape>()), alignment = // COMPOSITE {
                                                  null
                                                  // }, contentScale = Companion.<get-Crop>(), alpha = // COMPOSITE {
                                                  0.0F
                                                  // }, colorFilter = // COMPOSITE {
                                                  null
                                                  // }, $composer = $composer, $changed = 24624, $default = 104)
                                                }
                                                $composer.endReplaceGroup()
                                              }
                                              else -> { // BLOCK
                                                { // BLOCK
                                                  $composer.startReplaceGroup(key = 586370272)
                                                  sourceInformation(composer = $composer, sourceInformation = "995@36776L88")
                                                }
                                                { // BLOCK
                                                  Icon(imageVector = Icons.<get-Default>().<get-Person>(), contentDescription = null, modifier = Companion.padding(all = 15.<get-dp>()), tint = Companion.<get-White>(), $composer = $composer, $changed = 3504, $default = 0)
                                                }
                                                $composer.endReplaceGroup()
                                              }
                                            }
                                            when {
                                              isTraceInProgress() -> traceEventEnd()
                                            }
                                          }
                                          else -> $composer.skipToGroupEnd()
                                        }
                                      }

                                    }

                                    <no name provided>()
                                  }, $composer = $composer, $changed = 54), $composer = $composer, $changed = 12583296, $default = 120)
                                }
                                Spacer(modifier = Companion.height(height = 10.<get-dp>()), $composer = $composer, $changed = 6)
                                { // BLOCK
                                  val tmp3_text: String = stringResource(id = super<string>.#app_name_label, $composer = $composer, $changed = 0)
                                  val tmp4_color: Color = Companion.<get-White>()
                                  val tmp5_fontWeight: FontWeight = Companion.<get-Bold>()
                                  val tmp6_fontSize: TextUnit = 20.<get-sp>()
                                  Text(text = tmp3_text, modifier = // COMPOSITE {
                                  null
                                  // }, color = tmp4_color, fontSize = tmp6_fontSize, fontStyle = // COMPOSITE {
                                  null
                                  // }, fontWeight = tmp5_fontWeight, fontFamily = // COMPOSITE {
                                  null
                                  // }, letterSpacing = // COMPOSITE {
                                  <unsafe-coerce><Long, TextUnit>(v = 0L)
                                  // }, textDecoration = // COMPOSITE {
                                  null
                                  // }, textAlign = // COMPOSITE {
                                  null
                                  // }, lineHeight = // COMPOSITE {
                                  <unsafe-coerce><Long, TextUnit>(v = 0L)
                                  // }, overflow = // COMPOSITE {
                                  <unsafe-coerce><Int, TextOverflow>(v = 0)
                                  // }, softWrap = // COMPOSITE {
                                  false
                                  // }, maxLines = // COMPOSITE {
                                  0
                                  // }, minLines = // COMPOSITE {
                                  0
                                  // }, onTextLayout = // COMPOSITE {
                                  null
                                  // }, style = // COMPOSITE {
                                  null
                                  // }, $composer = $composer, $changed = 200064, $changed1 = 0, $default = 131026)
                                }
                                Text(text = stringResource(id = super<string>.#user_id_label, formatArgs = { // BLOCK
                                  val tmp0: Array<out Any> = arrayOfNulls<Any>(size = 1)
                                  tmp0.set(index = 0, value = "554872")
                                  tmp0
                                }, $composer = $composer, $changed = 0), modifier = // COMPOSITE {
                                null
                                // }, color = Companion.<get-White>().copy(alpha = 0.7F), fontSize = 12.<get-sp>(), fontStyle = // COMPOSITE {
                                null
                                // }, fontWeight = // COMPOSITE {
                                null
                                // }, fontFamily = // COMPOSITE {
                                null
                                // }, letterSpacing = // COMPOSITE {
                                <unsafe-coerce><Long, TextUnit>(v = 0L)
                                // }, textDecoration = // COMPOSITE {
                                null
                                // }, textAlign = // COMPOSITE {
                                null
                                // }, lineHeight = // COMPOSITE {
                                <unsafe-coerce><Long, TextUnit>(v = 0L)
                                // }, overflow = // COMPOSITE {
                                <unsafe-coerce><Int, TextOverflow>(v = 0)
                                // }, softWrap = // COMPOSITE {
                                false
                                // }, maxLines = // COMPOSITE {
                                0
                                // }, minLines = // COMPOSITE {
                                0
                                // }, onTextLayout = // COMPOSITE {
                                null
                                // }, style = // COMPOSITE {
                                null
                                // }, $composer = $composer, $changed = 3456, $changed1 = 0, $default = 131058)
                                // }
                                sourceInformationMarkerEnd(composer = $composer)
                              }
                            }

                            <no name provided>::<anonymous>
                          }, $composer = $composer, $changed = 0, $default = 7)
                          // }
                          sourceInformationMarkerEnd(composer = $composer)
                        }
                      }

                      <no name provided>::<anonymous>
                    }, $composer = $composer, $changed = 0, $default = 6)
                    Spacer(modifier = Companion.height(height = 20.<get-dp>()), $composer = $composer, $changed = 6)
                    DrawerMenuItem(icon = Icons.<get-Default>().<get-Settings>(), label = stringResource(id = super<string>.#profile_settings, $composer = $composer, $changed = 0), onClick = { // BLOCK
                      { // BLOCK
                        $composer.startReplaceGroup(key = 1011682622)
                        sourceInformation(composer = $composer, sourceInformation = "CC(remember):HomeScreen.kt#9igjgp")
                      }
                      val tmp0_group: Function0<Unit> = $composer.cache<Function0<Unit>>(invalid = $composer.changed(value = onClose).or(other = $composer.changedInstance(value = navController)), block = { // BLOCK
                        local fun <anonymous>(): Function0<Unit> {
                          return { // BLOCK
                            local fun <anonymous>(): Unit? {
                              onClose.invoke()
                              navController.navigate(route = ProfileSetting.<get-route>())
                            }

                            <jvm-indy-lambda-metafactory><Function0<Unit>>(samMethodType = &error("") /* ERROR: unsupported element type: IrRawFunctionReferenceImpl */
, implMethodReference = <no name provided>::<anonymous>, instantiatedMethodType = &error("") /* ERROR: unsupported element type: IrRawFunctionReferenceImpl */
, extraOverriddenMethodTypes = [], shouldBeSerializable = false)
                          }
                        }

                        <no name provided>::<anonymous>
                      })
                      $composer.endReplaceGroup()
                      tmp0_group
                    }, $composer = $composer, $changed = 0)
                    DrawerMenuItem(icon = Icons.<get-Default>().<get-History>(), label = stringResource(id = super<string>.#statement, $composer = $composer, $changed = 0), onClick = { // BLOCK
                      { // BLOCK
                        $composer.startReplaceGroup(key = 1011688552)
                        sourceInformation(composer = $composer, sourceInformation = "CC(remember):HomeScreen.kt#9igjgp")
                      }
                      val tmp1_group: Function0<Unit> = $composer.cache<Function0<Unit>>(invalid = $composer.changed(value = onClose).or(other = $composer.changedInstance(value = navController)), block = { // BLOCK
                        local fun <anonymous>(): Function0<Unit> {
                          return { // BLOCK
                            local fun <anonymous>(): Unit? {
                              onClose.invoke()
                              navController.navigate(route = TransactionHistoryScreen.<get-route>())
                            }

                            <jvm-indy-lambda-metafactory><Function0<Unit>>(samMethodType = &error("") /* ERROR: unsupported element type: IrRawFunctionReferenceImpl */
, implMethodReference = <no name provided>::<anonymous>, instantiatedMethodType = &error("") /* ERROR: unsupported element type: IrRawFunctionReferenceImpl */
, extraOverriddenMethodTypes = [], shouldBeSerializable = false)
                          }
                        }

                        <no name provided>::<anonymous>
                      })
                      $composer.endReplaceGroup()
                      tmp1_group
                    }, $composer = $composer, $changed = 0)
                    DrawerMenuItem(icon = Icons.<get-Default>().<get-HelpCenter>(), label = stringResource(id = super<string>.#support, $composer = $composer, $changed = 0), onClick = { // BLOCK
                      { // BLOCK
                        $composer.startReplaceGroup(key = 1011694807)
                        sourceInformation(composer = $composer, sourceInformation = "CC(remember):HomeScreen.kt#9igjgp")
                      }
                      val tmp2_group: Function0<Unit> = $composer.cache<Function0<Unit>>(invalid = $composer.changed(value = onClose).or(other = $composer.changedInstance(value = navController)), block = { // BLOCK
                        local fun <anonymous>(): Function0<Unit> {
                          return { // BLOCK
                            local fun <anonymous>(): Unit? {
                              onClose.invoke()
                              navController.navigate(route = Support.<get-route>())
                            }

                            <jvm-indy-lambda-metafactory><Function0<Unit>>(samMethodType = &error("") /* ERROR: unsupported element type: IrRawFunctionReferenceImpl */
, implMethodReference = <no name provided>::<anonymous>, instantiatedMethodType = &error("") /* ERROR: unsupported element type: IrRawFunctionReferenceImpl */
, extraOverriddenMethodTypes = [], shouldBeSerializable = false)
                          }
                        }

                        <no name provided>::<anonymous>
                      })
                      $composer.endReplaceGroup()
                      tmp2_group
                    }, $composer = $composer, $changed = 0)
                    DrawerMenuItem(icon = Icons.<get-Default>().<get-Verified>(), label = "Verify your account", onClick = { // BLOCK
                      { // BLOCK
                        $composer.startReplaceGroup(key = 1011699966)
                        sourceInformation(composer = $composer, sourceInformation = "CC(remember):HomeScreen.kt#9igjgp")
                      }
                      val tmp3_group: Function0<Unit> = $composer.cache<Function0<Unit>>(invalid = $composer.changed(value = onClose).or(other = $composer.changedInstance(value = navController)), block = { // BLOCK
                        local fun <anonymous>(): Function0<Unit> {
                          return { // BLOCK
                            local fun <anonymous>(): Unit? {
                              onClose.invoke()
                              navController.navigate(route = UploadDocument.<get-route>())
                            }

                            <jvm-indy-lambda-metafactory><Function0<Unit>>(samMethodType = &error("") /* ERROR: unsupported element type: IrRawFunctionReferenceImpl */
, implMethodReference = <no name provided>::<anonymous>, instantiatedMethodType = &error("") /* ERROR: unsupported element type: IrRawFunctionReferenceImpl */
, extraOverriddenMethodTypes = [], shouldBeSerializable = false)
                          }
                        }

                        <no name provided>::<anonymous>
                      })
                      $composer.endReplaceGroup()
                      tmp3_group
                    }, $composer = $composer, $changed = 48)
                    DrawerMenuItem(icon = Icons.<get-Default>().<get-Pin>(), label = stringResource(id = super<string>.#change_pin, $composer = $composer, $changed = 0), onClick = { // BLOCK
                      { // BLOCK
                        $composer.startReplaceGroup(key = 1011705784)
                        sourceInformation(composer = $composer, sourceInformation = "CC(remember):HomeScreen.kt#9igjgp")
                      }
                      val tmp4_group: Function0<Unit> = $composer.cache<Function0<Unit>>(invalid = $composer.changed(value = onClose).or(other = $composer.changedInstance(value = navController)), block = { // BLOCK
                        local fun <anonymous>(): Function0<Unit> {
                          return { // BLOCK
                            local fun <anonymous>(): Unit? {
                              onClose.invoke()
                              navController.navigate(route = PinEnter.<get-route>())
                            }

                            <jvm-indy-lambda-metafactory><Function0<Unit>>(samMethodType = &error("") /* ERROR: unsupported element type: IrRawFunctionReferenceImpl */
, implMethodReference = <no name provided>::<anonymous>, instantiatedMethodType = &error("") /* ERROR: unsupported element type: IrRawFunctionReferenceImpl */
, extraOverriddenMethodTypes = [], shouldBeSerializable = false)
                          }
                        }

                        <no name provided>::<anonymous>
                      })
                      $composer.endReplaceGroup()
                      tmp4_group
                    }, $composer = $composer, $changed = 0)
                    HorizontalDivider(modifier = Companion.padding(all = 20.<get-dp>()), thickness = // COMPOSITE {
                    <unsafe-coerce><Float, Dp>(v = 0.0F)
                    // }, color = // COMPOSITE {
                    <unsafe-coerce><Long, Color>(v = 0L)
                    // }, $composer = $composer, $changed = 6, $default = 6)
                    DrawerMenuItem(icon = Filled.<get-Logout>(), label = stringResource(id = super<string>.#logout, $composer = $composer, $changed = 0), onClick = { // BLOCK
                      { // BLOCK
                        $composer.startReplaceGroup(key = 1011713812)
                        sourceInformation(composer = $composer, sourceInformation = "CC(remember):HomeScreen.kt#9igjgp")
                      }
                      val tmp5_group: Function0<Unit> = $composer.cache<Function0<Unit>>(invalid = $composer.changed(value = onClose).or(other = $composer.changedInstance(value = navController)), block = { // BLOCK
                        local fun <anonymous>(): Function0<Unit> {
                          return { // BLOCK
                            local fun <anonymous>(): Unit? {
                              onClose.invoke()
                              navController.navigate(route = Auth.<get-route>())
                            }

                            <jvm-indy-lambda-metafactory><Function0<Unit>>(samMethodType = &error("") /* ERROR: unsupported element type: IrRawFunctionReferenceImpl */
, implMethodReference = <no name provided>::<anonymous>, instantiatedMethodType = &error("") /* ERROR: unsupported element type: IrRawFunctionReferenceImpl */
, extraOverriddenMethodTypes = [], shouldBeSerializable = false)
                          }
                        }

                        <no name provided>::<anonymous>
                      })
                      $composer.endReplaceGroup()
                      tmp5_group
                    }, $composer = $composer, $changed = 0)
                    when {
                      isTraceInProgress() -> traceEventEnd()
                    }
                  }
                  else -> $composer.skipToGroupEnd()
                }
              }

            }

            <no name provided>()
          }, $composer = $composer, $changed = 54), $composer = $composer, $changed = 1573254, $default = 58)
        }
        when {
          isTraceInProgress() -> traceEventEnd()
        }
      }
      else -> $composer.skipToGroupEnd()
    }
    { // BLOCK
      { // BLOCK
        val tmp1_safe_receiver: ScopeUpdateScope? = $composer.endRestartGroup()
        when {
          EQEQ(arg0 = tmp1_safe_receiver, arg1 = null) -> null
          else -> tmp1_safe_receiver.updateScope(block = { // BLOCK
            local fun <anonymous>($composer: Composer?, $force: Int): Unit? {
              return DashboardDrawerContent(navController = navController, context = context, onClose = onClose, $composer = $composer, $changed = updateChangedFlags(flags = $changed.or(other = 1)))
            }

            <jvm-indy-lambda-metafactory><Function2<Composer?, Int, Unit>>(samMethodType = &error("") /* ERROR: unsupported element type: IrRawFunctionReferenceImpl */
, implMethodReference = HomeScreenKt::<anonymous>, instantiatedMethodType = &error("") /* ERROR: unsupported element type: IrRawFunctionReferenceImpl */
, extraOverriddenMethodTypes = [], shouldBeSerializable = false)
          })
        }
      }
    }
  }

  @Composable
  @ComposableTarget(applier = "androidx.compose.ui.UiComposable")
  fun NoticeDialog(title: String, message: String, onDismiss: Function0<Unit>, /* var */ $composer: Composer?, $changed: Int) {
    { // BLOCK
      $composer = $composer.startRestartGroup(key = -1141471451)
      sourceInformation(composer = $composer, sourceInformation = "C(NoticeDialog)P(2)1042@38720L771,1063@39508L175,1039@38625L1145:HomeScreen.kt#cxq2k")
    }
    val $dirty: Int = $changed
    when {
      EQEQ(arg0 = $changed.and(other = 6), arg1 = 0) -> $dirty = $dirty.or(other = when {
        $composer.changed(value = title) -> 4
        else -> 2
      })
    }
    when {
      EQEQ(arg0 = $changed.and(other = 48), arg1 = 0) -> $dirty = $dirty.or(other = when {
        $composer.changed(value = message) -> 32
        else -> 16
      })
    }
    when {
      EQEQ(arg0 = $changed.and(other = 384), arg1 = 0) -> $dirty = $dirty.or(other = when {
        $composer.changedInstance(value = onDismiss) -> 256
        else -> 128
      })
    }
    when {
      when {
        EQEQ(arg0 = $dirty.and(other = 147), arg1 = 146).not() -> true
        else -> $composer.<get-skipping>().not()
      } -> { // BLOCK
        when {
          isTraceInProgress() -> traceEventStart(key = -1141471451, dirty1 = $dirty, dirty2 = -1, info = "com.wnapp.trustmoney.ui.home.NoticeDialog (HomeScreen.kt:1038)")
        }
        AlertDialog(onDismissRequest = onDismiss, confirmButton = ComposableSingletons$HomeScreenKt.<get-lambda-7>(), modifier = // COMPOSITE {
        null
        // }, dismissButton = // COMPOSITE {
        null
        // }, icon = // COMPOSITE {
        null
        // }, title = rememberComposableLambda(key = -1182216871, tracked = true, block = { // BLOCK
          local class <no name provided> : Function2<Composer, Int, Unit> {
            constructor() /* primary */ {
              super/*Any*/()
              /* <init>() */

            }

            @Composable
            @ComposableTarget(applier = "androidx.compose.ui.UiComposable")
            override fun invoke(/* var */ $composer: Composer?, $changed: Int) {
              sourceInformation(composer = $composer, sourceInformation = "C1043@38734L747:HomeScreen.kt#cxq2k")
              when {
                when {
                  EQEQ(arg0 = $changed.and(other = 3), arg1 = 2).not() -> true
                  else -> $composer.<get-skipping>().not()
                } -> { // BLOCK
                  when {
                    isTraceInProgress() -> traceEventStart(key = -1182216871, dirty1 = $changed, dirty2 = -1, info = "com.wnapp.trustmoney.ui.home.NoticeDialog.<anonymous> (HomeScreen.kt:1043)")
                  }
                  Row(modifier = Companion.fillMaxWidth(), horizontalArrangement = Arrangement.<get-SpaceBetween>(), verticalAlignment = Companion.<get-CenterVertically>(), content = { // BLOCK
                    @Composable
                    @ComposableTarget(applier = "androidx.compose.ui.UiComposable")
                    local fun RowScope.<anonymous>(/* var */ $composer: Composer?, $changed: Int) {
                      { // BLOCK
                        sourceInformationMarkerStart(composer = $composer, key = 1483137816, sourceInformation = "C1050@39034L10,1048@38952L211,1054@39180L287:HomeScreen.kt#cxq2k")
                        // COMPOSITE {
                        { // BLOCK
                          val tmp0_style: TextStyle = MaterialTheme.<get-typography>($composer = $composer, $changed = #$stable).<get-titleLarge>()
                          val tmp1_fontWeight: FontWeight = Companion.<get-Bold>()
                          val tmp2_color: Color = <get-BrandGreen>()
                          Text(text = title, modifier = // COMPOSITE {
                          null
                          // }, color = tmp2_color, fontSize = // COMPOSITE {
                          <unsafe-coerce><Long, TextUnit>(v = 0L)
                          // }, fontStyle = // COMPOSITE {
                          null
                          // }, fontWeight = tmp1_fontWeight, fontFamily = // COMPOSITE {
                          null
                          // }, letterSpacing = // COMPOSITE {
                          <unsafe-coerce><Long, TextUnit>(v = 0L)
                          // }, textDecoration = // COMPOSITE {
                          null
                          // }, textAlign = // COMPOSITE {
                          null
                          // }, lineHeight = // COMPOSITE {
                          <unsafe-coerce><Long, TextUnit>(v = 0L)
                          // }, overflow = // COMPOSITE {
                          <unsafe-coerce><Int, TextOverflow>(v = 0)
                          // }, softWrap = // COMPOSITE {
                          false
                          // }, maxLines = // COMPOSITE {
                          0
                          // }, minLines = // COMPOSITE {
                          0
                          // }, onTextLayout = // COMPOSITE {
                          null
                          // }, style = tmp0_style, $composer = $composer, $changed = 196608, $changed1 = 0, $default = 65498)
                        }
                        IconButton(onClick = onDismiss, modifier = // COMPOSITE {
                        null
                        // }, enabled = // COMPOSITE {
                        false
                        // }, colors = // COMPOSITE {
                        null
                        // }, interactionSource = // COMPOSITE {
                        null
                        // }, content = ComposableSingletons$HomeScreenKt.<get-lambda-8>(), $composer = $composer, $changed = 196608, $default = 30)
                        // }
                        sourceInformationMarkerEnd(composer = $composer)
                      }
                    }

                    <no name provided>::<anonymous>
                  }, $composer = $composer, $changed = 438, $default = 0)
                  when {
                    isTraceInProgress() -> traceEventEnd()
                  }
                }
                else -> $composer.skipToGroupEnd()
              }
            }

          }

          <no name provided>()
        }, $composer = $composer, $changed = 54), text = rememberComposableLambda(key = 798945208, tracked = true, block = { // BLOCK
          local class <no name provided> : Function2<Composer, Int, Unit> {
            constructor() /* primary */ {
              super/*Any*/()
              /* <init>() */

            }

            @Composable
            @ComposableTarget(applier = "androidx.compose.ui.UiComposable")
            override fun invoke(/* var */ $composer: Composer?, $changed: Int) {
              sourceInformation(composer = $composer, sourceInformation = "C1066@39598L10,1064@39522L151:HomeScreen.kt#cxq2k")
              when {
                when {
                  EQEQ(arg0 = $changed.and(other = 3), arg1 = 2).not() -> true
                  else -> $composer.<get-skipping>().not()
                } -> { // BLOCK
                  when {
                    isTraceInProgress() -> traceEventStart(key = 798945208, dirty1 = $changed, dirty2 = -1, info = "com.wnapp.trustmoney.ui.home.NoticeDialog.<anonymous> (HomeScreen.kt:1064)")
                  }
                  { // BLOCK
                    val tmp0_style: TextStyle = MaterialTheme.<get-typography>($composer = $composer, $changed = #$stable).<get-bodyMedium>()
                    val tmp1_color: Color = Companion.<get-DarkGray>()
                    Text(text = message, modifier = // COMPOSITE {
                    null
                    // }, color = tmp1_color, fontSize = // COMPOSITE {
                    <unsafe-coerce><Long, TextUnit>(v = 0L)
                    // }, fontStyle = // COMPOSITE {
                    null
                    // }, fontWeight = // COMPOSITE {
                    null
                    // }, fontFamily = // COMPOSITE {
                    null
                    // }, letterSpacing = // COMPOSITE {
                    <unsafe-coerce><Long, TextUnit>(v = 0L)
                    // }, textDecoration = // COMPOSITE {
                    null
                    // }, textAlign = // COMPOSITE {
                    null
                    // }, lineHeight = // COMPOSITE {
                    <unsafe-coerce><Long, TextUnit>(v = 0L)
                    // }, overflow = // COMPOSITE {
                    <unsafe-coerce><Int, TextOverflow>(v = 0)
                    // }, softWrap = // COMPOSITE {
                    false
                    // }, maxLines = // COMPOSITE {
                    0
                    // }, minLines = // COMPOSITE {
                    0
                    // }, onTextLayout = // COMPOSITE {
                    null
                    // }, style = tmp0_style, $composer = $composer, $changed = 384, $changed1 = 0, $default = 65530)
                  }
                  when {
                    isTraceInProgress() -> traceEventEnd()
                  }
                }
                else -> $composer.skipToGroupEnd()
              }
            }

          }

          <no name provided>()
        }, $composer = $composer, $changed = 54), shape = RoundedCornerShape(size = 16.<get-dp>()), containerColor = Companion.<get-White>(), iconContentColor = // COMPOSITE {
        <unsafe-coerce><Long, Color>(v = 0L)
        // }, titleContentColor = // COMPOSITE {
        <unsafe-coerce><Long, Color>(v = 0L)
        // }, textContentColor = // COMPOSITE {
        <unsafe-coerce><Long, Color>(v = 0L)
        // }, tonalElevation = // COMPOSITE {
        <unsafe-coerce><Float, Dp>(v = 0.0F)
        // }, properties = // COMPOSITE {
        null
        // }, $composer = $composer, $changed = 102432816.or(other = 14.and(other = $dirty.shr(bitCount = 6))), $changed1 = 0, $default = 15900)
        when {
          isTraceInProgress() -> traceEventEnd()
        }
      }
      else -> $composer.skipToGroupEnd()
    }
    { // BLOCK
      { // BLOCK
        val tmp0_safe_receiver: ScopeUpdateScope? = $composer.endRestartGroup()
        when {
          EQEQ(arg0 = tmp0_safe_receiver, arg1 = null) -> null
          else -> tmp0_safe_receiver.updateScope(block = { // BLOCK
            local fun <anonymous>($composer: Composer?, $force: Int): Unit? {
              return NoticeDialog(title = title, message = message, onDismiss = onDismiss, $composer = $composer, $changed = updateChangedFlags(flags = $changed.or(other = 1)))
            }

            <jvm-indy-lambda-metafactory><Function2<Composer?, Int, Unit>>(samMethodType = &error("") /* ERROR: unsupported element type: IrRawFunctionReferenceImpl */
, implMethodReference = HomeScreenKt::<anonymous>, instantiatedMethodType = &error("") /* ERROR: unsupported element type: IrRawFunctionReferenceImpl */
, extraOverriddenMethodTypes = [], shouldBeSerializable = false)
          })
        }
      }
    }
  }

  @Composable
  @ComposableTarget(applier = "androidx.compose.ui.UiComposable")
  fun QuickActionsMenu(navController: NavController, appVM: AppViewModel, /* var */ $composer: Composer?, $changed: Int) {
    { // BLOCK
      $composer = $composer.startRestartGroup(key = -1240690040)
      sourceInformation(composer = $composer, sourceInformation = "C(QuickActionsMenu)P(1)1078@39865L3770:HomeScreen.kt#cxq2k")
    }
    val $dirty: Int = $changed
    when {
      EQEQ(arg0 = $changed.and(other = 6), arg1 = 0) -> $dirty = $dirty.or(other = when {
        $composer.changedInstance(value = navController) -> 4
        else -> 2
      })
    }
    when {
      EQEQ(arg0 = $changed.and(other = 48), arg1 = 0) -> $dirty = $dirty.or(other = when {
        when {
          EQEQ(arg0 = $changed.and(other = 64), arg1 = 0) -> $composer.changed(value = appVM)
          else -> $composer.changedInstance(value = appVM)
        } -> 32
        else -> 16
      })
    }
    when {
      when {
        EQEQ(arg0 = $dirty.and(other = 19), arg1 = 18).not() -> true
        else -> $composer.<get-skipping>().not()
      } -> { // BLOCK
        when {
          isTraceInProgress() -> traceEventStart(key = -1240690040, dirty1 = $dirty, dirty2 = -1, info = "com.wnapp.trustmoney.ui.home.QuickActionsMenu (HomeScreen.kt:1077)")
        }
        Column(modifier = Companion.fillMaxWidth().padding(horizontal = 20.<get-dp>(), vertical = 20.<get-dp>()), verticalArrangement = // COMPOSITE {
        null
        // }, horizontalAlignment = Companion.<get-CenterHorizontally>(), content = { // BLOCK
          @Composable
          @ComposableTarget(applier = "androidx.compose.ui.UiComposable")
          local fun ColumnScope.<anonymous>(/* var */ $composer: Composer?, $changed: Int) {
            { // BLOCK
              sourceInformationMarkerStart(composer = $composer, key = -1275359228, sourceInformation = "C1083@40063L43,1082@40038L186,1089@40234L41,1091@40285L1057,1107@41352L880,1121@42242L663,1135@43017L41,1138@43154L164:HomeScreen.kt#cxq2k")
              // COMPOSITE {
              { // BLOCK
                val tmp0_text: String = stringResource(id = super<string>.#quick_actions, $composer = $composer, $changed = 0)
                val tmp1_fontWeight: FontWeight = Companion.<get-Bold>()
                val tmp2_fontSize: TextUnit = 18.<get-sp>()
                val tmp3_color: Color = <get-TBL_Green_Dark>()
                Text(text = tmp0_text, modifier = // COMPOSITE {
                null
                // }, color = tmp3_color, fontSize = tmp2_fontSize, fontStyle = // COMPOSITE {
                null
                // }, fontWeight = tmp1_fontWeight, fontFamily = // COMPOSITE {
                null
                // }, letterSpacing = // COMPOSITE {
                <unsafe-coerce><Long, TextUnit>(v = 0L)
                // }, textDecoration = // COMPOSITE {
                null
                // }, textAlign = // COMPOSITE {
                null
                // }, lineHeight = // COMPOSITE {
                <unsafe-coerce><Long, TextUnit>(v = 0L)
                // }, overflow = // COMPOSITE {
                <unsafe-coerce><Int, TextOverflow>(v = 0)
                // }, softWrap = // COMPOSITE {
                false
                // }, maxLines = // COMPOSITE {
                0
                // }, minLines = // COMPOSITE {
                0
                // }, onTextLayout = // COMPOSITE {
                null
                // }, style = // COMPOSITE {
                null
                // }, $composer = $composer, $changed = 199680, $changed1 = 0, $default = 131026)
              }
              Spacer(modifier = Companion.height(height = 25.<get-dp>()), $composer = $composer, $changed = 6)
              Row(modifier = Companion.fillMaxWidth(), horizontalArrangement = Arrangement.<get-SpaceBetween>(), verticalAlignment = // COMPOSITE {
              null
              // }, content = { // BLOCK
                @Composable
                @ComposableTarget(applier = "androidx.compose.ui.UiComposable")
                local fun RowScope.<anonymous>(/* var */ $composer: Composer?, $changed: Int) {
                  { // BLOCK
                    sourceInformationMarkerStart(composer = $composer, key = -1714749091, sourceInformation = "C1092@40434L45,1092@40481L89,1092@40389L181,1095@40621L46,1095@40669L274,1095@40583L360,1100@41001L51,1100@41054L278,1100@40956L376:HomeScreen.kt#cxq2k")
                    // COMPOSITE {
                    QuickActionButton(icon = Icons.<get-Default>().<get-AttachMoney>(), label = stringResource(id = super<string>.#add_money_label, $composer = $composer, $changed = 0), onClick = { // BLOCK
                      { // BLOCK
                        $composer.startReplaceGroup(key = 914518928)
                        sourceInformation(composer = $composer, sourceInformation = "CC(remember):HomeScreen.kt#9igjgp")
                      }
                      val tmp0_group: Function0<Unit> = $composer.cache<Function0<Unit>>(invalid = $composer.changedInstance(value = navController), block = { // BLOCK
                        local fun <anonymous>(): Function0<Unit> {
                          return { // BLOCK
                            local fun <anonymous>(): Unit? {
                              navController.navigate(route = AddBalance.passAmount(amount = "0"))
                            }

                            <jvm-indy-lambda-metafactory><Function0<Unit>>(samMethodType = &error("") /* ERROR: unsupported element type: IrRawFunctionReferenceImpl */
, implMethodReference = HomeScreenKt::<anonymous>, instantiatedMethodType = &error("") /* ERROR: unsupported element type: IrRawFunctionReferenceImpl */
, extraOverriddenMethodTypes = [], shouldBeSerializable = false)
                          }
                        }

                        HomeScreenKt::<anonymous>
                      })
                      $composer.endReplaceGroup()
                      tmp0_group
                    }, $composer = $composer, $changed = 0)
                    QuickActionButton(icon = Icons.<get-Default>().<get-Send>(), label = stringResource(id = super<string>.#send_money_label, $composer = $composer, $changed = 0), onClick = { // BLOCK
                      { // BLOCK
                        $composer.startReplaceGroup(key = 914525129)
                        sourceInformation(composer = $composer, sourceInformation = "CC(remember):HomeScreen.kt#9igjgp")
                      }
                      val tmp1_group: Function0<Unit> = $composer.cache<Function0<Unit>>(invalid = when {
                        EQEQ(arg0 = $dirty.and(other = 112), arg1 = 32) -> true
                        else -> when {
                          EQEQ(arg0 = $dirty.and(other = 64), arg1 = 0).not() -> $composer.changedInstance(value = appVM)
                          else -> false
                        }
                      }.or(other = $composer.changedInstance(value = navController)), block = { // BLOCK
                        local fun <anonymous>(): Function0<Unit> {
                          return { // BLOCK
                            local fun <anonymous>(): Unit? {
                              val currentBalance: Double = { // BLOCK
                                val tmp2_elvis_lhs: Double? = { // BLOCK
                                  val tmp1_safe_receiver: String? = { // BLOCK
                                    val tmp0_safe_receiver: WalletModel? = appVM.<get-wallet>()
                                    when {
                                      EQEQ(arg0 = tmp0_safe_receiver, arg1 = null) -> null
                                      else -> tmp0_safe_receiver.<get-balance>()
                                    }
                                  }
                                  when {
                                    EQEQ(arg0 = tmp1_safe_receiver, arg1 = null) -> null
                                    else -> tmp1_safe_receiver.toDoubleOrNull()
                                  }
                                }
                                when {
                                  EQEQ(arg0 = tmp2_elvis_lhs, arg1 = null) -> 0.0
                                  else -> tmp2_elvis_lhs
                                }
                              }
                              when {
                                greater(arg0 = currentBalance, arg1 = 0.0) -> navController.navigate(route = SendMoney.passAmount(amount = "0"))
                                else -> navController.navigate(route = InsufficientBalance.<get-route>())
                              }
                            }

                            <jvm-indy-lambda-metafactory><Function0<Unit>>(samMethodType = &error("") /* ERROR: unsupported element type: IrRawFunctionReferenceImpl */
, implMethodReference = HomeScreenKt::<anonymous>, instantiatedMethodType = &error("") /* ERROR: unsupported element type: IrRawFunctionReferenceImpl */
, extraOverriddenMethodTypes = [], shouldBeSerializable = false)
                          }
                        }

                        HomeScreenKt::<anonymous>
                      })
                      $composer.endReplaceGroup()
                      tmp1_group
                    }, $composer = $composer, $changed = 0)
                    QuickActionButton(icon = Icons.<get-Default>().<get-PhoneIphone>(), label = stringResource(id = super<string>.#mobile_recharge_label, $composer = $composer, $changed = 0), onClick = { // BLOCK
                      { // BLOCK
                        $composer.startReplaceGroup(key = 914537453)
                        sourceInformation(composer = $composer, sourceInformation = "CC(remember):HomeScreen.kt#9igjgp")
                      }
                      val tmp2_group: Function0<Unit> = $composer.cache<Function0<Unit>>(invalid = when {
                        EQEQ(arg0 = $dirty.and(other = 112), arg1 = 32) -> true
                        else -> when {
                          EQEQ(arg0 = $dirty.and(other = 64), arg1 = 0).not() -> $composer.changedInstance(value = appVM)
                          else -> false
                        }
                      }.or(other = $composer.changedInstance(value = navController)), block = { // BLOCK
                        local fun <anonymous>(): Function0<Unit> {
                          return { // BLOCK
                            local fun <anonymous>(): Unit? {
                              val currentBalance: Double = { // BLOCK
                                val tmp2_elvis_lhs: Double? = { // BLOCK
                                  val tmp1_safe_receiver: String? = { // BLOCK
                                    val tmp0_safe_receiver: WalletModel? = appVM.<get-wallet>()
                                    when {
                                      EQEQ(arg0 = tmp0_safe_receiver, arg1 = null) -> null
                                      else -> tmp0_safe_receiver.<get-balance>()
                                    }
                                  }
                                  when {
                                    EQEQ(arg0 = tmp1_safe_receiver, arg1 = null) -> null
                                    else -> tmp1_safe_receiver.toDoubleOrNull()
                                  }
                                }
                                when {
                                  EQEQ(arg0 = tmp2_elvis_lhs, arg1 = null) -> 0.0
                                  else -> tmp2_elvis_lhs
                                }
                              }
                              when {
                                greater(arg0 = currentBalance, arg1 = 0.0) -> navController.navigate(route = MobileRecharge.passAmount(amount = "0"))
                                else -> navController.navigate(route = InsufficientBalance.<get-route>())
                              }
                            }

                            <jvm-indy-lambda-metafactory><Function0<Unit>>(samMethodType = &error("") /* ERROR: unsupported element type: IrRawFunctionReferenceImpl */
, implMethodReference = HomeScreenKt::<anonymous>, instantiatedMethodType = &error("") /* ERROR: unsupported element type: IrRawFunctionReferenceImpl */
, extraOverriddenMethodTypes = [], shouldBeSerializable = false)
                          }
                        }

                        HomeScreenKt::<anonymous>
                      })
                      $composer.endReplaceGroup()
                      tmp2_group
                    }, $composer = $composer, $changed = 0)
                    // }
                    sourceInformationMarkerEnd(composer = $composer)
                  }
                }

                HomeScreenKt::<anonymous>
              }, $composer = $composer, $changed = 54, $default = 4)
              Row(modifier = Companion.fillMaxWidth(), horizontalArrangement = Arrangement.<get-SpaceBetween>(), verticalAlignment = // COMPOSITE {
              null
              // }, content = { // BLOCK
                @Composable
                @ComposableTarget(applier = "androidx.compose.ui.UiComposable")
                local fun RowScope.<anonymous>(/* var */ $composer: Composer?, $changed: Int) {
                  { // BLOCK
                    sourceInformationMarkerStart(composer = $composer, key = -1713696114, sourceInformation = "C1108@41500L49,1108@41551L82,1108@41456L177,1111@41687L43,1111@41732L93,1111@41646L179,1114@41883L48,1114@41933L289,1114@41838L384:HomeScreen.kt#cxq2k")
                    // COMPOSITE {
                    QuickActionButton(icon = Icons.<get-Default>().<get-LocalOffer>(), label = stringResource(id = super<string>.#best_packages_label, $composer = $composer, $changed = 0), onClick = { // BLOCK
                      { // BLOCK
                        $composer.startReplaceGroup(key = 914553161)
                        sourceInformation(composer = $composer, sourceInformation = "CC(remember):HomeScreen.kt#9igjgp")
                      }
                      val tmp0_group: Function0<Unit> = $composer.cache<Function0<Unit>>(invalid = $composer.changedInstance(value = navController), block = { // BLOCK
                        local fun <anonymous>(): Function0<Unit> {
                          return { // BLOCK
                            local fun <anonymous>(): Unit? {
                              navController.navigate(route = PackageScreen.<get-route>())
                            }

                            <jvm-indy-lambda-metafactory><Function0<Unit>>(samMethodType = &error("") /* ERROR: unsupported element type: IrRawFunctionReferenceImpl */
, implMethodReference = HomeScreenKt::<anonymous>, instantiatedMethodType = &error("") /* ERROR: unsupported element type: IrRawFunctionReferenceImpl */
, extraOverriddenMethodTypes = [], shouldBeSerializable = false)
                          }
                        }

                        HomeScreenKt::<anonymous>
                      })
                      $composer.endReplaceGroup()
                      tmp0_group
                    }, $composer = $composer, $changed = 0)
                    QuickActionButton(icon = Icons.<get-Default>().<get-History>(), label = stringResource(id = super<string>.#history_label, $composer = $composer, $changed = 0), onClick = { // BLOCK
                      { // BLOCK
                        $composer.startReplaceGroup(key = 914558964)
                        sourceInformation(composer = $composer, sourceInformation = "CC(remember):HomeScreen.kt#9igjgp")
                      }
                      val tmp1_group: Function0<Unit> = $composer.cache<Function0<Unit>>(invalid = $composer.changedInstance(value = navController), block = { // BLOCK
                        local fun <anonymous>(): Function0<Unit> {
                          return { // BLOCK
                            local fun <anonymous>(): Unit? {
                              navController.navigate(route = TransactionHistoryScreen.<get-route>())
                            }

                            <jvm-indy-lambda-metafactory><Function0<Unit>>(samMethodType = &error("") /* ERROR: unsupported element type: IrRawFunctionReferenceImpl */
, implMethodReference = HomeScreenKt::<anonymous>, instantiatedMethodType = &error("") /* ERROR: unsupported element type: IrRawFunctionReferenceImpl */
, extraOverriddenMethodTypes = [], shouldBeSerializable = false)
                          }
                        }

                        HomeScreenKt::<anonymous>
                      })
                      $composer.endReplaceGroup()
                      tmp1_group
                    }, $composer = $composer, $changed = 0)
                    QuickActionButton(icon = Icons.<get-Default>().<get-ReceiptLong>(), label = stringResource(id = super<string>.#utility_bill_label, $composer = $composer, $changed = 0), onClick = { // BLOCK
                      { // BLOCK
                        $composer.startReplaceGroup(key = 914565592)
                        sourceInformation(composer = $composer, sourceInformation = "CC(remember):HomeScreen.kt#9igjgp")
                      }
                      val tmp2_group: Function0<Unit> = $composer.cache<Function0<Unit>>(invalid = when {
                        EQEQ(arg0 = $dirty.and(other = 112), arg1 = 32) -> true
                        else -> when {
                          EQEQ(arg0 = $dirty.and(other = 64), arg1 = 0).not() -> $composer.changedInstance(value = appVM)
                          else -> false
                        }
                      }.or(other = $composer.changedInstance(value = navController)), block = { // BLOCK
                        local fun <anonymous>(): Function0<Unit> {
                          return { // BLOCK
                            local fun <anonymous>(): Unit? {
                              val currentBalance: Double = { // BLOCK
                                val tmp2_elvis_lhs: Double? = { // BLOCK
                                  val tmp1_safe_receiver: String? = { // BLOCK
                                    val tmp0_safe_receiver: WalletModel? = appVM.<get-wallet>()
                                    when {
                                      EQEQ(arg0 = tmp0_safe_receiver, arg1 = null) -> null
                                      else -> tmp0_safe_receiver.<get-balance>()
                                    }
                                  }
                                  when {
                                    EQEQ(arg0 = tmp1_safe_receiver, arg1 = null) -> null
                                    else -> tmp1_safe_receiver.toDoubleOrNull()
                                  }
                                }
                                when {
                                  EQEQ(arg0 = tmp2_elvis_lhs, arg1 = null) -> 0.0
                                  else -> tmp2_elvis_lhs
                                }
                              }
                              when {
                                greater(arg0 = currentBalance, arg1 = 0.0) -> navController.navigate(route = MobileRechargeMethodSelectionScreen.<get-route>())
                                else -> navController.navigate(route = InsufficientBalance.<get-route>())
                              }
                            }

                            <jvm-indy-lambda-metafactory><Function0<Unit>>(samMethodType = &error("") /* ERROR: unsupported element type: IrRawFunctionReferenceImpl */
, implMethodReference = HomeScreenKt::<anonymous>, instantiatedMethodType = &error("") /* ERROR: unsupported element type: IrRawFunctionReferenceImpl */
, extraOverriddenMethodTypes = [], shouldBeSerializable = false)
                          }
                        }

                        HomeScreenKt::<anonymous>
                      })
                      $composer.endReplaceGroup()
                      tmp2_group
                    }, $composer = $composer, $changed = 0)
                    // }
                    sourceInformationMarkerEnd(composer = $composer)
                  }
                }

                HomeScreenKt::<anonymous>
              }, $composer = $composer, $changed = 54, $default = 4)
              Row(modifier = Companion.fillMaxWidth(), horizontalArrangement = Arrangement.<get-SpaceBetween>(), verticalAlignment = // COMPOSITE {
              null
              // }, content = { // BLOCK
                @Composable
                @ComposableTarget(applier = "androidx.compose.ui.UiComposable")
                local fun RowScope.<anonymous>(/* var */ $composer: Composer?, $changed: Int) {
                  { // BLOCK
                    sourceInformationMarkerStart(composer = $composer, key = -1712819961, sourceInformation = "C1122@42395L48,1122@42445L80,1122@42346L179,1125@42585L45,1125@42632L83,1125@42538L177,1128@42774L43,1128@42819L76,1128@42728L167:HomeScreen.kt#cxq2k")
                    // COMPOSITE {
                    QuickActionButton(icon = Icons.<get-Default>().<get-DocumentScanner>(), label = stringResource(id = super<string>.#company_docs_label, $composer = $composer, $changed = 0), onClick = { // BLOCK
                      { // BLOCK
                        $composer.startReplaceGroup(key = 914581767)
                        sourceInformation(composer = $composer, sourceInformation = "CC(remember):HomeScreen.kt#9igjgp")
                      }
                      val tmp0_group: Function0<Unit> = $composer.cache<Function0<Unit>>(invalid = $composer.changedInstance(value = navController), block = { // BLOCK
                        local fun <anonymous>(): Function0<Unit> {
                          return { // BLOCK
                            local fun <anonymous>(): Unit? {
                              navController.navigate(route = CompanyDocs.<get-route>())
                            }

                            <jvm-indy-lambda-metafactory><Function0<Unit>>(samMethodType = &error("") /* ERROR: unsupported element type: IrRawFunctionReferenceImpl */
, implMethodReference = HomeScreenKt::<anonymous>, instantiatedMethodType = &error("") /* ERROR: unsupported element type: IrRawFunctionReferenceImpl */
, extraOverriddenMethodTypes = [], shouldBeSerializable = false)
                          }
                        }

                        HomeScreenKt::<anonymous>
                      })
                      $composer.endReplaceGroup()
                      tmp0_group
                    }, $composer = $composer, $changed = 0)
                    QuickActionButton(icon = Icons.<get-Default>().<get-ManageHistory>(), label = stringResource(id = super<string>.#request_history, $composer = $composer, $changed = 0), onClick = { // BLOCK
                      { // BLOCK
                        $composer.startReplaceGroup(key = 914587754)
                        sourceInformation(composer = $composer, sourceInformation = "CC(remember):HomeScreen.kt#9igjgp")
                      }
                      val tmp1_group: Function0<Unit> = $composer.cache<Function0<Unit>>(invalid = $composer.changedInstance(value = navController), block = { // BLOCK
                        local fun <anonymous>(): Function0<Unit> {
                          return { // BLOCK
                            local fun <anonymous>(): Unit? {
                              navController.navigate(route = RequestHistory.<get-route>())
                            }

                            <jvm-indy-lambda-metafactory><Function0<Unit>>(samMethodType = &error("") /* ERROR: unsupported element type: IrRawFunctionReferenceImpl */
, implMethodReference = HomeScreenKt::<anonymous>, instantiatedMethodType = &error("") /* ERROR: unsupported element type: IrRawFunctionReferenceImpl */
, extraOverriddenMethodTypes = [], shouldBeSerializable = false)
                          }
                        }

                        HomeScreenKt::<anonymous>
                      })
                      $composer.endReplaceGroup()
                      tmp1_group
                    }, $composer = $composer, $changed = 0)
                    QuickActionButton(icon = Icons.<get-Default>().<get-SupportAgent>(), label = stringResource(id = super<string>.#support_label, $composer = $composer, $changed = 0), onClick = { // BLOCK
                      { // BLOCK
                        $composer.startReplaceGroup(key = 914593731)
                        sourceInformation(composer = $composer, sourceInformation = "CC(remember):HomeScreen.kt#9igjgp")
                      }
                      val tmp2_group: Function0<Unit> = $composer.cache<Function0<Unit>>(invalid = $composer.changedInstance(value = navController), block = { // BLOCK
                        local fun <anonymous>(): Function0<Unit> {
                          return { // BLOCK
                            local fun <anonymous>(): Unit? {
                              navController.navigate(route = Support.<get-route>())
                            }

                            <jvm-indy-lambda-metafactory><Function0<Unit>>(samMethodType = &error("") /* ERROR: unsupported element type: IrRawFunctionReferenceImpl */
, implMethodReference = HomeScreenKt::<anonymous>, instantiatedMethodType = &error("") /* ERROR: unsupported element type: IrRawFunctionReferenceImpl */
, extraOverriddenMethodTypes = [], shouldBeSerializable = false)
                          }
                        }

                        HomeScreenKt::<anonymous>
                      })
                      $composer.endReplaceGroup()
                      tmp2_group
                    }, $composer = $composer, $changed = 0)
                    // }
                    sourceInformationMarkerEnd(composer = $composer)
                  }
                }

                HomeScreenKt::<anonymous>
              }, $composer = $composer, $changed = 54, $default = 4)
              Spacer(modifier = Companion.height(height = 25.<get-dp>()), $composer = $composer, $changed = 6)
              val combinedImages: List<String> = { // BLOCK
                val tmp0_remember$arg$0: List<BannerModel> = appVM.<get-bannerList>()
                { // BLOCK
                  $composer.startReplaceGroup(key = -733780996)
                  sourceInformation(composer = $composer, sourceInformation = "CC(remember):HomeScreen.kt#9igjgp")
                }
                val tmp1_group: List<String> = $composer.cache<List<String>>(invalid = $composer.changed(value = tmp0_remember$arg$0), block = { // BLOCK
                  local fun <anonymous>(): List<String> {
                    return appVM.<get-bannerList>().map<BannerModel, String>(transform = { // BLOCK
                      local fun <anonymous>(it: BannerModel): String {
                        return it.<get-bannerUrl>()
                      }

                      HomeScreenKt::<anonymous>
                    })
                  }

                  HomeScreenKt::<anonymous>
                })
                $composer.endReplaceGroup()
                tmp1_group
              }
              when {
                combinedImages.isNotEmpty<String>() -> { // BLOCK
                  { // BLOCK
                    $composer.startReplaceGroup(key = -1272170135)
                    sourceInformation(composer = $composer, sourceInformation = "1145@43438L42")
                  }
                  { // BLOCK
                    ModernImageSlider(images = combinedImages, $composer = $composer, $changed = 0)
                  }
                  $composer.endReplaceGroup()
                }
                else -> { // BLOCK
                  { // BLOCK
                    $composer.startReplaceGroup(key = -1272036091)
                    sourceInformation(composer = $composer, sourceInformation = "1148@43578L41")
                  }
                  { // BLOCK
                    Spacer(modifier = Companion.height(height = 15.<get-dp>()), $composer = $composer, $changed = 6)
                  }
                  $composer.endReplaceGroup()
                }
              }
              // }
              sourceInformationMarkerEnd(composer = $composer)
            }
          }

          HomeScreenKt::<anonymous>
        }, $composer = $composer, $changed = 390, $default = 2)
        when {
          isTraceInProgress() -> traceEventEnd()
        }
      }
      else -> $composer.skipToGroupEnd()
    }
    { // BLOCK
      { // BLOCK
        val tmp0_safe_receiver: ScopeUpdateScope? = $composer.endRestartGroup()
        when {
          EQEQ(arg0 = tmp0_safe_receiver, arg1 = null) -> null
          else -> tmp0_safe_receiver.updateScope(block = { // BLOCK
            local fun <anonymous>($composer: Composer?, $force: Int): Unit? {
              return QuickActionsMenu(navController = navController, appVM = appVM, $composer = $composer, $changed = updateChangedFlags(flags = $changed.or(other = 1)))
            }

            <jvm-indy-lambda-metafactory><Function2<Composer?, Int, Unit>>(samMethodType = &error("") /* ERROR: unsupported element type: IrRawFunctionReferenceImpl */
, implMethodReference = HomeScreenKt::<anonymous>, instantiatedMethodType = &error("") /* ERROR: unsupported element type: IrRawFunctionReferenceImpl */
, extraOverriddenMethodTypes = [], shouldBeSerializable = false)
          })
        }
      }
    }
  }

  @Composable
  @ComposableTarget(applier = "androidx.compose.ui.UiComposable")
  fun QuickActionButton(icon: ImageVector, label: String, onClick: Function0<Unit>, /* var */ $composer: Composer?, $changed: Int) {
    { // BLOCK
      $composer = $composer.startRestartGroup(key = 240535383)
      sourceInformation(composer = $composer, sourceInformation = "C(QuickActionButton)1154@43835L13,1154@43733L492:HomeScreen.kt#cxq2k")
    }
    val $dirty: Int = $changed
    when {
      EQEQ(arg0 = $changed.and(other = 6), arg1 = 0) -> $dirty = $dirty.or(other = when {
        $composer.changed(value = icon) -> 4
        else -> 2
      })
    }
    when {
      EQEQ(arg0 = $changed.and(other = 48), arg1 = 0) -> $dirty = $dirty.or(other = when {
        $composer.changed(value = label) -> 32
        else -> 16
      })
    }
    when {
      EQEQ(arg0 = $changed.and(other = 384), arg1 = 0) -> $dirty = $dirty.or(other = when {
        $composer.changedInstance(value = onClick) -> 256
        else -> 128
      })
    }
    when {
      when {
        EQEQ(arg0 = $dirty.and(other = 147), arg1 = 146).not() -> true
        else -> $composer.<get-skipping>().not()
      } -> { // BLOCK
        when {
          isTraceInProgress() -> traceEventStart(key = 240535383, dirty1 = $dirty, dirty2 = -1, info = "com.wnapp.trustmoney.ui.home.QuickActionButton (HomeScreen.kt:1153)")
        }
        { // BLOCK
          val tmp0_horizontalAlignment: Horizontal = Companion.<get-CenterHorizontally>()
          val tmp1_modifier: Modifier = Companion.width(width = 90.<get-dp>()).clickable(, onClick = { // BLOCK
            { // BLOCK
              $composer.startReplaceGroup(key = -1240556936)
              sourceInformation(composer = $composer, sourceInformation = "CC(remember):HomeScreen.kt#9igjgp")
            }
            val tmp0_group: Function0<Unit> = $composer.cache<Function0<Unit>>(invalid = EQEQ(arg0 = $dirty.and(other = 896), arg1 = 256), block = { // BLOCK
              local fun <anonymous>(): Function0<Unit> {
                return { // BLOCK
                  local fun <anonymous>(): Unit? {
                    onClick.invoke()
                  }

                  <jvm-indy-lambda-metafactory><Function0<Unit>>(samMethodType = &error("") /* ERROR: unsupported element type: IrRawFunctionReferenceImpl */
, implMethodReference = HomeScreenKt::<anonymous>, instantiatedMethodType = &error("") /* ERROR: unsupported element type: IrRawFunctionReferenceImpl */
, extraOverriddenMethodTypes = [], shouldBeSerializable = false)
                }
              }

              HomeScreenKt::<anonymous>
            })
            $composer.endReplaceGroup()
            tmp0_group
          })
          Column(modifier = tmp1_modifier, verticalArrangement = // COMPOSITE {
          null
          // }, horizontalAlignment = tmp0_horizontalAlignment, content = { // BLOCK
            @Composable
            @ComposableTarget(applier = "androidx.compose.ui.UiComposable")
            local fun ColumnScope.<anonymous>(/* var */ $composer: Composer?, $changed: Int) {
              { // BLOCK
                sourceInformationMarkerStart(composer = $composer, key = -1003461198, sourceInformation = "C1155@43963L95,1155@43860L198,1158@44067L40,1159@44116L103:HomeScreen.kt#cxq2k")
                // COMPOSITE {
                Surface(modifier = Companion.size(size = 60.<get-dp>()), shape = RoundedCornerShape(size = 15.<get-dp>()), color = Color(color = 4294309365L), contentColor = // COMPOSITE {
                <unsafe-coerce><Long, Color>(v = 0L)
                // }, tonalElevation = // COMPOSITE {
                <unsafe-coerce><Float, Dp>(v = 0.0F)
                // }, shadowElevation = // COMPOSITE {
                <unsafe-coerce><Float, Dp>(v = 0.0F)
                // }, border = // COMPOSITE {
                null
                // }, content = rememberComposableLambda(key = 705531944, tracked = true, block = { // BLOCK
                  local class <no name provided> : Function2<Composer, Int, Unit> {
                    constructor() /* primary */ {
                      super/*Any*/()
                      /* <init>() */

                    }

                    @Composable
                    @ComposableTarget(applier = "androidx.compose.ui.UiComposable")
                    override fun invoke(/* var */ $composer: Composer?, $changed: Int) {
                      sourceInformation(composer = $composer, sourceInformation = "C1156@43977L71:HomeScreen.kt#cxq2k")
                      when {
                        when {
                          EQEQ(arg0 = $changed.and(other = 3), arg1 = 2).not() -> true
                          else -> $composer.<get-skipping>().not()
                        } -> { // BLOCK
                          when {
                            isTraceInProgress() -> traceEventStart(key = 705531944, dirty1 = $changed, dirty2 = -1, info = "com.wnapp.trustmoney.ui.home.QuickActionButton.<anonymous>.<anonymous> (HomeScreen.kt:1156)")
                          }
                          { // BLOCK
                            val tmp0_tint: Color = <get-BrandGreen>()
                            val tmp1_modifier: Modifier = Companion.padding(all = 18.<get-dp>())
                            Icon(imageVector = icon, contentDescription = null, modifier = tmp1_modifier, tint = tmp0_tint, $composer = $composer, $changed = 432, $default = 0)
                          }
                          when {
                            isTraceInProgress() -> traceEventEnd()
                          }
                        }
                        else -> $composer.skipToGroupEnd()
                      }
                    }

                  }

                  <no name provided>()
                }, $composer = $composer, $changed = 54), $composer = $composer, $changed = 12583302, $default = 120)
                Spacer(modifier = Companion.height(height = 8.<get-dp>()), $composer = $composer, $changed = 6)
                { // BLOCK
                  val tmp0_fontSize: TextUnit = 11.<get-sp>()
                  val tmp1_color: Color = <get-TBL_Green_Dark>()
                  val tmp2_textAlign: TextAlign = Companion.<get-Center>()
                  val tmp3_lineHeight: TextUnit = 14.<get-sp>()
                  Text(text = label, modifier = // COMPOSITE {
                  null
                  // }, color = tmp1_color, fontSize = tmp0_fontSize, fontStyle = // COMPOSITE {
                  null
                  // }, fontWeight = // COMPOSITE {
                  null
                  // }, fontFamily = // COMPOSITE {
                  null
                  // }, letterSpacing = // COMPOSITE {
                  <unsafe-coerce><Long, TextUnit>(v = 0L)
                  // }, textDecoration = // COMPOSITE {
                  null
                  // }, textAlign = tmp2_textAlign, lineHeight = tmp3_lineHeight, overflow = // COMPOSITE {
                  <unsafe-coerce><Int, TextOverflow>(v = 0)
                  // }, softWrap = // COMPOSITE {
                  false
                  // }, maxLines = // COMPOSITE {
                  0
                  // }, minLines = // COMPOSITE {
                  0
                  // }, onTextLayout = // COMPOSITE {
                  null
                  // }, style = // COMPOSITE {
                  null
                  // }, $composer = $composer, $changed = 3072.or(other = 14.and(other = $dirty.shr(bitCount = 3))), $changed1 = 6, $default = 129522)
                }
                // }
                sourceInformationMarkerEnd(composer = $composer)
              }
            }

            HomeScreenKt::<anonymous>
          }, $composer = $composer, $changed = 384, $default = 2)
        }
        when {
          isTraceInProgress() -> traceEventEnd()
        }
      }
      else -> $composer.skipToGroupEnd()
    }
    { // BLOCK
      { // BLOCK
        val tmp1_safe_receiver: ScopeUpdateScope? = $composer.endRestartGroup()
        when {
          EQEQ(arg0 = tmp1_safe_receiver, arg1 = null) -> null
          else -> tmp1_safe_receiver.updateScope(block = { // BLOCK
            local fun <anonymous>($composer: Composer?, $force: Int): Unit? {
              return QuickActionButton(icon = icon, label = label, onClick = onClick, $composer = $composer, $changed = updateChangedFlags(flags = $changed.or(other = 1)))
            }

            <jvm-indy-lambda-metafactory><Function2<Composer?, Int, Unit>>(samMethodType = &error("") /* ERROR: unsupported element type: IrRawFunctionReferenceImpl */
, implMethodReference = HomeScreenKt::<anonymous>, instantiatedMethodType = &error("") /* ERROR: unsupported element type: IrRawFunctionReferenceImpl */
, extraOverriddenMethodTypes = [], shouldBeSerializable = false)
          })
        }
      }
    }
  }

  @Composable
  @ComposableTarget(applier = "androidx.compose.ui.UiComposable")
  fun DrawerMenuItem(icon: ImageVector, label: String, onClick: Function0<Unit>, /* var */ $composer: Composer?, $changed: Int) {
    { // BLOCK
      $composer = $composer.startRestartGroup(key = 891869313)
      sourceInformation(composer = $composer, sourceInformation = "C(DrawerMenuItem)1165@44358L22,1168@44450L39,1164@44320L232:HomeScreen.kt#cxq2k")
    }
    val $dirty: Int = $changed
    when {
      EQEQ(arg0 = $changed.and(other = 6), arg1 = 0) -> $dirty = $dirty.or(other = when {
        $composer.changed(value = icon) -> 4
        else -> 2
      })
    }
    when {
      EQEQ(arg0 = $changed.and(other = 48), arg1 = 0) -> $dirty = $dirty.or(other = when {
        $composer.changed(value = label) -> 32
        else -> 16
      })
    }
    when {
      EQEQ(arg0 = $changed.and(other = 384), arg1 = 0) -> $dirty = $dirty.or(other = when {
        $composer.changedInstance(value = onClick) -> 256
        else -> 128
      })
    }
    when {
      when {
        EQEQ(arg0 = $dirty.and(other = 147), arg1 = 146).not() -> true
        else -> $composer.<get-skipping>().not()
      } -> { // BLOCK
        when {
          isTraceInProgress() -> traceEventStart(key = 891869313, dirty1 = $dirty, dirty2 = -1, info = "com.wnapp.trustmoney.ui.home.DrawerMenuItem (HomeScreen.kt:1163)")
        }
        { // BLOCK
          val tmp0_modifier: Modifier = Companion.padding(horizontal = 12.<get-dp>())
          NavigationDrawerItem(label = rememberComposableLambda(key = 1768710076, tracked = true, block = { // BLOCK
            local class <no name provided> : Function2<Composer, Int, Unit> {
              constructor() /* primary */ {
                super/*Any*/()
                /* <init>() */

              }

              @Composable
              @ComposableTarget(applier = "androidx.compose.ui.UiComposable")
              override fun invoke(/* var */ $composer: Composer?, $changed: Int) {
                sourceInformation(composer = $composer, sourceInformation = "C1165@44360L18:HomeScreen.kt#cxq2k")
                when {
                  when {
                    EQEQ(arg0 = $changed.and(other = 3), arg1 = 2).not() -> true
                    else -> $composer.<get-skipping>().not()
                  } -> { // BLOCK
                    when {
                      isTraceInProgress() -> traceEventStart(key = 1768710076, dirty1 = $changed, dirty2 = -1, info = "com.wnapp.trustmoney.ui.home.DrawerMenuItem.<anonymous> (HomeScreen.kt:1165)")
                    }
                    Text(text = label, modifier = // COMPOSITE {
                    null
                    // }, color = // COMPOSITE {
                    <unsafe-coerce><Long, Color>(v = 0L)
                    // }, fontSize = // COMPOSITE {
                    <unsafe-coerce><Long, TextUnit>(v = 0L)
                    // }, fontStyle = // COMPOSITE {
                    null
                    // }, fontWeight = // COMPOSITE {
                    null
                    // }, fontFamily = // COMPOSITE {
                    null
                    // }, letterSpacing = // COMPOSITE {
                    <unsafe-coerce><Long, TextUnit>(v = 0L)
                    // }, textDecoration = // COMPOSITE {
                    null
                    // }, textAlign = // COMPOSITE {
                    null
                    // }, lineHeight = // COMPOSITE {
                    <unsafe-coerce><Long, TextUnit>(v = 0L)
                    // }, overflow = // COMPOSITE {
                    <unsafe-coerce><Int, TextOverflow>(v = 0)
                    // }, softWrap = // COMPOSITE {
                    false
                    // }, maxLines = // COMPOSITE {
                    0
                    // }, minLines = // COMPOSITE {
                    0
                    // }, onTextLayout = // COMPOSITE {
                    null
                    // }, style = // COMPOSITE {
                    null
                    // }, $composer = $composer, $changed = 0, $changed1 = 0, $default = 131070)
                    when {
                      isTraceInProgress() -> traceEventEnd()
                    }
                  }
                  else -> $composer.skipToGroupEnd()
                }
              }

            }

            <no name provided>()
          }, $composer = $composer, $changed = 54), selected = false, onClick = onClick, modifier = tmp0_modifier, icon = rememberComposableLambda(key = -1948618440, tracked = true, block = { // BLOCK
            local class <no name provided> : Function2<Composer, Int, Unit> {
              constructor() /* primary */ {
                super/*Any*/()
                /* <init>() */

              }

              @Composable
              @ComposableTarget(applier = "androidx.compose.ui.UiComposable")
              override fun invoke(/* var */ $composer: Composer?, $changed: Int) {
                sourceInformation(composer = $composer, sourceInformation = "C1168@44452L35:HomeScreen.kt#cxq2k")
                when {
                  when {
                    EQEQ(arg0 = $changed.and(other = 3), arg1 = 2).not() -> true
                    else -> $composer.<get-skipping>().not()
                  } -> { // BLOCK
                    when {
                      isTraceInProgress() -> traceEventStart(key = -1948618440, dirty1 = $changed, dirty2 = -1, info = "com.wnapp.trustmoney.ui.home.DrawerMenuItem.<anonymous> (HomeScreen.kt:1168)")
                    }
                    Icon(imageVector = icon, contentDescription = null, modifier = // COMPOSITE {
                    null
                    // }, tint = <get-BrandGreen>(), $composer = $composer, $changed = 48, $default = 4)
                    when {
                      isTraceInProgress() -> traceEventEnd()
                    }
                  }
                  else -> $composer.skipToGroupEnd()
                }
              }

            }

            <no name provided>()
          }, $composer = $composer, $changed = 54), badge = // COMPOSITE {
          null
          // }, shape = // COMPOSITE {
          null
          // }, colors = // COMPOSITE {
          null
          // }, interactionSource = // COMPOSITE {
          null
          // }, $composer = $composer, $changed = 27702.or(other = 896.and(other = $dirty)), $default = 480)
        }
        when {
          isTraceInProgress() -> traceEventEnd()
        }
      }
      else -> $composer.skipToGroupEnd()
    }
    { // BLOCK
      { // BLOCK
        val tmp0_safe_receiver: ScopeUpdateScope? = $composer.endRestartGroup()
        when {
          EQEQ(arg0 = tmp0_safe_receiver, arg1 = null) -> null
          else -> tmp0_safe_receiver.updateScope(block = { // BLOCK
            local fun <anonymous>($composer: Composer?, $force: Int): Unit? {
              return DrawerMenuItem(icon = icon, label = label, onClick = onClick, $composer = $composer, $changed = updateChangedFlags(flags = $changed.or(other = 1)))
            }

            <jvm-indy-lambda-metafactory><Function2<Composer?, Int, Unit>>(samMethodType = &error("") /* ERROR: unsupported element type: IrRawFunctionReferenceImpl */
, implMethodReference = HomeScreenKt::<anonymous>, instantiatedMethodType = &error("") /* ERROR: unsupported element type: IrRawFunctionReferenceImpl */
, extraOverriddenMethodTypes = [], shouldBeSerializable = false)
          })
        }
      }
    }
  }

  @OptIn(markerClass = [ExperimentalFoundationApi::class])
  @Composable
  @ComposableTarget(applier = "androidx.compose.ui.UiComposable")
  fun ModernImageSlider(images: List<Any>, /* var */ $composer: Composer?, $changed: Int) {
    { // BLOCK
      $composer = $composer.startRestartGroup(key = 2104435692)
      sourceInformation(composer = $composer, sourceInformation = "C(ModernImageSlider)1177@44705L15,1177@44674L47,1179@44727L1587:HomeScreen.kt#cxq2k")
    }
    val $dirty: Int = $changed
    when {
      EQEQ(arg0 = $changed.and(other = 6), arg1 = 0) -> $dirty = $dirty.or(other = when {
        $composer.changedInstance(value = images) -> 4
        else -> 2
      })
    }
    when {
      when {
        EQEQ(arg0 = $dirty.and(other = 3), arg1 = 2).not() -> true
        else -> $composer.<get-skipping>().not()
      } -> { // BLOCK
        when {
          isTraceInProgress() -> traceEventStart(key = 2104435692, dirty1 = $dirty, dirty2 = -1, info = "com.wnapp.trustmoney.ui.home.ModernImageSlider (HomeScreen.kt:1176)")
        }
        val pagerState: PagerState = rememberPagerState(initialPage = // COMPOSITE {
        0
        // }, initialPageOffsetFraction = // COMPOSITE {
        0.0F
        // }, pageCount = { // BLOCK
          { // BLOCK
            $composer.startReplaceGroup(key = 1140219682)
            sourceInformation(composer = $composer, sourceInformation = "CC(remember):HomeScreen.kt#9igjgp")
          }
          val tmp0_group: Function0<Int> = $composer.cache<Function0<Int>>(invalid = $composer.changedInstance(value = images), block = { // BLOCK
            local fun <anonymous>(): Function0<Int> {
              return { // BLOCK
                local fun <anonymous>(): Int {
                  return images.<get-size>()
                }

                <jvm-indy-lambda-metafactory><Function0<Int>>(samMethodType = &error("") /* ERROR: unsupported element type: IrRawFunctionReferenceImpl */
, implMethodReference = HomeScreenKt::<anonymous>, instantiatedMethodType = &error("") /* ERROR: unsupported element type: IrRawFunctionReferenceImpl */
, extraOverriddenMethodTypes = [], shouldBeSerializable = false)
              }
            }

            HomeScreenKt::<anonymous>
          })
          $composer.endReplaceGroup()
          tmp0_group
        }, $composer = $composer, $changed = 0, $default = 3)
        Column(modifier = Companion.fillMaxWidth().padding(all = 16.<get-dp>()), verticalArrangement = // COMPOSITE {
        null
        // }, horizontalAlignment = // COMPOSITE {
        null
        // }, content = { // BLOCK
          @Composable
          @ComposableTarget(applier = "androidx.compose.ui.UiComposable")
          local fun ColumnScope.<anonymous>(/* var */ $composer: Composer?, $changed: Int) {
            { // BLOCK
              sourceInformationMarkerStart(composer = $composer, key = 1446837878, sourceInformation = "C1190@45120L19,1191@45150L461,1185@44873L738,1205@45621L40,1208@45718L590:HomeScreen.kt#cxq2k")
              // COMPOSITE {
              Card(modifier = Companion.fillMaxWidth().aspectRatio(ratio = 3.0F), shape = RoundedCornerShape(size = 16.<get-dp>()), colors = // COMPOSITE {
              null
              // }, elevation = CardDefaults.cardElevation(defaultElevation = 4.<get-dp>(), pressedElevation = // COMPOSITE {
              <unsafe-coerce><Float, Dp>(v = 0.0F)
              // }, focusedElevation = // COMPOSITE {
              <unsafe-coerce><Float, Dp>(v = 0.0F)
              // }, hoveredElevation = // COMPOSITE {
              <unsafe-coerce><Float, Dp>(v = 0.0F)
              // }, draggedElevation = // COMPOSITE {
              <unsafe-coerce><Float, Dp>(v = 0.0F)
              // }, disabledElevation = // COMPOSITE {
              <unsafe-coerce><Float, Dp>(v = 0.0F)
              // }, $composer = $composer, $changed = 6.or(other = #$stable.shl(bitCount = 18)), $default = 62), border = // COMPOSITE {
              null
              // }, content = rememberComposableLambda(key = -1903781420, tracked = true, block = { // BLOCK
                local class <no name provided> : Function3<ColumnScope, Composer, Int, Unit> {
                  constructor() /* primary */ {
                    super/*Any*/()
                    /* <init>() */

                  }

                  @Composable
                  @ComposableTarget(applier = "androidx.compose.ui.UiComposable")
                  override fun invoke($this$Card: ColumnScope, /* var */ $composer: Composer?, $changed: Int) {
                    sourceInformation(composer = $composer, sourceInformation = "C1195@45281L320,1192@45164L437:HomeScreen.kt#cxq2k")
                    when {
                      when {
                        EQEQ(arg0 = $changed.and(other = 17), arg1 = 16).not() -> true
                        else -> $composer.<get-skipping>().not()
                      } -> { // BLOCK
                        when {
                          isTraceInProgress() -> traceEventStart(key = -1903781420, dirty1 = $changed, dirty2 = -1, info = "com.wnapp.trustmoney.ui.home.ModernImageSlider.<anonymous>.<anonymous> (HomeScreen.kt:1192)")
                        }
                        HorizontalPager(state = pagerState, modifier = Companion.fillMaxSize(), contentPadding = // COMPOSITE {
                        null
                        // }, beyondViewportPageCount = // COMPOSITE {
                        0
                        // }, flingBehavior = // COMPOSITE {
                        null
                        // }, userScrollEnabled = // COMPOSITE {
                        false
                        // }, gestureInclusion = // COMPOSITE {
                        null
                        // }, reverseLayout = // COMPOSITE {
                        false
                        // }, key = // COMPOSITE {
                        null
                        // }, rotaryScrollableBehavior = // COMPOSITE {
                        null
                        // }, content = rememberComposableLambda(key = 2117357785, tracked = true, block = { // BLOCK
                          local class <no name provided> : Function4<PagerScope, Int, Composer, Int, Unit> {
                            constructor() /* primary */ {
                              super/*Any*/()
                              /* <init>() */

                            }

                            @Composable
                            @ComposableTarget(applier = "androidx.compose.ui.UiComposable")
                            override fun invoke($this$HorizontalPager: PagerScope, page: Int, /* var */ $composer: Composer?, $changed: Int) {
                              sourceInformation(composer = $composer, sourceInformation = "C1196@45307L280:HomeScreen.kt#cxq2k")
                              // COMPOSITE {
                              when {
                                isTraceInProgress() -> traceEventStart(key = 2117357785, dirty1 = $changed, dirty2 = -1, info = "com.wnapp.trustmoney.ui.home.ModernImageSlider.<anonymous>.<anonymous>.<anonymous> (HomeScreen.kt:1196)")
                              }
                              AsyncImage(model = images.get(index = page), contentDescription = "Slider Image " + page, modifier = Companion.fillMaxSize(), transform = // COMPOSITE {
                              null
                              // }, onState = // COMPOSITE {
                              null
                              // }, alignment = // COMPOSITE {
                              null
                              // }, contentScale = Companion.<get-Crop>(), alpha = // COMPOSITE {
                              0.0F
                              // }, colorFilter = // COMPOSITE {
                              null
                              // }, filterQuality = // COMPOSITE {
                              <unsafe-coerce><Int, FilterQuality>(v = 0)
                              // }, clipToBounds = // COMPOSITE {
                              false
                              // }, modelEqualityDelegate = // COMPOSITE {
                              null
                              // }, $composer = $composer, $changed = 1573248, $changed1 = 0, $default = 4024)
                              when {
                                isTraceInProgress() -> traceEventEnd()
                              }
                              // }
                            }

                          }

                          <no name provided>()
                        }, $composer = $composer, $changed = 54), $composer = $composer, $changed = 48.or(other = #$stable), $changed1 = 6, $default = 1020)
                        when {
                          isTraceInProgress() -> traceEventEnd()
                        }
                      }
                      else -> $composer.skipToGroupEnd()
                    }
                  }

                }

                <no name provided>()
              }, $composer = $composer, $changed = 54), $composer = $composer, $changed = 196614, $default = 20)
              Spacer(modifier = Companion.height(height = 8.<get-dp>()), $composer = $composer, $changed = 6)
              Row(modifier = Companion.wrapContentHeight().fillMaxWidth(), horizontalArrangement = Arrangement.<get-Center>(), verticalAlignment = // COMPOSITE {
              null
              // }, content = { // BLOCK
                @Composable
                @ComposableTarget(applier = "androidx.compose.ui.UiComposable")
                local fun RowScope.<anonymous>(/* var */ $composer: Composer?, $changed: Int) {
                  { // BLOCK
                    sourceInformationMarkerStart(composer = $composer, key = -1560106211, sourceInformation = "C:HomeScreen.kt#cxq2k")
                    // COMPOSITE {
                    { // BLOCK
                      // COMPOSITE {
                      { // BLOCK
                        $composer.startReplaceGroup(key = 919505318)
                        sourceInformation(composer = $composer, sourceInformation = "*1216@46061L223")
                      }
                      // }
                      repeat(times = pagerState.<get-pageCount>(), action = { // BLOCK
                        local fun <anonymous>(iteration: Int) {
                          val color: Color = when {
                            EQEQ(arg0 = pagerState.<get-currentPage>(), arg1 = iteration) -> Color(color = 4278223686L)
                            else -> Companion.<get-LightGray>()
                          }
                          Box(modifier = Companion.padding(all = 2.<get-dp>()).clip(shape = <get-CircleShape>()).background(color = color).size(size = 8.<get-dp>()), $composer = $composer, $changed = 0)
                        }

                        HomeScreenKt::<anonymous>
                      })
                      // COMPOSITE {
                      $composer.endReplaceGroup()
                      // }
                    }
                    // }
                    sourceInformationMarkerEnd(composer = $composer)
                  }
                }

                HomeScreenKt::<anonymous>
              }, $composer = $composer, $changed = 54, $default = 4)
              // }
              sourceInformationMarkerEnd(composer = $composer)
            }
          }

          HomeScreenKt::<anonymous>
        }, $composer = $composer, $changed = 6, $default = 6)
        when {
          isTraceInProgress() -> traceEventEnd()
        }
      }
      else -> $composer.skipToGroupEnd()
    }
    { // BLOCK
      { // BLOCK
        val tmp1_safe_receiver: ScopeUpdateScope? = $composer.endRestartGroup()
        when {
          EQEQ(arg0 = tmp1_safe_receiver, arg1 = null) -> null
          else -> tmp1_safe_receiver.updateScope(block = { // BLOCK
            local fun <anonymous>($composer: Composer?, $force: Int): Unit? {
              return ModernImageSlider(images = images, $composer = $composer, $changed = updateChangedFlags(flags = $changed.or(other = 1)))
            }

            <jvm-indy-lambda-metafactory><Function2<Composer?, Int, Unit>>(samMethodType = &error("") /* ERROR: unsupported element type: IrRawFunctionReferenceImpl */
, implMethodReference = HomeScreenKt::<anonymous>, instantiatedMethodType = &error("") /* ERROR: unsupported element type: IrRawFunctionReferenceImpl */
, extraOverriddenMethodTypes = [], shouldBeSerializable = false)
          })
        }
      }
    }
  }

  @Composable
  @ComposableTarget(applier = "androidx.compose.ui.UiComposable")
  fun QRCodeDialog(qrData: String, onDismiss: Function0<Unit>, /* var */ $composer: Composer?, $changed: Int) {
    { // BLOCK
      $composer = $composer.startRestartGroup(key = 568271074)
      sourceInformation(composer = $composer, sourceInformation = "C(QRCodeDialog)P(1)1233@46453L1601:HomeScreen.kt#cxq2k")
    }
    val $dirty: Int = $changed
    when {
      EQEQ(arg0 = $changed.and(other = 48), arg1 = 0) -> $dirty = $dirty.or(other = when {
        $composer.changedInstance(value = onDismiss) -> 32
        else -> 16
      })
    }
    when {
      when {
        EQEQ(arg0 = $dirty.and(other = 17), arg1 = 16).not() -> true
        else -> $composer.<get-skipping>().not()
      } -> { // BLOCK
        when {
          isTraceInProgress() -> traceEventStart(key = 568271074, dirty1 = $dirty, dirty2 = -1, info = "com.wnapp.trustmoney.ui.home.QRCodeDialog (HomeScreen.kt:1232)")
        }
        Dialog(onDismissRequest = onDismiss, properties = // COMPOSITE {
        null
        // }, content = ComposableSingletons$HomeScreenKt.<get-lambda-10>(), $composer = $composer, $changed = 384.or(other = 14.and(other = $dirty.shr(bitCount = 3))), $default = 2)
        when {
          isTraceInProgress() -> traceEventEnd()
        }
      }
      else -> $composer.skipToGroupEnd()
    }
    { // BLOCK
      { // BLOCK
        val tmp0_safe_receiver: ScopeUpdateScope? = $composer.endRestartGroup()
        when {
          EQEQ(arg0 = tmp0_safe_receiver, arg1 = null) -> null
          else -> tmp0_safe_receiver.updateScope(block = { // BLOCK
            local fun <anonymous>($composer: Composer?, $force: Int): Unit? {
              return QRCodeDialog(qrData = qrData, onDismiss = onDismiss, $composer = $composer, $changed = updateChangedFlags(flags = $changed.or(other = 1)))
            }

            <jvm-indy-lambda-metafactory><Function2<Composer?, Int, Unit>>(samMethodType = &error("") /* ERROR: unsupported element type: IrRawFunctionReferenceImpl */
, implMethodReference = HomeScreenKt::<anonymous>, instantiatedMethodType = &error("") /* ERROR: unsupported element type: IrRawFunctionReferenceImpl */
, extraOverriddenMethodTypes = [], shouldBeSerializable = false)
          })
        }
      }
    }
  }

  fun openMapLocation(context: Context, latitude: Double, longitude: Double, label: String = "Location") {
    val uri: String = "geo:" + latitude + "," + longitude + "?q=" + latitude + "," + longitude + "(" + label + ")"
    val intent: Intent = Intent(p0 = "android.intent.action.VIEW", p1 = parse(p0 = uri))
    intent.setPackage(p0 = "com.google.android.apps.maps") /*~> Unit */
    try { // BLOCK
      context.startActivity(p0 = intent)
    }
    catch (e: Exception){ // BLOCK
      val untitledIntent: Intent = Intent(p0 = "android.intent.action.VIEW", p1 = parse(p0 = uri))
      context.startActivity(p0 = untitledIntent)
    }

  }

  @Preview(, showSystemUi = true, showBackground = true)
  @Composable
  @ComposableTarget(applier = "androidx.compose.ui.UiComposable")
  fun HomeScreenPreview(/* var */ $composer: Composer?, $changed: Int) {
    { // BLOCK
      $composer = $composer.startRestartGroup(key = -195475446)
      sourceInformation(composer = $composer, sourceInformation = "C(HomeScreenPreview)1303@49000L23,1304@49042L57,1304@49028L71:HomeScreen.kt#cxq2k")
    }
    when {
      when {
        EQEQ(arg0 = $changed, arg1 = 0).not() -> true
        else -> $composer.<get-skipping>().not()
      } -> { // BLOCK
        when {
          isTraceInProgress() -> traceEventStart(key = -195475446, dirty1 = $changed, dirty2 = -1, info = "com.wnapp.trustmoney.ui.home.HomeScreenPreview (HomeScreen.kt:1302)")
        }
        val navController: NavHostController = rememberNavController(navigators = arrayOfNulls<Navigator<out NavDestination>>(size = 0), $composer = $composer, $changed = 0)
        MaterialTheme(colorScheme = // COMPOSITE {
        null
        // }, shapes = // COMPOSITE {
        null
        // }, typography = // COMPOSITE {
        null
        // }, content = rememberComposableLambda(key = 759752158, tracked = true, block = { // BLOCK
          local class <no name provided> : Function2<Composer, Int, Unit> {
            constructor() /* primary */ {
              super/*Any*/()
              /* <init>() */

            }

            @Composable
            @ComposableTarget(applier = "androidx.compose.ui.UiComposable")
            override fun invoke(/* var */ $composer: Composer?, $changed: Int) {
              sourceInformation(composer = $composer, sourceInformation = "C1305@49052L41:HomeScreen.kt#cxq2k")
              when {
                when {
                  EQEQ(arg0 = $changed.and(other = 3), arg1 = 2).not() -> true
                  else -> $composer.<get-skipping>().not()
                } -> { // BLOCK
                  when {
                    isTraceInProgress() -> traceEventStart(key = 759752158, dirty1 = $changed, dirty2 = -1, info = "com.wnapp.trustmoney.ui.home.HomeScreenPreview.<anonymous> (HomeScreen.kt:1305)")
                  }
                  HomeScreen(navController = navController, $composer = $composer, $changed = 0)
                  when {
                    isTraceInProgress() -> traceEventEnd()
                  }
                }
                else -> $composer.skipToGroupEnd()
              }
            }

          }

          <no name provided>()
        }, $composer = $composer, $changed = 54), $composer = $composer, $changed = 3072, $default = 7)
        when {
          isTraceInProgress() -> traceEventEnd()
        }
      }
      else -> $composer.skipToGroupEnd()
    }
    { // BLOCK
      { // BLOCK
        val tmp0_safe_receiver: ScopeUpdateScope? = $composer.endRestartGroup()
        when {
          EQEQ(arg0 = tmp0_safe_receiver, arg1 = null) -> null
          else -> tmp0_safe_receiver.updateScope(block = { // BLOCK
            local fun <anonymous>($composer: Composer?, $force: Int): Unit? {
              return HomeScreenPreview($composer = $composer, $changed = updateChangedFlags(flags = $changed.or(other = 1)))
            }

            <jvm-indy-lambda-metafactory><Function2<Composer?, Int, Unit>>(samMethodType = &error("") /* ERROR: unsupported element type: IrRawFunctionReferenceImpl */
, implMethodReference = HomeScreenKt::<anonymous>, instantiatedMethodType = &error("") /* ERROR: unsupported element type: IrRawFunctionReferenceImpl */
, extraOverriddenMethodTypes = [], shouldBeSerializable = false)
          })
        }
      }
    }
  }

}

`
Details: Internal error in body lowering: java.lang.NullPointerException: Cannot invoke "Object.equals(Object)" because "first" is null
	at kotlin.jvm.internal.Intrinsics.areEqual(Intrinsics.java:169)
	at org.jetbrains.kotlin.backend.common.lower.Transformer.visitCall(RangeContainsLowering.kt:79)
	at org.jetbrains.kotlin.ir.visitors.IrElementTransformerVoid.visitCall(IrElementTransformerVoid.kt:299)
	at org.jetbrains.kotlin.ir.visitors.IrElementTransformerVoid.visitCall(IrElementTransformerVoid.kt:19)
	at org.jetbrains.kotlin.ir.expressions.IrCall.accept(IrCall.kt:24)
	at org.jetbrains.kotlin.ir.expressions.IrExpression.transform(IrExpression.kt:24)
	at org.jetbrains.kotlin.ir.expressions.IrBranch.transformChildren(IrBranch.kt:37)
	at org.jetbrains.kotlin.ir.visitors.IrElementTransformerVoid.visitElseBranch(IrElementTransformerVoid.kt:556)
	at org.jetbrains.kotlin.ir.visitors.IrElementTransformerVoid.visitElseBranch(IrElementTransformerVoid.kt:561)
	at org.jetbrains.kotlin.ir.visitors.IrElementTransformerVoid.visitElseBranch(IrElementTransformerVoid.kt:19)
	at org.jetbrains.kotlin.ir.expressions.IrElseBranch.accept(IrElseBranch.kt:19)
	at org.jetbrains.kotlin.ir.expressions.IrElseBranch.transform(IrElseBranch.kt:22)
	at org.jetbrains.kotlin.ir.expressions.IrElseBranch.transform(IrElseBranch.kt:17)
	at org.jetbrains.kotlin.ir.util.TransformKt.transformInPlace(transform.kt:35)
	at org.jetbrains.kotlin.ir.expressions.IrWhen.transformChildren(IrWhen.kt:31)
	at org.jetbrains.kotlin.ir.visitors.IrElementTransformerVoid.visitExpression(IrElementTransformerVoid.kt:166)
	at org.jetbrains.kotlin.ir.visitors.IrElementTransformerVoid.visitWhen(IrElementTransformerVoid.kt:542)
	at org.jetbrains.kotlin.ir.visitors.IrElementTransformerVoid.visitWhen(IrElementTransformerVoid.kt:545)
	at org.jetbrains.kotlin.ir.visitors.IrElementTransformerVoid.visitWhen(IrElementTransformerVoid.kt:19)
	at org.jetbrains.kotlin.ir.expressions.IrWhen.accept(IrWhen.kt:24)
	at org.jetbrains.kotlin.ir.expressions.IrExpression.transform(IrExpression.kt:24)
	at org.jetbrains.kotlin.ir.expressions.IrBranch.transformChildren(IrBranch.kt:36)
	at org.jetbrains.kotlin.ir.visitors.IrElementTransformerVoid.visitBranch(IrElementTransformerVoid.kt:548)
	at org.jetbrains.kotlin.ir.visitors.IrElementTransformerVoid.visitBranch(IrElementTransformerVoid.kt:553)
	at org.jetbrains.kotlin.ir.visitors.IrElementTransformerVoid.visitBranch(IrElementTransformerVoid.kt:19)
	at org.jetbrains.kotlin.ir.expressions.IrBranch.accept(IrBranch.kt:25)
	at org.jetbrains.kotlin.ir.expressions.IrBranch.transform(IrBranch.kt:28)
	at org.jetbrains.kotlin.ir.expressions.IrBranch.transform(IrBranch.kt:19)
	at org.jetbrains.kotlin.ir.util.TransformKt.transformInPlace(transform.kt:35)
	at org.jetbrains.kotlin.ir.expressions.IrWhen.transformChildren(IrWhen.kt:31)
	at org.jetbrains.kotlin.ir.visitors.IrElementTransformerVoid.visitExpression(IrElementTransformerVoid.kt:166)
	at org.jetbrains.kotlin.ir.visitors.IrElementTransformerVoid.visitWhen(IrElementTransformerVoid.kt:542)
	at org.jetbrains.kotlin.ir.visitors.IrElementTransformerVoid.visitWhen(IrElementTransformerVoid.kt:545)
	at org.jetbrains.kotlin.ir.visitors.IrElementTransformerVoid.visitWhen(IrElementTransformerVoid.kt:19)
	at org.jetbrains.kotlin.ir.expressions.IrWhen.accept(IrWhen.kt:24)
	at org.jetbrains.kotlin.ir.expressions.IrExpression.transform(IrExpression.kt:24)
	at org.jetbrains.kotlin.ir.expressions.IrExpression.transform(IrExpression.kt:20)
	at org.jetbrains.kotlin.ir.util.TransformKt.transformInPlace(transform.kt:35)
	at org.jetbrains.kotlin.ir.expressions.IrBlockBody.transformChildren(IrBlockBody.kt:27)
	at org.jetbrains.kotlin.ir.visitors.IrElementTransformerVoid.visitBody(IrElementTransformerVoid.kt:174)
	at org.jetbrains.kotlin.ir.visitors.IrElementTransformerVoid.visitBlockBody(IrElementTransformerVoid.kt:188)
	at org.jetbrains.kotlin.ir.visitors.IrElementTransformerVoid.visitBlockBody(IrElementTransformerVoid.kt:191)
	at org.jetbrains.kotlin.ir.visitors.IrElementTransformerVoid.visitBlockBody(IrElementTransformerVoid.kt:19)
	at org.jetbrains.kotlin.ir.expressions.IrBlockBody.accept(IrBlockBody.kt:20)
	at org.jetbrains.kotlin.ir.expressions.IrBody.transform(IrBody.kt:20)
	at org.jetbrains.kotlin.ir.declarations.IrFunction.transformChildren(IrFunction.kt:58)
	at org.jetbrains.kotlin.ir.visitors.IrElementTransformerVoid.visitDeclaration(IrElementTransformerVoid.kt:40)
	at org.jetbrains.kotlin.ir.visitors.IrElementTransformerVoid.visitFunction(IrElementTransformerVoid.kt:72)
	at org.jetbrains.kotlin.backend.common.IrElementTransformerVoidWithContext.visitFunctionNew(IrElementTransformerVoidWithContext.kt:130)
	at org.jetbrains.kotlin.backend.common.IrElementTransformerVoidWithContext.visitFunction(IrElementTransformerVoidWithContext.kt:83)
	at org.jetbrains.kotlin.ir.visitors.IrElementTransformerVoid.visitSimpleFunction(IrElementTransformerVoid.kt:128)
	at org.jetbrains.kotlin.ir.visitors.IrElementTransformerVoid.visitSimpleFunction(IrElementTransformerVoid.kt:131)
	at org.jetbrains.kotlin.ir.visitors.IrElementTransformerVoid.visitSimpleFunction(IrElementTransformerVoid.kt:19)
	at org.jetbrains.kotlin.ir.declarations.IrSimpleFunction.accept(IrSimpleFunction.kt:39)
	at org.jetbrains.kotlin.ir.IrElementBase.transform(IrElementBase.kt:33)
	at org.jetbrains.kotlin.ir.util.TransformKt.transformInPlace(transform.kt:35)
	at org.jetbrains.kotlin.ir.declarations.IrClass.transformChildren(IrClass.kt:82)
	at org.jetbrains.kotlin.ir.visitors.IrElementTransformerVoid.visitDeclaration(IrElementTransformerVoid.kt:40)
	at org.jetbrains.kotlin.ir.visitors.IrElementTransformerVoid.visitClass(IrElementTransformerVoid.kt:54)
	at org.jetbrains.kotlin.backend.common.IrElementTransformerVoidWithContext.visitClassNew(IrElementTransformerVoidWithContext.kt:126)
	at org.jetbrains.kotlin.backend.common.IrElementTransformerVoidWithContext.visitClass(IrElementTransformerVoidWithContext.kt:62)
	at org.jetbrains.kotlin.ir.visitors.IrElementTransformerVoid.visitClass(IrElementTransformerVoid.kt:57)
	at org.jetbrains.kotlin.ir.visitors.IrElementTransformerVoid.visitClass(IrElementTransformerVoid.kt:19)
	at org.jetbrains.kotlin.ir.declarations.IrClass.accept(IrClass.kt:72)
	at org.jetbrains.kotlin.ir.IrElementBase.transform(IrElementBase.kt:33)
	at org.jetbrains.kotlin.ir.util.TransformKt.transformInPlace(transform.kt:35)
	at org.jetbrains.kotlin.ir.expressions.IrContainerExpression.transformChildren(IrContainerExpression.kt:26)
	at org.jetbrains.kotlin.ir.visitors.IrElementTransformerVoid.visitExpression(IrElementTransformerVoid.kt:166)
	at org.jetbrains.kotlin.ir.visitors.IrElementTransformerVoid.visitContainerExpression(IrElementTransformerVoid.kt:242)
	at org.jetbrains.kotlin.ir.visitors.IrElementTransformerVoid.visitBlock(IrElementTransformerVoid.kt:248)
	at org.jetbrains.kotlin.ir.visitors.IrElementTransformerVoid.visitBlock(IrElementTransformerVoid.kt:251)
	at org.jetbrains.kotlin.ir.visitors.IrElementTransformerVoid.visitBlock(IrElementTransformerVoid.kt:19)
	at org.jetbrains.kotlin.ir.expressions.IrBlock.accept(IrBlock.kt:18)
	at org.jetbrains.kotlin.ir.expressions.IrExpression.transform(IrExpression.kt:24)
	at org.jetbrains.kotlin.ir.expressions.IrExpression.transform(IrExpression.kt:20)
	at org.jetbrains.kotlin.ir.util.TransformKt.transformInPlace(transform.kt:45)
	at org.jetbrains.kotlin.ir.expressions.IrMemberAccessExpression.transformChildren(IrMemberAccessExpression.kt:68)
	at org.jetbrains.kotlin.ir.visitors.IrElementTransformerVoid.visitExpression(IrElementTransformerVoid.kt:166)
	at org.jetbrains.kotlin.ir.visitors.IrElementTransformerVoid.visitDeclarationReference(IrElementTransformerVoid.kt:194)
	at org.jetbrains.kotlin.ir.visitors.IrElementTransformerVoid.visitMemberAccess(IrElementTransformerVoid.kt:200)
	at org.jetbrains.kotlin.ir.visitors.IrElementTransformerVoid.visitFunctionAccess(IrElementTransformerVoid.kt:206)
	at org.jetbrains.kotlin.ir.visitors.IrElementTransformerVoid.visitCall(IrElementTransformerVoid.kt:296)
	at org.jetbrains.kotlin.backend.common.lower.Transformer.visitCall(RangeContainsLowering.kt:80)
	at org.jetbrains.kotlin.ir.visitors.IrElementTransformerVoid.visitCall(IrElementTransformerVoid.kt:299)
	at org.jetbrains.kotlin.ir.visitors.IrElementTransformerVoid.visitCall(IrElementTransformerVoid.kt:19)
	at org.jetbrains.kotlin.ir.expressions.IrCall.accept(IrCall.kt:24)
	at org.jetbrains.kotlin.ir.expressions.IrExpression.transform(IrExpression.kt:24)
	at org.jetbrains.kotlin.ir.expressions.IrExpression.transform(IrExpression.kt:20)
	at org.jetbrains.kotlin.ir.util.TransformKt.transformInPlace(transform.kt:45)
	at org.jetbrains.kotlin.ir.expressions.IrMemberAccessExpression.transformChildren(IrMemberAccessExpression.kt:68)
	at org.jetbrains.kotlin.ir.visitors.IrElementTransformerVoid.visitExpression(IrElementTransformerVoid.kt:166)
	at org.jetbrains.kotlin.ir.visitors.IrElementTransformerVoid.visitDeclarationReference(IrElementTransformerVoid.kt:194)
	at org.jetbrains.kotlin.ir.visitors.IrElementTransformerVoid.visitMemberAccess(IrElementTransformerVoid.kt:200)
	at org.jetbrains.kotlin.ir.visitors.IrElementTransformerVoid.visitFunctionAccess(IrElementTransformerVoid.kt:206)
	at org.jetbrains.kotlin.ir.visitors.IrElementTransformerVoid.visitCall(IrElementTransformerVoid.kt:296)
	at org.jetbrains.kotlin.backend.common.lower.Transformer.visitCall(RangeContainsLowering.kt:80)
	at org.jetbrains.kotlin.ir.visitors.IrElementTransformerVoid.visitCall(IrElementTransformerVoid.kt:299)
	at org.jetbrains.kotlin.ir.visitors.IrElementTransformerVoid.visitCall(IrElementTransformerVoid.kt:19)
	at org.jetbrains.kotlin.ir.expressions.IrCall.accept(IrCall.kt:24)
	at org.jetbrains.kotlin.ir.expressions.IrExpression.transform(IrExpression.kt:24)
	at org.jetbrains.kotlin.ir.expressions.IrExpression.transform(IrExpression.kt:20)
	at org.jetbrains.kotlin.ir.util.TransformKt.transformInPlace(transform.kt:35)
	at org.jetbrains.kotlin.ir.expressions.IrContainerExpression.transformChildren(IrContainerExpression.kt:26)
	at org.jetbrains.kotlin.ir.visitors.IrElementTransformerVoid.visitExpression(IrElementTransformerVoid.kt:166)
	at org.jetbrains.kotlin.ir.visitors.IrElementTransformerVoid.visitContainerExpression(IrElementTransformerVoid.kt:242)
	at org.jetbrains.kotlin.ir.visitors.IrElementTransformerVoid.visitBlock(IrElementTransformerVoid.kt:248)
	at org.jetbrains.kotlin.ir.visitors.IrElementTransformerVoid.visitBlock(IrElementTransformerVoid.kt:251)
	at org.jetbrains.kotlin.ir.visitors.IrElementTransformerVoid.visitBlock(IrElementTransformerVoid.kt:19)
	at org.jetbrains.kotlin.ir.expressions.IrBlock.accept(IrBlock.kt:18)
	at org.jetbrains.kotlin.ir.expressions.IrExpression.transform(IrExpression.kt:24)
	at org.jetbrains.kotlin.ir.expressions.IrBranch.transformChildren(IrBranch.kt:37)
	at org.jetbrains.kotlin.ir.visitors.IrElementTransformerVoid.visitBranch(IrElementTransformerVoid.kt:548)
	at org.jetbrains.kotlin.ir.visitors.IrElementTransformerVoid.visitBranch(IrElementTransformerVoid.kt:553)
	at org.jetbrains.kotlin.ir.visitors.IrElementTransformerVoid.visitBranch(IrElementTransformerVoid.kt:19)
	at org.jetbrains.kotlin.ir.expressions.IrBranch.accept(IrBranch.kt:25)
	at org.jetbrains.kotlin.ir.expressions.IrBranch.transform(IrBranch.kt:28)
	at org.jetbrains.kotlin.ir.expressions.IrBranch.transform(IrBranch.kt:19)
	at org.jetbrains.kotlin.ir.util.TransformKt.transformInPlace(transform.kt:35)
	at org.jetbrains.kotlin.ir.expressions.IrWhen.transformChildren(IrWhen.kt:31)
	at org.jetbrains.kotlin.ir.visitors.IrElementTransformerVoid.visitExpression(IrElementTransformerVoid.kt:166)
	at org.jetbrains.kotlin.ir.visitors.IrElementTransformerVoid.visitWhen(IrElementTransformerVoid.kt:542)
	at org.jetbrains.kotlin.ir.visitors.IrElementTransformerVoid.visitWhen(IrElementTransformerVoid.kt:545)
	at org.jetbrains.kotlin.ir.visitors.IrElementTransformerVoid.visitWhen(IrElementTransformerVoid.kt:19)
	at org.jetbrains.kotlin.ir.expressions.IrWhen.accept(IrWhen.kt:24)
	at org.jetbrains.kotlin.ir.expressions.IrExpression.transform(IrExpression.kt:24)
	at org.jetbrains.kotlin.ir.expressions.IrExpression.transform(IrExpression.kt:20)
	at org.jetbrains.kotlin.ir.util.TransformKt.transformInPlace(transform.kt:35)
	at org.jetbrains.kotlin.ir.expressions.IrBlockBody.transformChildren(IrBlockBody.kt:27)
	at org.jetbrains.kotlin.ir.visitors.IrElementTransformerVoidKt.transformChildrenVoid(IrElementTransformerVoid.kt:565)
	at org.jetbrains.kotlin.backend.common.lower.RangeContainsLowering.lower(RangeContainsLowering.kt:49)
	at org.jetbrains.kotlin.backend.common.BodyLoweringVisitor.visitBody$lambda$2(Lower.kt:187)
	at org.jetbrains.kotlin.ir.declarations.StageController.restrictTo(PersistentApi.kt:11)
	at org.jetbrains.kotlin.backend.common.BodyLoweringVisitor.visitBody(Lower.kt:186)
	at org.jetbrains.kotlin.backend.common.BodyLoweringVisitor.visitBody(Lower.kt:165)
	at org.jetbrains.kotlin.ir.visitors.IrElementVisitor$DefaultImpls.visitBlockBody(IrElementVisitor.kt:92)
	at org.jetbrains.kotlin.backend.common.BodyLoweringVisitor.visitBlockBody(Lower.kt:165)
	at org.jetbrains.kotlin.backend.common.BodyLoweringVisitor.visitBlockBody(Lower.kt:165)
	at org.jetbrains.kotlin.ir.expressions.IrBlockBody.accept(IrBlockBody.kt:20)
	at org.jetbrains.kotlin.ir.declarations.IrFunction.acceptChildren(IrFunction.kt:50)
	at org.jetbrains.kotlin.backend.common.BodyLoweringVisitor.visitDeclaration(Lower.kt:174)
	at org.jetbrains.kotlin.backend.common.BodyLoweringVisitor.visitDeclaration(Lower.kt:165)
	at org.jetbrains.kotlin.ir.visitors.IrElementVisitor$DefaultImpls.visitFunction(IrElementVisitor.kt:38)
	at org.jetbrains.kotlin.backend.common.BodyLoweringVisitor.visitFunction(Lower.kt:165)
	at org.jetbrains.kotlin.backend.common.BodyLoweringVisitor.visitFunction(Lower.kt:165)
	at org.jetbrains.kotlin.ir.visitors.IrElementVisitor$DefaultImpls.visitSimpleFunction(IrElementVisitor.kt:65)
	at org.jetbrains.kotlin.backend.common.BodyLoweringVisitor.visitSimpleFunction(Lower.kt:165)
	at org.jetbrains.kotlin.backend.common.BodyLoweringVisitor.visitSimpleFunction(Lower.kt:165)
	at org.jetbrains.kotlin.ir.declarations.IrSimpleFunction.accept(IrSimpleFunction.kt:39)
	at org.jetbrains.kotlin.backend.common.BodyLoweringVisitor.visitClass(Lower.kt:180)
	at org.jetbrains.kotlin.backend.common.BodyLoweringVisitor.visitClass(Lower.kt:165)
	at org.jetbrains.kotlin.ir.declarations.IrClass.accept(IrClass.kt:72)
	at org.jetbrains.kotlin.backend.common.LowerKt.runOnFilePostfix(Lower.kt:144)
	at org.jetbrains.kotlin.backend.common.LowerKt.runOnFilePostfix$default(Lower.kt:137)
	at org.jetbrains.kotlin.backend.common.BodyLoweringPass.lower(Lower.kt:76)
	at org.jetbrains.kotlin.backend.common.phaser.PhaseFactoriesKt.createFilePhase$lambda$4(PhaseFactories.kt:71)
	at org.jetbrains.kotlin.backend.common.phaser.PhaseBuildersKt$createSimpleNamedCompilerPhase$1.phaseBody(PhaseBuilders.kt:69)
	at org.jetbrains.kotlin.backend.common.phaser.SimpleNamedCompilerPhase.phaseBody(CompilerPhase.kt:226)
	at org.jetbrains.kotlin.backend.common.phaser.AbstractNamedCompilerPhase.invoke(CompilerPhase.kt:113)
	at org.jetbrains.kotlin.backend.common.phaser.PerformByIrFilePhase.invokeSequential(performByIrFile.kt:62)
	... 44 more
Caused by: java.lang.NullPointerException: Cannot invoke "Object.equals(Object)" because "first" is null
	... 203 more


